y prediction,y actual
5.380062,6.6
5.444788,4.8
5.400589,5.0
5.4712167,6.1
5.442088,6.1
5.4020443,6.2
6.9814944,5.7
5.419745,3.5
5.38252,6.1
5.393391,6.1
5.365956,5.7
5.3943267,4.8
5.391127,6.2
5.370372,6.6
5.3780212,4.0
5.310705,6.2
5.373834,6.0
6.9694986,6.8
5.3976007,4.8
5.3323097,5.0
5.384039,3.5
5.4735055,6.2
5.417123,5.0
5.4346232,3.5
5.4139576,6.6
5.3961363,6.6
6.945584,9.0
5.388266,6.1
5.4297857,6.0
5.3630605,6.5
5.2945867,4.0
5.2270117,5.0
5.413466,3.5
5.430185,5.7
5.3145537,6.1
5.4036365,5.7
6.980175,6.5
5.371395,5.8
5.450699,4.0
5.3357162,6.2
5.4517064,5.0
5.4482417,6.2
5.3631835,3.5
5.3832197,5.7
5.39896,6.2
5.3270297,4.8
6.9084435,6.2
6.9060535,5.8
5.3400946,5.7
5.3845453,4.8
5.4125886,3.5
6.864656,8.2
5.3792877,3.5
5.414517,6.0
5.410722,6.5
5.3549047,3.5
5.4053955,6.6
5.45291,4.5
5.354249,6.6
6.9565725,9.0
5.420201,5.0
5.4084554,6.1
5.3927164,4.8
5.3450346,6.2
5.3481445,6.1
5.420027,6.2
5.392897,4.0
5.395408,5.0
5.4010487,3.5
5.382647,4.8
6.9455967,6.6
5.3760033,5.0
5.3939614,6.2
5.369496,6.6
5.3883843,3.5
5.356634,6.0
5.398057,5.8
5.4350524,6.2
5.4155827,5.7
5.382384,3.5
5.3882937,6.0
5.3901463,6.2
5.34447,6.6
5.44599,5.7
5.3966246,4.0
5.399905,4.8
5.405976,5.0
5.3895926,4.8
5.340503,6.1
6.933077,7.0
5.442393,6.0
5.425314,3.5
5.40865,3.5
5.4003696,4.0
5.4167624,6.1
5.371896,4.5
5.4360127,4.0
5.380385,6.6
5.4458613,6.0
5.366314,4.5
5.418155,5.7
5.422485,6.6
5.310874,5.8
5.370828,4.0
5.3687,4.8
7.0969563,7.5
5.3792024,4.0
6.941947,9.0
5.3542304,6.0
5.3971562,6.5
5.46132,5.8
5.3816023,3.5
5.3130665,5.8
5.402212,4.0
5.3101373,5.7
5.3978987,5.8
5.415852,6.5
5.4503407,4.8
6.9773636,5.8
5.4001503,6.1
5.3806257,5.8
5.4990377,6.2
5.2997026,4.8
5.3799872,6.1
5.4127445,5.7
5.3544674,4.5
5.4518495,6.6
5.398681,6.5
6.9252143,6.0
5.419941,6.5
5.388344,5.7
5.4304547,6.1
5.2783127,6.6
5.3495636,5.0
5.3948793,4.8
5.408104,6.6
5.396366,6.0
5.3672175,5.7
5.470283,4.0
5.431729,3.5
5.378425,4.0
5.381637,4.0
5.4606743,6.5
5.4197297,5.0
5.4325686,6.2
5.413196,6.5
5.400246,6.2
5.354279,6.0
5.3948016,6.2
5.3615284,4.5
5.382324,6.5
5.430207,6.1
5.410476,5.0
5.4881153,5.8
5.4752374,6.1
5.3970146,4.0
5.3686185,5.0
5.41937,5.0
5.4582834,6.2
5.37295,4.0
5.3960385,5.7
5.390784,5.8
5.590384,6.1
5.3427496,5.7
5.4257755,3.5
5.398096,4.8
6.885228,6.6
5.4035363,6.5
6.897344,8.8
5.4368453,6.6
5.4165707,5.8
5.4029145,5.8
5.365702,4.8
5.35426,3.5
5.4431047,4.5
5.287295,6.1
5.3553753,6.0
5.370896,6.5
5.354841,6.1
5.4044433,6.6
5.41467,6.6
5.392227,5.7
5.4836507,5.8
5.376629,5.7
5.388082,5.7
5.403401,6.2
5.319396,5.0
5.360621,6.1
5.3881006,4.0
5.395321,6.1
5.4080715,5.8
5.407812,3.5
5.4026427,6.2
5.4164357,4.8
7.057718,5.7
5.4098926,6.0
5.4171505,6.5
5.512508,6.6
5.3987393,5.8
5.3769236,5.8
5.3770194,6.2
5.4162054,4.5
5.371597,6.0
5.36707,5.0
5.3980618,4.0
5.3887944,5.7
5.385902,4.0
5.3710217,6.2
5.4068646,5.7
5.3606486,6.2
5.516626,5.7
5.3934274,4.5
5.425066,4.5
6.9643397,8.8
5.412465,6.2
5.4119773,6.1
5.435646,4.0
5.3856845,6.5
5.399026,5.8
5.415061,6.2
5.3998275,6.6
5.4329305,3.5
5.3743196,6.5
5.420418,6.0
6.9679604,6.8
5.434123,4.5
5.4465036,6.2
5.4018574,4.5
5.3559327,6.1
5.3349643,3.5
6.7952294,8.2
5.4176044,6.5
5.3623023,6.2
5.4411592,4.8
5.4449954,6.1
5.337346,4.0
5.4388776,6.5
5.391633,4.0
5.4570427,4.5
5.475819,6.5
5.327731,6.6
5.3744974,4.5
5.333249,6.0
5.3807206,6.2
5.3647137,6.2
6.959414,6.8
5.4464216,4.0
5.374115,3.5
5.3677936,4.8
5.3103886,5.8
5.365585,5.8
5.4064565,6.1
5.4178195,6.6
5.3824906,4.8
5.4299755,6.1
5.41388,5.7
5.376189,5.0
5.421864,6.5
5.4195986,5.8
5.454099,4.5
5.387489,6.1
5.4138236,3.5
5.420336,5.7
5.3643894,5.0
6.9576225,5.7
5.4093175,6.0
7.0405173,7.5
5.4213276,3.5
5.4384513,6.6
5.4525256,6.0
7.022514,7.5
5.395195,6.0
6.9028754,8.8
5.3580265,5.7
5.4039383,4.8
5.3476033,5.7
5.426203,6.5
5.4214425,3.5
5.3774157,5.0
5.3889766,3.5
7.0457897,6.0
5.434579,6.0
5.309006,6.2
5.377055,4.0
5.491326,6.1
5.420027,6.0
5.4126554,5.7
5.4411874,6.1
5.3695354,4.8
5.4290075,6.6
5.392404,6.2
5.41764,4.5
5.4080853,6.5
5.4358582,6.6
5.3709598,4.8
5.411604,6.6
5.4545045,4.5
5.3980327,6.0
5.4162054,5.8
5.416645,6.5
5.3847694,5.0
5.3797617,5.8
5.427931,6.0
5.3992414,5.8
5.345874,4.5
5.4915133,6.6
5.468808,6.6
5.386079,4.5
5.4124746,6.5
5.3033633,6.2
5.3874874,4.5
5.3970194,5.8
5.395321,6.2
5.428424,3.5
6.9507885,5.7
5.4213614,6.1
5.434122,4.0
5.4733243,6.1
5.464627,4.5
5.3730702,6.0
5.382284,6.6
6.9377985,8.8
6.9522924,6.5
5.4104123,3.5
5.3658805,6.2
5.4301167,3.5
5.3918962,4.5
5.3941083,5.8
5.3888326,4.8
5.391501,3.5
5.3547916,3.5
5.360538,6.0
5.4123096,3.5
5.4148703,4.0
5.493123,6.2
5.426915,5.7
5.386004,6.2
5.474627,6.1
5.393087,6.5
5.3558164,5.7
5.3724556,4.0
5.3625135,4.0
6.9941645,6.0
5.3884315,3.5
5.3998337,5.0
5.3696823,4.5
5.490019,6.5
5.3397393,5.8
5.4066043,5.8
5.4607778,6.5
5.3714685,5.0
5.368255,5.7
5.4393544,4.0
5.3685746,4.8
6.9488516,9.0
5.436177,6.0
5.380154,5.7
5.413065,4.5
5.2475395,6.2
5.3978987,4.8
5.4059806,6.0
5.4191446,5.8
5.3861985,6.1
5.399044,6.2
5.3803434,6.0
5.401181,6.6
5.491576,4.8
6.976824,5.8
5.388905,6.5
5.485442,6.6
5.382713,5.8
5.391493,4.8
5.396495,3.5
5.392036,6.5
5.395895,6.6
5.435849,5.0
5.3996787,6.1
5.4132676,6.6
5.342929,4.5
5.3662896,5.7
5.402278,4.8
5.4593697,4.0
5.4460955,4.0
5.3567,4.5
5.3931303,6.2
5.378574,6.2
5.4412794,6.6
5.387165,6.5
5.428482,4.0
5.4617667,6.6
5.436367,4.0
5.4260755,6.5
5.402035,5.8
5.424199,6.2
5.3896475,4.0
5.3898907,6.5
5.387343,3.5
5.3941846,6.6
5.3877435,5.7
5.3717537,6.2
5.426971,4.0
5.4689507,6.5
5.3585443,6.1
5.333314,6.0
5.3768377,4.8
5.3952074,3.5
5.433468,6.1
5.415931,6.6
6.973279,6.2
5.4384108,6.2
5.258917,3.5
5.446946,5.8
5.406712,6.1
5.421793,5.7
6.928956,9.0
5.4048915,5.8
6.9205904,6.0
5.3625135,6.6
5.418674,6.1
5.429797,5.7
5.3984747,4.5
5.4149632,6.6
5.4046326,4.5
5.458759,4.0
5.354698,6.2
5.4144883,6.6
6.915893,7.5
5.3837895,6.2
5.4063416,4.0
6.8976154,6.8
7.1463876,8.8
5.285825,4.8
5.397733,6.1
5.412971,5.8
5.431177,5.7
5.493123,5.8
5.469028,4.8
5.401565,4.5
5.521051,4.0
5.4470987,6.2
5.393284,6.6
5.4205155,6.2
5.4483237,6.0
5.39632,5.8
5.3686304,6.6
5.402692,4.5
5.4291577,4.8
5.3894625,5.8
5.384828,4.5
5.399832,6.6
5.3473516,4.5
5.4359827,6.1
5.3933034,6.1
5.442424,5.0
6.929141,5.8
5.483412,6.6
5.480239,4.5
5.390082,6.2
5.3840847,5.8
5.4861865,5.7
5.3647513,6.5
5.3963943,3.5
5.4286547,3.5
6.9270244,6.8
5.363776,4.8
5.4098277,6.0
5.3778076,5.7
5.4203143,4.0
6.9401917,6.5
5.3811865,5.0
6.9667096,8.2
5.400931,6.2
7.028992,6.5
6.8778067,8.2
6.8519216,6.2
5.383988,6.0
5.4299254,4.0
5.389664,6.5
5.35126,4.0
5.33857,6.2
5.4845424,5.7
5.368163,5.8
5.376269,4.5
5.3713655,5.0
5.3563857,4.8
5.374581,5.7
5.420599,4.5
5.426743,4.0
5.4142942,6.0
5.3882475,6.5
5.4619417,4.8
5.368333,4.5
5.4338098,5.8
5.40237,6.2
5.3911643,6.5
5.3834586,5.7
5.3222694,6.1
5.4803452,5.0
5.427718,6.0
5.4482536,3.5
5.3953366,3.5
5.4578304,6.2
5.434832,6.5
5.36605,5.0
5.3518853,4.0
5.423064,6.5
5.428426,5.7
6.910378,7.5
5.455388,6.1
5.41973,4.8
5.3337474,4.0
5.3711433,6.0
5.387948,4.0
5.392503,6.5
5.2990255,3.5
5.4101067,3.5
5.379217,4.0
5.416966,6.0
7.039602,9.0
5.4191775,5.0
5.381184,6.0
5.430819,4.8
5.4167814,3.5
5.403253,5.7
5.4023843,3.5
5.3401628,6.0
5.387254,4.0
5.3671293,5.7
5.4384513,5.0
5.379233,5.7
5.390137,4.5
5.3638,5.8
5.359609,4.5
5.3777514,6.0
5.400662,6.6
5.3694124,4.5
5.4013047,6.6
5.4745297,5.8
5.490477,5.8
5.3886,6.2
5.387756,6.6
5.4038615,4.8
5.390643,5.7
5.5185003,5.7
5.447035,6.6
5.373184,6.1
5.357789,6.0
5.382151,3.5
5.432846,5.7
5.4111557,5.0
5.4112606,6.2
5.3962965,6.5
5.4248767,5.7
5.4090242,5.7
6.9436636,9.0
5.4059987,4.0
5.3623943,4.5
5.4503407,5.0
5.4553127,4.0
5.404841,4.5
7.00906,6.6
5.426554,5.7
5.3675537,4.0
5.3911343,6.5
6.9735913,5.7
5.4668245,4.0
6.8841357,6.6
5.387489,6.2
5.290655,6.2
5.4073853,4.5
5.428915,4.8
5.4754653,4.8
5.3163524,4.8
5.339648,6.6
5.3984747,6.1
5.4079084,4.0
5.4148684,6.5
5.4181204,4.0
5.410427,4.0
6.9344,6.2
5.429758,6.2
5.4348054,4.0
5.382164,6.5
5.431729,6.2
5.443703,6.2
5.450535,6.0
5.398369,5.8
5.3842382,5.8
5.386772,3.5
5.3643556,3.5
5.4396777,4.8
5.4513936,5.7
6.8812194,6.5
5.3043737,6.6
5.413672,4.0
5.394608,4.0
5.4281325,5.7
5.3556128,4.5
5.382457,6.5
5.4413695,3.5
5.435509,4.5
5.413956,4.8
5.3427496,6.2
5.3814178,6.1
5.3897767,5.0
5.3787804,6.1
5.4103756,5.7
5.392193,6.5
5.3531013,4.0
5.388031,4.0
5.3613567,6.6
5.4195313,4.5
5.3699293,6.0
5.3936124,6.5
5.3734765,6.6
5.3831825,6.6
5.3667755,5.0
5.407611,4.5
5.417053,3.5
5.4161744,4.5
5.405128,6.5
5.401116,4.5
5.462864,6.0
5.3599796,4.0
5.281224,6.6
5.3991623,6.1
5.400045,5.7
5.3704386,4.0
5.477943,6.2
5.3651047,6.0
5.4140644,4.8
5.396208,4.8
5.3932214,4.0
5.4513464,6.2
5.402302,4.8
5.4108562,6.5
5.3345933,4.8
5.457052,6.1
5.533476,6.1
5.3851094,5.8
5.4007273,5.8
5.396206,5.8
5.480239,3.5
5.362916,5.7
5.4347725,4.0
5.40348,5.8
5.389591,5.0
5.3812866,4.5
5.435826,4.5
5.3888373,3.5
5.484882,5.7
5.439907,6.6
5.4195647,3.5
5.416444,4.8
5.403638,4.0
5.4104066,5.7
5.4827533,5.0
5.4528008,3.5
6.981288,6.1
5.383863,5.0
5.3801703,5.8
5.4257803,5.0
5.369378,3.5
5.387806,5.7
5.3860164,5.7
5.4195666,3.5
6.873517,5.8
5.361936,6.2
5.619607,5.0
5.4409814,5.8
5.29263,6.0
5.46001,6.6
7.0927277,6.6
5.373072,6.1
5.3296065,5.7
5.3093486,3.5
5.505326,6.6
5.3940964,6.2
5.4405694,4.5
5.465255,6.1
5.3475027,6.1
5.822955,6.0
5.421001,5.0
5.411502,6.5
5.4211035,5.0
5.401985,5.7
5.390137,4.0
5.321434,4.5
5.4234176,6.5
5.3603992,4.5
5.3261156,5.0
5.4493694,6.5
5.4140635,6.5
5.396884,3.5
5.3736553,5.7
5.397327,3.5
6.7747774,6.0
5.390525,6.5
5.332487,6.1
5.415462,6.5
5.339648,3.5
5.286804,3.5
5.403514,4.8
5.4223466,5.8
5.4051027,4.5
5.4463606,6.5
5.3714886,6.6
5.5407104,6.0
5.4089994,6.1
7.0087976,6.5
5.422396,4.0
5.3947396,3.5
5.4383535,6.6
5.378095,5.7
5.4037066,5.7
5.390216,4.5
5.3772335,6.1
5.4327283,6.6
5.3870745,3.5
6.906946,6.0
5.3972344,6.1
5.4280496,5.8
5.392692,6.1
5.3612614,4.8
5.390055,6.5
5.44724,6.5
5.433519,6.6
5.41317,6.0
5.396206,6.6
5.430399,6.0
5.3498955,5.7
6.877323,7.0
5.3871784,5.7
6.854758,9.0
5.4879136,5.0
5.4581747,5.0
5.40588,4.5
5.36613,4.0
5.3628006,6.6
5.392667,3.5
5.3685417,6.0
5.392726,5.0
5.375081,6.0
5.392985,4.0
5.392823,4.0
5.4059935,6.6
5.412471,4.8
5.372524,3.5
5.412689,4.0
5.3563986,6.1
5.3954244,6.1
6.9178658,6.6
5.4406357,5.0
5.3689137,6.1
5.4080853,4.5
5.366967,4.8
5.4195986,4.5
5.401433,5.8
5.371664,4.0
5.359143,4.5
5.428868,6.2
5.3752766,5.8
5.423522,6.0
5.410798,6.2
5.417625,6.1
5.474121,6.0
5.4036326,6.6
5.3959093,5.8
5.3998547,6.1
5.4314094,4.5
5.438491,6.2
5.435734,4.5
5.3658996,6.1
5.411502,5.7
5.367583,6.5
6.834873,6.1
5.4269686,6.6
5.4370937,6.1
5.4438334,3.5
5.4253745,4.0
5.492031,6.0
5.435902,5.7
5.496528,5.7
5.4140897,5.8
5.4408407,4.0
5.492158,5.8
5.3831573,6.0
5.4245524,5.8
5.3864584,5.0
5.3835874,6.0
5.4238095,5.7
5.4355674,4.0
5.346786,4.8
5.374211,6.6
5.4147725,5.0
5.380204,6.2
5.436054,6.0
5.348539,6.1
5.3624697,6.2
5.397867,6.1
5.4391384,6.1
5.410371,6.0
5.403342,4.5
5.3634496,6.5
5.406131,3.5
5.3969545,6.6
5.4235806,3.5
5.390137,6.6
5.4104934,4.5
5.408831,6.0
5.378885,3.5
5.4399185,6.2
5.3999906,4.0
5.405996,4.5
5.414166,6.2
5.3909383,5.8
5.397234,6.6
5.425028,6.2
6.97635,5.8
5.368387,3.5
5.3882475,6.0
5.3911486,4.0
5.292137,6.1
5.379031,6.6
5.4973965,3.5
5.3876634,6.1
5.4133463,6.1
5.3927755,5.8
5.4314737,6.1
5.3738422,5.0
5.407726,6.0
5.462625,6.0
5.481634,4.0
5.4100037,3.5
5.4183164,4.0
5.368208,6.2
5.3878675,6.1
5.3898687,4.8
5.5122466,6.0
5.4439087,3.5
5.4161434,6.0
5.385775,4.5
5.4520106,4.0
5.3942995,5.7
5.4068985,5.7
5.375438,5.7
5.3553753,6.5
5.324045,5.0
5.4289546,5.0
5.404567,5.8
5.3911934,4.0
5.40413,5.0
5.4437404,6.6
5.384707,5.7
5.420224,4.5
5.3978915,6.2
5.335247,3.5
5.401758,4.8
5.36995,5.8
5.38162,4.8
5.3423953,4.8
5.4465036,6.6
5.42572,6.1
5.4163594,4.0
5.394984,5.8
5.3886194,6.5
5.433653,4.8
5.3779907,6.0
5.430109,3.5
5.352627,4.5
6.891581,7.5
6.8977523,6.1
5.3888054,3.5
5.3860626,4.0
5.4321046,5.0
5.379457,6.6
5.49225,5.8
5.3854733,6.2
5.337797,5.0
6.990695,6.1
5.3530893,4.8
5.4209213,6.2
6.9449897,7.5
5.37946,6.5
5.423286,5.8
5.486689,6.5
5.417042,6.6
7.0208077,6.2
5.2456203,6.1
5.3615065,5.8
5.4356,6.2
5.379197,6.5
5.401653,5.8
5.423286,4.0
5.3625455,4.5
5.380867,4.8
5.4163375,3.5
5.313824,4.0
6.909992,7.5
5.3624315,6.0
5.4248767,5.0
5.3128085,5.7
5.424466,6.6
5.4439874,6.0
5.384397,5.0
5.3853755,5.8
5.3911686,6.1
5.4897957,4.0
5.3736176,6.0
5.3449497,6.5
5.458007,4.0
5.4445076,6.1
5.2953033,6.1
5.4332886,3.5
5.408772,6.6
6.9785237,5.7
5.4920216,6.5
5.429581,5.8
5.377683,6.1
5.4056783,3.5
7.02402,7.5
7.014398,8.8
5.4389043,4.5
5.325281,3.5
5.425192,5.0
5.3547335,5.8
5.403048,4.8
5.430888,4.8
5.39681,4.5
5.4515553,6.2
5.4082723,6.5
5.4590597,5.7
6.925156,6.2
5.431651,4.8
5.391501,4.5
5.3614764,6.6
5.3733745,5.7
5.377381,5.8
5.357911,5.7
5.2686234,6.6
5.2937465,6.6
5.389774,4.8
5.4492273,5.8
5.4087415,6.0
5.4096303,4.0
5.4116535,3.5
7.179406,6.0
5.4855494,4.5
6.9802046,7.0
5.434427,6.2
5.4391026,4.5
5.401887,3.5
5.3709126,6.1
5.438919,4.0
6.9732637,6.6
5.40912,6.5
5.380499,3.5
6.9051037,6.2
5.410548,6.6
6.819571,9.0
5.375433,5.0
6.8366485,7.5
5.468808,6.1
5.4383535,5.7
5.365956,6.1
5.441005,4.5
5.3439035,6.1
5.363749,6.2
5.3867726,6.1
5.4107757,5.7
5.337633,6.2
5.427387,3.5
5.4719357,6.5
5.3646846,5.0
5.4290156,4.8
6.9638367,6.5
5.3805046,6.1
6.953391,6.5
5.3466783,6.1
5.389696,5.7
5.282686,4.0
5.3770237,5.0
5.379217,4.0
7.2164364,6.1
5.402138,4.0
5.4742103,6.5
5.363984,6.5
5.348437,3.5
5.4162054,4.0
5.3678064,5.8
5.3514276,5.8
5.3580184,5.8
5.4003687,6.5
5.3392577,4.8
6.9694037,6.8
7.011428,7.0
5.4402094,6.2
6.8605595,9.0
5.385902,6.2
5.3676257,5.0
5.490349,3.5
5.427949,5.0
5.380292,6.2
5.4168243,6.1
5.418015,4.8
5.4650393,3.5
5.403229,6.1
7.099963,6.2
5.320989,4.8
5.3766108,4.8
5.447569,4.8
5.3895154,4.0
5.340892,6.5
5.454556,6.1
5.39573,5.8
5.4133463,3.5
5.419905,3.5
5.413291,6.2
5.398985,6.2
5.379502,4.0
5.383974,5.7
5.386,5.0
5.402844,6.2
6.893716,7.0
5.454391,5.7
5.4601865,6.1
5.429593,3.5
5.4009604,6.1
6.9103827,6.0
5.400589,5.0
6.908326,6.8
6.927333,5.7
5.3676443,5.8
5.47408,4.0
5.3938923,4.0
5.478077,6.1
5.360853,3.5
5.383493,4.5
5.3684435,3.5
5.4617567,4.0
5.429205,6.1
5.436578,6.6
6.879195,8.2
5.368114,6.5
6.7743735,9.0
5.36219,6.2
5.4186277,5.8
5.428339,3.5
5.387572,6.5
5.500597,5.0
5.4340243,6.1
5.4006424,4.8
5.4183664,4.8
5.421055,3.5
5.399577,5.8
5.2951055,6.5
5.390911,4.0
5.3908305,5.0
5.379246,6.0
5.451389,4.5
6.94487,5.8
5.4068418,6.2
6.8295274,8.2
5.368645,5.0
7.003063,8.8
5.4429517,4.5
5.407825,5.0
5.424796,6.6
5.407957,6.6
5.4055724,6.0
5.3692646,6.1
5.2955337,4.0
5.426651,4.0
5.3241587,4.0
6.936283,7.5
5.46626,6.5
5.3930902,5.7
5.3733215,4.5
5.4510345,5.0
5.415317,5.7
5.464291,5.8
5.415571,6.1
5.3976007,3.5
5.362366,6.5
5.456689,6.1
5.4308095,6.0
5.3984747,5.8
5.430252,6.2
5.464427,4.5
5.4112434,4.5
5.4017735,6.6
5.41632,6.6
5.366162,5.0
5.4599547,4.0
5.460206,6.2
6.997804,6.1
5.4228573,3.5
5.3529015,6.6
5.4203224,3.5
5.4277177,5.7
5.3993125,5.8
5.404259,3.5
5.4260464,6.0
5.4239016,4.8
5.4267917,5.0
5.4517803,4.8
5.3863754,5.7
5.408696,3.5
5.4070807,3.5
5.440853,4.8
5.3916025,5.0
5.421957,6.2
5.439615,6.0
5.4157953,5.0
5.391871,3.5
5.386202,4.0
5.378923,6.5
5.401782,3.5
5.4266515,5.0
5.38447,4.5
5.4235635,6.0
5.436367,4.0
5.3824377,4.5
5.442686,4.5
5.358504,5.7
5.4436755,6.6
5.2972236,5.8
7.0043464,7.5
5.419018,4.0
5.3998165,5.8
5.395585,5.7
5.423945,4.0
5.385173,5.8
5.435083,4.8
5.4673977,4.8
5.42967,6.2
5.4241924,4.8
5.3471813,4.0
6.9059443,5.8
5.3838425,6.1
5.4427776,4.5
5.392462,6.2
5.4125185,4.0
6.8467245,6.0
5.4352126,6.5
5.357963,6.6
5.302241,4.0
5.358501,4.8
5.4343653,6.6
5.35706,4.8
5.5876875,5.7
5.4471316,6.0
5.34338,4.5
5.4077663,5.7
5.4545255,6.0
6.8648834,8.2
5.405761,4.5
5.371993,6.2
5.401416,3.5
5.3571134,6.2
5.385996,5.8
6.8690805,6.1
5.403164,6.2
5.4499917,6.5
5.4442434,5.7
5.408887,6.2
5.413591,5.0
5.4025774,6.1
5.441005,6.2
5.443394,3.5
5.4272385,4.0
5.4147625,5.0
5.384847,6.2
5.4321594,6.1
5.4028687,6.2
5.392252,4.8
5.4015474,6.1
5.456447,5.7
5.3265443,4.8
5.4288135,6.6
5.3888807,6.0
5.3692117,4.5
5.376284,6.0
5.395436,6.1
5.411415,5.0
5.399476,6.2
6.9451175,6.6
5.288294,5.0
5.3510265,4.8
5.408755,6.6
5.4231777,5.7
5.3716636,6.0
5.3012714,4.0
5.337608,3.5
5.400953,6.0
5.3913116,5.8
5.398788,5.8
5.3695207,6.5
5.369454,6.5
5.3558645,5.7
5.398383,4.5
7.009651,9.0
5.4879313,6.5
5.402844,5.0
5.391143,6.2
5.500597,6.1
5.2599525,4.0
5.370167,6.6
5.4644732,5.7
5.3049164,4.8
6.93776,7.5
5.401893,6.5
5.359798,4.8
7.008284,7.0
5.4096828,3.5
5.3142257,6.6
5.4170694,3.5
5.392985,5.8
5.3769093,6.0
5.3767133,5.0
5.3464627,6.0
5.435161,3.5
6.9000006,6.6
5.3785458,5.7
5.5190096,6.0
5.422307,4.8
5.395252,6.2
5.373962,6.5
7.0330925,7.0
5.307152,4.0
5.4035034,6.2
5.3671317,6.5
5.3710895,3.5
5.413698,6.5
5.412014,6.5
5.3801703,3.5
5.4494896,5.0
5.352958,4.0
5.3718987,6.5
5.4016066,4.8
5.3872333,4.8
5.437479,3.5
5.4593697,5.8
5.4256587,4.5
5.4276342,4.0
5.435135,3.5
5.3738465,6.2
5.41648,6.5
5.383275,5.8
5.408175,5.7
5.4089994,6.6
5.388366,6.6
5.470731,4.5
5.4760323,6.0
5.4213123,6.6
6.8463864,8.8
5.3971486,6.2
5.3924813,5.0
5.3824334,3.5
5.369882,5.8
5.383044,6.6
5.383888,6.0
5.375468,4.0
5.413153,5.8
5.4811764,3.5
5.4855886,6.6
5.330966,4.8
5.528865,5.8
5.4359446,4.0
5.32513,6.1
5.388105,6.2
5.322262,6.1
5.369664,6.2
6.9293156,6.1
5.415559,6.6
5.3754435,6.1
5.3985825,5.0
5.387872,6.2
5.461315,6.0
6.973813,6.0
5.387276,6.2
5.3585763,5.8
5.409631,6.6
6.9910398,7.0
5.4082623,6.1
5.432054,3.5
5.3340335,4.0
5.3901463,6.1
5.447668,6.2
5.37902,6.0
5.3775444,4.0
5.389633,6.0
5.399412,5.8
5.3784614,4.8
5.389234,6.5
7.06512,7.5
5.368289,6.0
6.971486,7.5
5.295203,5.0
5.3342147,5.0
5.452354,4.5
5.386964,3.5
5.4199476,4.5
5.409072,5.7
5.435902,4.8
5.3987613,6.2
5.3586535,6.2
5.366577,6.2
5.667231,6.2
5.409697,4.8
6.937558,5.8
5.383851,5.7
5.429236,4.0
5.430742,3.5
5.365814,4.8
6.9677577,6.2
5.3751907,5.0
5.382269,5.0
5.426188,5.7
5.4520106,5.7
5.3849106,4.8
5.462517,4.5
5.4323215,6.1
5.4428935,5.0
5.43248,4.8
5.5019913,6.5
5.3750086,5.7
5.410093,4.5
5.438259,6.2
5.285925,6.6
6.9232006,8.8
5.395302,5.0
5.446253,6.0
5.4325905,4.0
5.4428706,6.1
5.4156976,6.6
5.3751082,6.5
5.420336,5.8
5.4209604,6.2
6.918587,8.2
5.4662466,4.8
5.4055095,6.0
6.9014187,6.6
5.418922,6.5
5.3667793,5.0
5.4282985,6.5
5.4506483,6.6
5.4250307,5.8
5.3957176,6.5
5.351744,5.8
5.4545007,4.5
6.8396363,8.2
5.3156815,4.0
5.372266,6.6
5.372881,6.1
5.3632493,5.7
5.3904915,5.0
5.4869547,5.7
7.1008415,6.6
6.9067173,5.8
5.4307404,3.5
6.8543906,5.8
5.416704,4.5
5.369791,5.0
6.9437,6.8
5.4413767,6.6
5.300109,5.0
5.376634,6.2
5.453643,6.2
5.4087415,6.2
5.4558983,6.5
5.3826084,5.0
5.409327,5.7
5.3939285,5.7
5.461898,4.8
5.373904,4.5
5.4606714,5.7
6.856811,7.0
5.402884,5.0
5.415559,6.5
5.3952475,4.5
5.3824134,3.5
5.402978,6.1
5.384528,5.0
5.424209,5.7
5.4102015,4.5
5.365964,4.5
5.3986115,5.7
5.3629823,3.5
5.477684,4.0
5.403342,3.5
5.3779926,6.0
5.5022926,4.0
6.8802795,6.0
5.4307942,4.5
5.418146,5.8
5.4034815,6.2
5.4049788,4.5
5.395217,4.8
5.427537,6.0
5.4171762,6.1
5.363971,6.5
5.389234,6.1
5.480239,4.5
5.4321613,5.8
5.469028,6.0
5.434685,3.5
5.392692,5.8
5.4538198,4.0
5.4306273,5.7
5.2899117,6.0
5.3263426,3.5
5.462064,4.8
5.367282,5.0
6.86315,6.6
6.903303,8.8
5.4506993,5.7
5.41341,6.0
5.411228,5.7
5.41015,6.0
5.403373,4.8
5.394336,4.8
5.4861865,5.7
5.412732,4.0
5.411865,5.7
5.4787927,4.5
5.4482417,3.5
5.3888326,6.1
5.4622116,4.5
5.4219975,3.5
5.429236,4.8
5.419592,6.1
5.416404,6.2
5.3745713,5.8
5.375842,6.0
5.3982825,6.1
7.2574434,8.8
5.4154763,4.5
5.3919973,5.0
6.9476304,8.2
5.2948823,4.0
5.4093046,3.5
5.4034443,5.8
5.453451,3.5
5.395974,4.5
5.41063,6.5
5.366577,4.5
5.2812867,5.8
5.401711,4.5
5.397758,4.0
5.381626,3.5
5.3789034,6.6
5.317863,6.0
5.3912296,6.2
5.436578,3.5
5.4119663,5.8
5.4215784,6.0
5.3683577,5.7
5.4119525,6.5
5.3507185,5.8
5.3135157,3.5
5.392559,6.6
5.458148,5.8
5.649755,4.0
5.4174166,4.8
5.406476,5.7
5.4215274,6.2
5.3805943,5.8
5.432846,6.1
7.007223,6.8
6.9187255,9.0
5.368628,5.7
5.437811,3.5
5.485442,3.5
5.43828,4.5
5.438326,5.0
5.3773174,4.8
5.33707,5.7
5.4244556,4.0
5.441132,6.0
5.4091263,6.6
5.383299,6.2
6.9899063,5.7
5.3335304,6.5
5.392599,6.5
5.3929515,4.8
5.5251737,6.6
5.388143,4.5
5.3785734,4.8
5.383548,5.8
5.5590086,3.5
5.4174576,5.8
5.413715,5.0
5.3867908,3.5
5.40553,4.5
5.4093475,6.5
5.3409524,3.5
5.4082747,6.1
5.3738465,4.8
7.010891,6.5
5.3507185,4.0
5.5147505,4.0
5.3638325,5.7
5.4452734,5.0
5.399585,6.0
5.498229,5.0
5.320995,5.0
6.909499,6.2
5.4148684,6.2
5.396017,4.0
5.428774,6.0
5.3681064,6.5
5.446839,6.6
5.443689,5.0
5.3864484,6.2
5.4288764,6.1
5.4016247,6.0
5.4402113,5.8
5.386752,4.8
5.371664,4.8
5.4011555,6.5
5.414278,6.1
6.8965964,6.6
5.463206,6.1
6.680922,6.5
5.37757,4.0
5.399559,5.7
5.4001703,6.5
5.3931756,6.2
5.429765,4.0
5.4033537,4.5
6.991268,6.1
5.411317,6.6
5.39288,6.0
5.4686413,6.1
7.010932,8.8
5.405512,6.5
5.4006433,4.8
5.370104,6.0
5.3745413,4.8
5.405492,6.1
5.3793244,6.2
5.376025,6.2
6.8071995,6.2
5.411475,5.7
5.423669,5.8
5.407543,6.5
5.422711,6.0
5.3891497,4.5
6.9058766,8.2
5.478346,6.1
5.4015436,6.5
5.4426556,3.5
5.3918767,6.0
5.3622966,6.1
5.416841,5.8
5.42485,6.2
5.4050727,6.0
5.372589,5.7
5.466902,6.2
5.4134927,5.7
5.3729706,3.5
5.4004145,5.0
5.415536,5.7
5.4157715,6.1
5.340287,4.0
5.370174,6.6
5.43016,6.1
5.422942,6.0
5.4081235,3.5
5.413306,6.6
5.4075108,6.0
5.4368024,6.5
5.4328747,6.0
5.460065,6.1
5.368226,4.5
5.429543,6.1
5.4163246,4.0
5.397384,3.5
5.3948445,6.6
5.4069567,6.0
5.438303,5.0
5.388129,6.5
5.456395,3.5
5.2912908,6.5
5.3819027,5.8
5.424658,3.5
5.4865494,6.1
5.3390408,3.5
6.930873,6.0
5.427365,6.1
5.4544845,6.1
5.38536,5.8
5.3595963,6.1
5.4048395,5.8
7.031146,6.0
5.370645,4.8
5.437097,5.0
5.4808745,5.0
5.383402,6.6
5.381933,6.0
5.381706,3.5
5.3727593,6.5
5.369783,4.5
5.367288,3.5
5.3915753,6.5
5.4322343,6.6
5.424199,6.5
5.4580874,3.5
5.4147143,6.6
5.379246,5.8
6.9333963,6.5
5.475429,6.6
5.3642006,5.8
5.4201827,4.8
5.41587,6.6
5.474013,5.8
5.427529,4.0
5.415299,6.2
5.4238424,6.5
5.422311,6.5
5.4649067,6.2
5.4341593,5.0
5.428775,6.1
6.9106026,7.5
5.442262,6.0
5.5239196,4.5
5.4645815,6.2
5.407571,6.6
7.044284,5.7
5.3036213,5.0
5.3655267,6.2
5.381459,4.5
5.416519,4.0
5.4241548,4.8
5.411719,6.2
5.4300647,6.6
5.3336463,6.6
5.4185753,3.5
5.3874626,6.1
5.4488444,4.8
5.283973,3.5
5.4061594,6.6
5.4103646,6.1
5.4881153,4.0
5.3922048,6.5
5.454274,5.0
5.423634,6.0
5.4139357,4.8
6.8770866,6.2
5.448477,3.5
5.430819,5.0
5.4385147,4.5
5.353233,4.5
7.0049663,8.8
5.371404,5.8
5.350374,5.7
5.4610014,6.0
5.3890285,5.7
5.4310064,6.5
5.421802,6.1
5.3898687,6.6
5.417405,6.6
5.4811764,6.6
5.3831334,3.5
5.411818,5.7
5.3423223,5.7
5.407632,6.2
5.329534,5.8
5.4428763,4.0
5.3443694,6.5
5.4187675,5.0
5.348186,6.5
5.3692646,6.2
5.3960385,6.1
6.829931,6.2
5.3979964,4.8
5.384749,6.5
5.3985496,5.0
5.4340377,5.0
5.41863,5.7
5.4249554,6.0
5.270934,6.6
5.399168,6.1
5.3218083,5.7
5.443431,6.5
6.8044276,5.7
5.415681,5.0
5.4879313,3.5
5.4208794,6.0
5.3632603,3.5
5.40237,4.5
5.4789653,5.7
5.4267354,4.5
5.373014,5.8
5.4291234,6.5
7.1554303,9.0
5.437597,6.5
5.434349,5.0
5.4434295,5.7
5.3716955,5.0
5.391624,5.0
5.449974,5.8
7.122772,5.8
5.284294,4.8
5.390634,4.0
5.375263,6.2
5.3867726,5.0
5.410755,5.7
5.401677,3.5
5.2742915,5.8
5.4491396,4.0
5.375559,5.0
5.3799105,6.5
5.3602343,4.0
5.4225225,4.0
5.431359,6.1
5.390697,4.0
5.3898687,6.6
5.4086328,6.0
5.382985,6.1
6.9275627,8.2
5.399905,3.5
5.514152,6.5
5.4868298,5.0
6.9338064,6.0
5.3938723,4.8
5.395442,6.1
5.4285417,3.5
5.3845663,6.5
5.430742,5.8
5.355498,6.2
5.4373484,6.6
5.390103,5.8
5.504059,6.1
5.4229555,6.2
5.387224,4.5
5.3979235,5.7
5.4081535,5.8
5.429138,6.5
5.366577,3.5
5.4567304,3.5
5.418103,6.5
5.412533,3.5
5.385578,4.0
6.8491116,8.2
5.419318,6.1
5.487449,6.6
6.900333,6.6
5.4361715,4.0
7.0406137,6.8
5.407957,4.5
5.424199,6.2
5.425172,4.0
5.430377,5.7
5.4261274,6.6
5.3987064,6.1
5.740143,4.0
5.4047637,6.5
5.3972597,4.8
5.381673,4.0
5.3628945,5.8
5.3866863,5.7
5.437188,5.7
5.4492664,4.8
5.3727117,6.1
5.429318,6.1
5.387806,6.6
5.377628,6.5
5.370906,6.1
5.3471713,4.5
5.4001703,3.5
5.3488383,3.5
5.345712,6.6
5.4208803,5.7
5.441674,6.0
5.3629093,3.5
5.4534125,5.8
5.447215,3.5
5.31004,4.0
5.464819,4.8
5.39708,6.2
5.370887,4.5
5.3609834,4.5
5.3793964,6.2
5.512578,4.8
5.375788,5.8
5.251945,4.0
5.3729916,5.7
6.9774976,5.7
5.355661,5.7
5.3871465,4.5
5.394397,6.2
5.378503,6.5
7.0326967,7.5
5.3745465,6.1
5.378425,6.5
5.460859,6.2
5.33,5.0
5.45337,4.5
5.389586,6.2
6.895817,6.6
5.3938923,6.1
5.3681173,5.0
5.350752,3.5
5.391624,3.5
5.345929,4.8
5.3953695,5.8
5.4053736,4.8
5.3537936,6.2
5.3524356,5.7
5.4192605,3.5
5.4360485,5.8
5.3660736,5.0
5.4568934,6.2
5.370448,5.7
5.347584,5.8
5.3893185,6.6
5.4070587,4.8
5.4709005,6.6
5.3915744,4.0
5.379507,4.0
5.463064,6.5
5.364725,6.2
7.080444,6.6
5.4531198,6.2
5.365831,5.0
5.398369,6.2
5.407957,4.8
5.4172573,5.8
5.392099,6.5
5.362985,5.7
5.435446,4.8
5.4508696,6.1
5.392985,5.7
5.421254,6.0
6.938604,6.8
5.383318,5.7
5.5024137,4.5
5.39435,5.0
6.9446073,6.5
5.412026,6.2
5.3918414,6.2
5.4409814,6.5
5.4452734,5.8
5.4983826,3.5
5.3921285,5.8
5.341655,5.0
5.319242,6.1
5.4028726,6.6
5.3343644,6.0
5.3536096,5.8
5.3816385,5.7
5.3826566,5.8
5.43561,6.2
5.3923984,5.7
5.4251857,4.8
5.4032493,5.7
5.37917,6.5
5.3190126,6.5
5.471355,6.2
5.4071193,4.5
5.60752,6.1
5.3975954,6.1
5.417462,5.7
5.446516,6.5
5.5815945,5.0
6.968105,6.5
5.4226537,4.5
5.438781,6.5
5.3871818,6.1
5.4034457,5.8
5.376743,4.5
5.4214425,6.2
5.416799,4.8
5.3351707,4.0
5.343258,4.5
5.3813024,4.0
5.4084873,6.5
5.3949966,3.5
5.487449,6.1
5.3371277,4.5
5.4525256,3.5
5.4187136,6.1
5.357834,4.5
5.359832,5.0
5.447285,4.5
5.3641834,5.8
5.414043,6.6
5.409742,5.0
5.4698434,5.7
5.4464216,4.5
5.3452864,3.5
5.4302835,6.1
5.3323736,4.8
5.3555355,5.0
5.3807397,6.5
5.3864474,4.8
5.4239664,6.6
5.326744,5.8
5.3927846,6.0
5.42167,3.5
5.3754888,4.0
5.4597883,5.7
5.4162054,6.6
5.4393983,3.5
6.8874316,6.1
5.4055758,3.5
5.399578,5.0
5.430174,4.8
5.320076,4.5
5.4133043,6.5
5.389786,4.0
5.4153175,4.8
6.989911,6.2
5.3726025,4.0
5.363091,5.0
5.3763127,3.5
5.4115415,5.0
5.369283,6.6
5.4243636,5.7
5.4327445,6.5
5.385621,6.6
5.3626156,4.8
5.3892307,5.7
5.365693,6.5
5.439139,6.1
5.401657,4.0
5.434371,5.0
5.3861933,6.6
5.378285,5.8
6.8709517,8.2
5.3843384,3.5
5.4055877,3.5
6.9391074,8.2
6.9118795,6.8
5.4588346,6.2
5.3903127,5.7
5.357306,6.0
5.4308715,6.5
6.9226003,8.8
5.4040456,6.6
5.3733006,4.0
5.450864,3.5
5.391624,5.7
6.98353,9.0
5.3910227,4.5
5.3707104,4.8
7.004239,6.2
5.455744,6.0
6.959388,5.8
5.4989414,4.0
5.3707967,6.0
5.360954,6.6
5.360052,5.7
5.3660936,4.8
5.468045,6.1
5.390848,6.1
5.419555,4.0
5.4778624,4.8
5.412801,6.6
5.435689,4.5
5.4350643,6.0
5.3201103,3.5
5.4463463,4.0
5.3770547,3.5
6.907513,6.5
5.376352,6.6
5.42544,6.0
5.4778895,6.0
5.357971,3.5
5.410662,5.0
5.388943,3.5
5.4352307,5.0
5.373374,5.0
7.109831,6.2
5.4172497,5.8
5.366145,6.0
5.416858,4.0
7.0000544,5.7
5.3828416,6.2
5.4004226,6.0
5.363336,4.8
5.4983945,4.8
6.881195,6.1
5.435775,6.2
5.4176574,6.6
5.4219413,3.5
5.607943,4.8
5.490306,6.5
5.458152,6.2
5.379297,4.8
5.3562784,4.5
5.3881435,5.0
5.4264913,4.0
5.362839,3.5
5.415013,5.8
5.409732,5.0
5.398096,4.0
5.3853593,6.0
5.403408,6.1
5.3780785,6.5
7.09379,5.7
5.369074,5.7
5.405759,5.7
5.4378204,5.0
5.343625,6.0
5.4266667,4.0
5.4197297,6.5
5.3787446,6.5
5.380618,3.5
5.413542,6.1
5.4185095,5.8
5.3669295,6.0
5.37967,6.5
6.9333673,6.0
5.376876,5.8
5.376428,4.0
5.415404,6.1
5.4025416,6.0
5.3754005,5.7
5.3358464,4.8
5.421274,4.0
5.34597,5.8
5.3901606,6.5
5.4360785,6.0
5.4606743,3.5
5.443596,4.8
5.3319283,5.8
5.4165416,6.5
5.4607706,4.8
5.414729,4.5
5.4606743,6.5
5.3814445,6.5
5.3840566,3.5
5.3989086,4.8
5.37629,5.8
5.4096117,4.5
5.4818974,3.5
5.3887377,4.5
5.388431,4.8
5.4401927,4.5
5.4624596,4.8
5.4327283,5.7
5.4615545,5.8
5.415061,6.5
6.8862753,7.0
5.4466867,6.2
5.436367,6.2
5.4438853,6.0
5.4204826,5.8
5.3275566,5.7
7.0174513,8.8
5.4588223,4.0
5.4237356,6.0
6.8613195,8.2
5.3584228,6.2
5.4012203,4.8
5.420336,4.0
5.3663177,4.8
5.4239497,4.0
5.4385395,6.6
5.3941355,6.6
5.3805923,6.6
5.3397403,6.0
5.1169834,4.5
5.337321,6.1
5.40597,6.0
5.3911343,6.2
5.3772745,5.8
6.829984,5.8
5.3112683,6.2
5.629392,3.5
5.3965197,4.8
5.4117618,4.0
5.368645,4.5
5.4528074,3.5
5.3947144,4.0
5.397592,5.0
5.4297724,6.5
5.406859,5.8
5.3565383,5.0
5.256632,6.1
5.402265,5.8
5.3686867,6.6
5.492158,4.8
5.3762846,4.8
5.398765,4.0
5.392675,6.1
5.3970027,3.5
5.370344,4.8
5.3962426,5.7
5.4428916,4.5
5.398096,5.0
5.407957,6.2
5.417896,4.5
5.379424,3.5
5.362168,6.2
5.3973317,4.8
5.3055143,6.0
5.415547,6.6
6.995769,6.1
5.4506483,5.7
5.3359804,3.5
5.4562645,6.2
5.335769,6.6
5.413143,4.0
5.4496574,4.5
6.916003,7.0
5.353845,6.6
5.3736377,4.8
5.3891683,6.5
5.3839264,5.8
5.399532,6.0
5.3840046,4.0
5.419354,6.2
5.420336,5.7
5.381292,4.0
5.4011507,4.5
5.5017867,5.0
5.422034,6.5
6.912496,9.0
5.3951235,4.5
5.428592,5.0
5.4844775,6.5
5.37329,6.0
5.4082923,5.8
5.3752155,6.2
5.396495,5.7
5.406666,6.5
5.3277206,6.1
5.376352,4.0
5.4488354,5.0
5.3112264,3.5
5.4025984,6.6
5.377048,4.0
5.4108753,4.8
5.447569,5.7
5.4353857,5.7
5.382326,6.2
5.419555,5.0
5.4364724,5.7
5.4432206,5.0
5.391636,6.2
5.3786035,4.5
5.424641,4.5
5.433993,6.5
5.302268,6.5
5.2770443,5.0
5.3670354,6.1
5.406054,4.8
5.4290605,6.1
5.425512,5.8
5.436367,6.1
6.9678144,7.5
5.4366755,6.5
5.373357,5.0
5.423087,3.5
5.4490337,5.7
5.3594017,6.2
5.396206,5.8
5.44419,4.5
5.3292756,5.7
5.3664365,6.0
5.423206,6.5
5.4305916,5.8
5.403199,3.5
5.3815603,6.1
5.4465036,5.7
5.36214,4.8
5.381759,5.0
5.363038,6.5
5.289763,6.6
5.372206,4.8
5.4207864,5.7
5.3987913,6.6
5.3406553,5.8
5.3708186,4.5
5.425582,5.7
5.400526,6.2
5.373692,4.5
5.390784,6.1
5.430538,6.6
5.399348,3.5
5.430819,6.5
5.4482417,5.0
6.9213567,5.7
5.410549,4.0
5.4191995,4.5
5.3652306,6.2
5.382698,6.5
5.3668685,5.7
5.402242,3.5
5.5922995,5.8
5.401836,4.8
5.392227,6.2
5.4116673,5.8
5.377634,5.0
5.401019,6.6
5.377628,6.6
5.397065,6.5
5.4374228,6.1
5.368142,4.8
5.369914,5.7
5.46408,5.7
5.3903933,5.8
5.3102455,6.1
5.347406,6.5
5.376487,6.2
5.4023814,4.8
5.432945,4.0
5.3824306,4.5
5.402597,5.7
5.432857,5.8
5.4020195,5.7
5.46076,5.8
5.3804135,6.2
5.4235506,4.8
5.3634934,6.2
5.3853645,4.0
6.925398,6.5
5.439547,6.2
5.366154,4.0
5.444108,6.2
5.3726616,3.5
5.373962,6.5
5.446873,5.0
6.892373,8.2
5.4304204,3.5
5.366577,5.0
6.992554,9.0
5.4014626,6.2
7.0351276,7.0
5.3976007,6.6
5.427949,6.5
5.373203,4.8
5.3920016,6.0
6.9139056,6.1
5.4094176,4.8
5.354228,4.5
5.4635286,5.7
5.4158754,6.0
5.3603063,6.0
5.3724537,5.0
5.3162723,6.1
6.937696,5.8
5.388654,4.8
5.3878803,6.0
5.2919703,4.8
5.3809566,4.0
5.3545756,5.7
5.403994,5.7
5.380785,4.0
6.9397283,8.2
5.382053,4.5
5.385084,6.5
5.4352193,6.1
5.406613,6.6
5.4008613,5.0
5.390351,6.0
5.4007897,4.8
5.375174,5.0
5.451942,4.8
5.378036,5.8
5.4302473,4.8
5.38184,6.0
6.995535,6.6
5.3548384,5.0
5.4084554,6.5
7.0989614,5.8
5.381633,5.7
5.354638,4.0
5.420922,6.1
5.379235,6.0
5.398752,5.8
5.413555,6.5
5.400156,6.1
7.056587,6.5
5.423563,3.5
5.42384,4.0
5.4208617,5.7
5.412404,6.2
5.383267,4.0
5.370841,6.2
5.4509125,5.0
5.4191723,4.8
5.474672,4.0
5.427949,3.5
6.8967285,9.0
5.4691215,6.0
5.3550916,6.1
5.452955,6.2
5.400717,5.8
5.4072547,4.0
5.406846,4.5
5.3553753,6.5
5.3931975,3.5
5.4316964,6.5
5.4691215,5.7
5.355338,4.0
5.391438,3.5
5.427373,6.0
5.4808955,6.6
5.403335,4.5
5.4146686,5.0
5.3934197,6.1
5.3622212,3.5
5.409801,5.7
5.3083286,6.0
5.375722,5.7
5.326721,5.8
5.353835,6.1
5.395214,5.7
6.892736,8.8
5.4518495,6.2
5.4256086,5.7
5.4340286,4.8
5.4331784,5.7
7.1031833,5.8
5.443026,4.8
5.3484745,6.0
5.388362,6.6
5.4139185,4.5
5.4216785,6.1
5.38822,6.0
5.4261055,5.8
5.42282,5.0
5.3889575,6.6
5.443781,6.5
5.4144187,5.7
5.4030967,5.0
6.9489484,8.2
5.4099035,6.5
5.3451624,6.2
5.447881,6.6
5.398108,6.6
5.376476,4.8
5.386571,6.2
5.303653,4.5
5.4217753,5.7
5.3736076,6.5
5.467084,4.5
5.3903117,4.8
5.357967,5.8
5.379177,3.5
5.3846035,5.0
5.415745,5.7
5.438828,6.2
5.3474374,4.0
5.386369,6.2
5.4045873,6.6
5.3901463,3.5
5.3508015,3.5
5.3930316,5.0
5.4104447,5.0
5.3644853,6.1
5.3875437,4.5
5.376326,6.0
5.4116673,6.1
5.4736834,4.0
6.841509,8.2
5.3827796,6.5
5.4168096,3.5
5.4116673,4.0
5.407083,5.7
5.428725,6.1
5.431743,6.5
5.389372,4.0
6.881782,5.7
5.338007,6.0
5.403342,4.0
5.408482,5.7
5.477943,4.0
5.38028,4.0
5.3857093,5.8
5.3679647,6.2
5.439629,5.0
5.404104,5.8
5.390588,5.8
5.4172173,4.8
5.3809395,6.5
5.378718,6.5
5.3960648,5.7
5.4449954,6.1
5.4851623,4.5
6.904562,6.1
5.4190197,4.8
5.3458195,3.5
5.4102015,5.7
5.375441,3.5
5.373059,5.8
5.4077277,5.7
5.3680315,6.2
5.3464804,5.0
5.4033537,5.7
5.2741785,5.0
5.3711395,6.5
5.3694863,4.0
5.4931254,4.5
5.429954,4.8
5.323999,6.5
5.420139,5.7
5.347406,5.8
5.447569,6.6
5.39926,6.2
5.331733,3.5
5.403884,6.1
5.4241924,4.0
5.4195986,4.8
5.3988547,6.6
5.3735485,4.0
5.399992,3.5
5.428681,6.2
5.375712,5.0
5.4978237,6.0
5.4191637,6.1
5.4064617,6.5
5.3997436,6.0
6.9706445,6.5
5.349221,6.5
5.412814,4.5
5.389125,6.6
5.3967905,6.2
6.881127,7.5
6.9231224,6.0
5.43839,5.8
5.3771615,5.8
5.35877,4.5
5.4951086,5.0
5.4583244,5.7
5.4248533,4.8
5.4920216,5.8
6.785805,6.6
5.390303,3.5
5.39516,6.5
5.4506993,5.0
5.432687,4.0
5.40046,3.5
5.4333806,6.6
5.4044375,3.5
5.3639884,6.2
6.912927,7.5
6.9366956,6.6
5.4009185,6.0
5.393391,5.8
6.8477683,5.7
5.4259167,4.5
5.4225845,4.0
5.3939886,6.2
5.334606,6.2
5.3923054,6.2
5.452503,4.5
6.8542953,5.7
5.382167,5.0
5.373723,4.8
5.395724,5.0
5.4008236,6.2
5.28916,6.6
5.4370055,5.7
5.384405,4.5
5.4097505,4.8
6.7329326,6.6
5.3891764,4.8
6.8907647,8.8
5.306077,6.2
5.4488354,4.8
5.4645796,6.2
5.3911815,6.6
5.3853703,5.8
5.3955507,6.1
6.861172,7.0
5.397252,6.0
5.3820944,4.0
5.3867245,4.8
5.354013,5.0
5.3588023,6.2
7.0335217,7.0
5.3986135,6.1
5.4024005,4.5
5.454556,4.5
5.3468494,4.0
5.372619,4.8
6.996754,6.0
5.4178576,3.5
5.4104953,6.2
5.258461,6.6
5.3247056,6.0
5.409166,6.0
5.4641924,6.6
5.3906536,6.5
5.4289627,6.0
5.3757005,5.8
5.361884,4.0
5.393146,4.8
5.4331255,4.8
5.432992,6.0
5.391863,5.8
5.4001656,6.6
5.3826084,6.0
5.4835973,5.8
5.3425026,6.5
5.375459,3.5
5.4442163,6.6
5.3806458,4.0
5.3196993,6.2
5.4062834,6.5
5.452465,4.5
5.454703,3.5
5.3771286,5.7
5.430399,4.5
6.9178658,9.0
5.4309945,3.5
5.3952355,4.8
5.4038553,6.0
5.3992834,5.8
5.447688,5.7
5.3434005,5.7
5.3838873,3.5
5.3735204,5.0
5.3414063,6.1
5.475867,4.0
6.8817053,7.0
5.422194,6.0
5.505525,6.2
5.25689,6.1
5.382702,4.0
5.3700914,6.0
5.419524,6.6
7.0390053,7.0
5.387122,5.0
5.3894224,6.6
6.8127537,5.7
6.982767,6.1
5.405495,3.5
5.246867,6.6
5.4313955,4.5
5.389932,6.0
5.397803,6.5
5.439627,6.2
5.3709693,4.5
5.3704953,6.0
5.2774234,4.0
5.420279,5.8
5.390351,6.6
5.3197803,5.0
5.419282,6.6
5.463091,4.5
5.439858,5.8
5.3625135,5.0
5.33499,6.0
5.4424057,6.1
5.434084,3.5
5.4338408,4.0
6.8759675,6.5
5.3480587,5.8
7.0536337,6.6
5.3687615,6.2
5.3713613,6.0
5.431895,6.1
5.4409814,5.0
5.3916683,5.8
5.3830795,6.5
5.4004297,6.0
5.3173637,5.0
5.4109592,6.1
5.3904486,6.6
5.4321904,6.1
5.3943768,3.5
5.317972,5.8
5.396552,6.0
5.451042,4.0
5.4001503,6.2
5.49294,6.1
5.375888,4.5
5.4503407,4.8
5.4691215,6.0
5.470074,6.2
5.393837,6.1
5.3992977,3.5
5.3918595,6.0
5.4185557,6.6
5.3836308,6.1
5.381428,4.5
5.444422,4.0
5.3846617,3.5
5.448958,4.8
5.4966946,5.0
6.9701996,7.5
5.412317,6.0
5.437627,3.5
5.42085,3.5
5.419833,6.5
5.3930693,5.0
5.3375874,5.8
5.3019934,4.0
5.436928,5.0
5.4321623,4.5
5.4495783,5.8
5.425946,5.8
6.8720493,9.0
5.394423,6.0
5.3799796,4.8
5.3672547,4.0
5.450423,4.0
5.4171405,6.5
5.38235,6.1
5.375942,6.6
5.4428763,6.1
5.3742905,6.5
5.37513,4.8
5.408407,6.2
5.410346,6.2
5.4161735,5.8
5.607913,6.2
5.4180875,6.5
5.3984747,4.5
5.4054675,5.8
5.4111214,6.1
5.395576,4.0
5.4595838,5.8
5.395401,3.5
5.3794656,4.0
5.3343062,6.5
5.408502,3.5
5.4452734,6.5
6.9877477,7.5
5.4018183,4.0
5.450041,5.0
6.9148335,7.0
5.430185,4.5
5.443784,4.5
5.406717,5.8
5.396932,4.8
5.370925,5.0
5.3711553,6.5
7.007303,8.8
5.4855494,6.0
5.4268885,5.7
5.393307,6.1
5.533412,6.1
5.404854,6.1
5.430837,4.8
5.3941684,4.8
5.311801,6.0
5.4146137,6.6
5.3966246,5.8
5.393151,6.5
5.3676043,6.1
5.393904,5.7
5.4168277,3.5
5.409489,5.0
5.437083,6.5
5.384542,6.0
5.3371263,6.6
5.4254603,5.8
5.406278,3.5
5.4375234,6.0
5.403777,5.8
5.3979383,6.2
5.4075794,5.0
5.4319105,6.1
5.4200344,4.8
5.452032,6.2
5.4369073,5.0
5.428812,5.8
5.40139,5.8
5.487449,5.8
5.4796433,6.2
6.8983526,6.5
5.4172015,6.0
5.3762884,5.8
5.4976315,6.5
6.952925,7.0
5.377022,5.0
5.361339,5.7
6.9339533,6.8
6.9110146,6.8
6.8899345,6.2
5.3889484,6.6
5.4520106,6.2
5.48703,5.7
5.3732533,6.6
5.435415,4.0
5.396466,5.0
5.360191,6.5
5.3930426,6.0
5.4174294,6.0
5.3741837,6.2
5.40831,5.7
5.4048915,6.5
5.414441,4.0
5.435638,5.0
5.402594,6.1
7.029076,8.2
5.372157,5.8
5.417899,6.0
5.401711,3.5
5.3729706,4.5
5.432992,4.5
5.4699683,6.2
5.408691,6.5
5.3194294,5.0
5.3729463,3.5
5.3979554,3.5
5.3873,5.8
5.42385,4.8
5.437257,4.0
5.3800383,5.7
5.3984494,5.7
5.4765177,6.6
5.3820868,5.7
5.3562055,4.0
5.3998275,4.8
5.4197783,6.5
5.3907723,3.5
5.3823295,4.0
5.391818,6.5
5.423666,3.5
5.3553753,6.6
5.4135084,5.0
5.380062,3.5
6.9041724,6.6
5.4023657,5.0
5.4871254,4.8
5.431177,6.1
5.401224,6.1
5.4616685,6.1
5.417083,5.7
5.3844013,6.2
5.4346094,3.5
6.9477754,8.8
5.3867965,6.5
5.4301257,5.8
5.438082,4.5
5.402212,6.5
5.418984,3.5
5.416243,6.2
5.4479365,6.6
5.3723235,4.8
5.605962,6.6
5.377112,6.0
5.426958,3.5
5.3118997,6.0
5.3918104,6.1
6.821414,7.0
5.3651,6.1
5.431765,6.6
5.366792,3.5
5.3612614,5.7
5.4013004,4.8
5.3886037,6.2
5.354787,4.5
5.4310417,4.8
6.9033546,6.6
5.3880243,3.5
6.973203,7.5
5.426275,6.5
5.373291,5.0
5.592333,6.0
5.43343,5.0
5.4207115,5.0
5.3891063,6.1
5.46247,4.5
5.407604,6.2
5.480239,5.7
5.3708186,4.0
5.4080386,4.8
5.3714795,6.2
5.4754653,3.5
5.3671293,5.8
5.3875093,6.1
5.3553753,6.5
5.387343,3.5
5.3593707,6.5
5.436148,3.5
5.417342,4.8
5.3777533,6.5
5.3590636,6.1
5.4315495,5.8
5.3243895,4.0
5.4658685,5.7
5.406484,4.0
6.9360967,6.1
5.3998275,6.5
7.0379767,6.1
5.397477,3.5
6.85977,5.7
5.4130864,5.8
7.0175905,6.5
6.88208,7.0
5.428089,5.7
5.381699,4.5
5.383757,4.8
5.301096,6.5
6.9583592,6.8
5.4798975,3.5
5.342806,5.8
5.409801,4.8
5.4696555,3.5
5.3895206,5.8
5.4603925,4.5
5.39185,6.1
5.468362,4.8
5.3584404,5.8
5.396045,5.7
5.3905706,4.8
5.3821297,5.7
5.44791,6.5
5.422367,5.0
5.3556805,3.5
6.902857,6.2
5.425615,4.8
5.395096,4.5
5.45949,4.0
5.502204,4.5
5.373329,6.2
5.420009,6.2
5.412726,4.5
6.9603024,6.1
5.4036326,6.6
5.384048,5.0
5.412938,6.0
5.384386,4.0
5.4065247,6.5
5.385549,6.1
5.3953447,6.2
5.3745747,6.6
5.429552,3.5
5.4324036,6.5
6.9514165,6.8
5.358393,4.0
5.470499,4.8
5.399026,3.5
5.4036326,6.1
5.388898,6.5
5.4033203,6.2
5.411824,5.7
5.4155707,6.5
5.3936644,4.8
5.3920383,6.6
5.3646517,6.0
5.4314394,5.8
5.4055166,4.0
5.4003863,5.0
5.3541794,6.0
5.362075,3.5
5.402673,6.5
5.3773384,6.0
5.3843913,4.8
5.501158,4.8
5.427872,5.0
5.383935,5.0
5.3479557,6.6
5.42178,6.6
5.406348,4.5
5.4273186,6.6
5.3910704,5.7
5.3923435,6.2
5.451244,6.0
5.3345156,6.5
5.41029,5.7
5.4058976,4.8
5.3846407,6.1
5.4038754,3.5
5.478268,5.0
5.3545756,6.0
5.3750052,5.0
5.368562,5.8
5.394068,5.8
5.3893876,6.1
5.4053335,4.8
5.4118576,6.5
5.416626,5.7
5.3269897,4.8
5.457483,3.5
5.4350967,6.0
6.8855567,6.1
5.400258,3.5
5.428852,6.5
5.446949,6.0
5.431729,5.8
5.4871254,5.8
5.375459,4.0
5.362572,6.5
5.5775204,4.0
5.4551277,4.5
5.432992,6.1
5.4114556,5.0
5.4135265,5.7
5.4079423,5.7
5.42053,4.0
5.390964,4.0
5.374312,6.0
7.0683746,8.2
5.4169354,4.0
5.3922048,4.0
5.431199,5.7
5.3768654,4.0
5.46001,6.6
5.3704267,5.8
5.3966126,6.6
5.3961406,3.5
5.361931,4.8
5.366129,3.5
5.36973,5.8
5.4662275,5.0
7.0659842,6.6
5.401923,6.6
6.9011526,9.0
5.333291,4.5
5.3750005,6.6
6.906442,8.2
5.409875,6.0
5.402459,5.0
5.4104443,5.8
5.3775377,6.1
5.450774,4.8
5.3209696,6.5
5.413503,5.7
5.377108,6.5
5.48113,5.0
5.370448,4.0
5.371255,6.1
5.373667,5.7
6.867272,6.1
5.4107075,6.1
5.4293704,6.5
5.3365126,6.1
5.4396515,6.6
5.3813496,5.7
5.398821,4.8
5.3625135,5.7
5.4256306,6.2
5.3780165,4.5
7.131385,7.5
5.4254756,4.0
5.409349,4.5
6.936142,8.2
5.437992,6.2
5.396561,4.0
5.4187675,6.5
5.3686504,4.5
5.413259,3.5
5.3934355,6.1
5.401015,3.5
5.358524,6.6
5.3884606,5.7
5.378583,6.2
5.414178,3.5
5.42861,6.5
5.4208703,5.7
5.4077206,6.5
6.881524,6.8
5.3856087,4.5
5.3889427,4.5
5.371622,5.8
7.025705,7.5
5.432675,5.7
5.386923,6.0
5.3851104,6.5
5.3892307,3.5
5.4371753,3.5
5.329356,6.6
5.420339,3.5
5.443797,3.5
5.4121614,3.5
5.3835826,5.7
5.4008555,5.0
5.3793054,6.6
5.3841295,4.0
5.244148,3.5
5.4466033,6.2
5.347386,6.1
5.4049788,6.1
5.393754,6.2
5.384542,6.5
5.386432,5.7
5.3998275,6.6
5.375942,5.8
5.4110537,6.0
5.456887,6.1
5.4263096,5.8
5.4025674,6.1
5.408691,6.2
5.4293485,4.5
5.394359,6.0
5.392667,4.5
5.4114604,5.0
6.9814053,6.8
5.383143,5.7
6.8691525,5.8
5.4080095,6.2
5.392934,4.0
5.461833,5.8
5.4104643,6.5
5.440662,6.0
5.446217,3.5
5.408301,6.6
5.4920216,3.5
5.401965,5.7
5.4349537,3.5
5.442514,4.0
5.3743134,3.5
5.379424,6.0
5.393438,6.0
5.4242177,5.7
5.40929,5.0
6.844587,7.0
6.9583263,6.2
5.394637,6.6
5.4950085,4.5
6.993561,5.8
5.488422,6.2
5.411824,4.5
5.4169374,4.8
5.4097385,6.0
5.3642454,6.0
5.4111304,6.2
6.836592,6.6
5.4098663,4.0
5.373052,4.0
5.3985734,4.8
5.3951235,6.2
5.349592,4.8
5.394415,6.2
5.4464774,6.0
5.4167495,5.7
6.8719025,6.8
5.3574953,5.7
5.3635144,5.7
5.384824,3.5
5.364636,6.2
5.4428763,6.0
5.38651,3.5
5.4195113,5.8
6.9213405,7.5
5.3752813,5.0
6.9187107,9.0
5.402657,6.2
5.3570595,4.0
5.3879504,4.5
5.376527,5.0
5.370645,6.0
5.407403,6.2
5.398441,5.8
6.952719,8.2
5.4226537,4.5
6.936934,7.5
5.4600725,3.5
5.3896565,6.6
5.3612614,6.2
6.981231,8.2
5.385297,5.8
5.4072633,6.0
6.979077,6.6
5.4046793,4.5
5.3816857,6.5
5.395783,4.0
5.412228,6.0
5.3471694,3.5
5.4510126,4.0
5.4325457,5.0
5.441119,5.0
5.349239,5.7
5.4042983,6.0
5.41858,4.0
5.374122,3.5
5.3794765,6.2
5.399032,6.6
5.4464216,4.0
6.878639,6.0
5.420737,5.0
5.393778,4.0
5.40825,4.0
5.545039,4.0
5.376337,4.0
5.420336,6.1
5.390073,3.5
5.49756,4.5
5.4240036,5.8
6.9930134,5.8
5.3758283,5.0
6.9821787,5.8
5.2568083,6.2
5.601915,6.6
6.9694715,5.7
5.3833404,4.0
5.4402523,6.2
5.4694023,4.5
5.3756247,6.2
5.3953986,5.0
5.390705,4.0
5.401168,6.0
5.377521,6.0
5.359003,6.1
6.904935,8.8
5.3665876,6.5
5.376206,6.5
5.4295306,4.0
5.426857,5.7
5.4066205,4.8
5.3806076,6.2
5.427443,4.0
5.3983407,3.5
5.415485,4.8
5.4234266,6.5
5.4184546,5.8
5.422214,4.0
7.054944,6.5
5.32889,5.8
5.3446074,5.8
5.3759766,6.0
5.426221,6.0
5.379652,5.0
6.928258,6.2
5.428269,4.5
5.419514,6.6
5.3722863,5.8
5.390073,6.6
5.4080853,6.6
5.453971,3.5
5.402877,3.5
5.373669,6.0
5.399726,6.5
5.361299,6.5
5.3826303,6.5
5.2645683,5.0
5.387682,5.0
7.0249968,6.8
5.3836412,6.2
6.880422,8.2
5.438795,5.8
5.3840585,6.0
5.478023,5.8
5.4024887,6.2
5.4072046,6.6
5.4423575,6.2
5.40206,4.8
5.3847666,3.5
5.405456,6.6
6.914352,6.6
5.465095,3.5
5.428542,4.5
5.468091,3.5
5.437768,6.5
5.417223,6.5
5.3770337,6.0
5.3776,4.0
6.997753,8.2
5.46735,6.2
5.416755,5.0
5.490477,6.1
5.402188,4.0
5.4518495,4.8
5.428741,6.0
5.4593697,6.5
5.369868,6.5
7.0896287,5.8
5.41667,5.8
5.4507403,4.5
5.3932605,5.8
5.4001503,6.6
5.3917627,5.0
5.381132,6.2
5.391525,5.8
5.4276614,6.6
5.41453,6.1
5.3897142,6.1
7.016064,7.5
7.0121956,5.8
5.394297,4.0
6.8728566,9.0
5.490484,3.5
5.390558,4.8
5.4578304,6.0
5.376352,5.8
5.411254,6.6
5.3261557,6.0
5.432567,6.1
5.467084,6.1
5.3657227,6.1
6.904164,5.8
5.4257936,3.5
5.3727994,6.1
5.36802,4.0
5.4203615,5.7
5.435375,5.7
5.3748574,4.0
5.4360905,6.2
5.400969,4.5
5.4340286,5.7
5.4347095,5.0
5.458769,5.8
5.3784375,4.8
5.4024754,6.6
5.394873,6.2
5.3548937,4.8
5.4115252,6.5
5.4394445,3.5
5.421088,6.2
5.475867,4.0
5.476323,6.5
5.341092,5.0
5.4533343,6.6
5.3480234,6.6
5.3445225,6.5
5.436054,5.7
5.3964324,6.2
5.385744,6.2
5.4288554,4.0
5.4464216,6.2
6.931887,6.0
6.947413,7.0
5.4013004,5.7
5.409752,6.0
5.380937,6.6
5.4358773,5.8
5.416519,3.5
5.3780475,6.6
5.3468566,5.0
5.3434677,6.5
5.4336486,6.5
5.4092264,6.0
5.4001503,6.5
5.372584,5.7
5.3848376,6.5
5.440082,6.5
5.3882065,3.5
5.3920174,3.5
5.433711,4.5
5.3773317,4.8
5.395895,3.5
5.345754,5.8
5.412496,5.7
5.3582067,6.2
5.4700866,5.7
5.39873,5.7
5.4140773,4.5
5.430715,4.0
5.3772974,4.0
5.387489,6.1
5.4230056,6.0
5.483777,4.8
5.4108553,5.7
5.3543534,4.5
5.3784394,6.5
5.4311705,4.5
5.3665276,6.6
5.4185753,6.6
5.3258724,3.5
5.311509,4.0
5.4622464,6.5
5.3802176,3.5
5.437512,5.0
5.3267922,4.5
6.934004,7.5
5.39139,5.8
5.3771834,4.5
5.400624,5.0
6.9271235,6.2
5.4358816,6.6
5.4920216,6.5
7.072647,7.5
5.374536,6.1
5.364785,4.8
5.3536925,5.7
5.3958077,6.1
5.4293914,5.0
5.3805213,6.0
6.983836,6.5
5.463651,5.7
6.9669952,6.2
5.3604116,5.8
5.4768653,6.6
5.432348,4.5
5.4310064,4.0
5.4507976,4.8
5.3612084,6.0
5.4413805,5.0
5.3781214,5.8
5.421182,5.8
5.45337,6.6
5.5077543,4.5
5.3623023,6.0
5.3850794,5.0
5.4043846,5.7
5.3057327,6.2
5.4378853,3.5
5.389591,6.5
5.3830967,6.2
5.315644,4.8
5.3573422,6.0
5.383255,6.6
5.3897686,3.5
5.4035325,4.5
5.452882,5.0
5.4503875,4.8
5.4510827,6.1
5.362681,3.5
5.3858976,4.0
5.376795,5.8
5.4162054,5.7
5.344683,6.6
5.3802924,4.0
5.387457,4.8
7.1034603,6.1
6.8038244,6.8
5.419403,6.2
5.445884,4.5
5.413732,6.1
6.8829207,6.8
5.3907166,5.7
5.402611,6.2
5.5204377,6.5
5.400204,6.1
5.4416595,6.0
5.407957,4.0
5.360951,5.7
5.442069,4.5
5.428623,4.8
5.427112,6.5
5.3718057,6.2
5.4040728,6.6
5.437924,6.1
5.344805,6.0
5.38547,6.2
5.403341,5.7
5.322463,6.2
5.407156,6.2
5.374334,6.1
5.4082036,6.2
5.3605027,6.0
5.3490148,5.0
5.4285088,5.7
5.443634,4.8
5.428915,6.5
6.9911017,5.7
5.3984337,4.0
5.350988,6.0
5.37414,4.8
5.40148,4.0
5.398787,5.7
5.3951235,4.5
5.379193,6.2
5.43663,4.8
5.46139,5.0
5.435269,6.6
5.389462,6.1
5.412942,3.5
5.375754,4.8
5.3991833,4.5
5.383736,5.7
5.418632,5.7
5.383988,3.5
5.321277,5.7
5.3403754,6.5
6.905341,8.8
5.376757,5.8
5.4194565,5.8
5.4313726,5.8
5.407128,5.7
5.464537,6.0
5.713887,6.0
7.057136,6.0
5.389575,4.5
5.489992,5.0
5.374311,6.5
5.392397,4.0
5.4087057,6.5
5.3344965,6.0
5.384697,6.5
5.4725976,6.0
5.4298134,6.6
5.3476543,4.0
5.3478074,4.8
5.408216,4.8
5.411711,6.0
5.404567,6.5
5.3472786,4.5
5.443781,6.5
5.44991,6.2
5.3684964,6.5
5.444338,3.5
5.4237723,5.7
5.3523035,6.1
5.3894143,5.8
5.3711443,6.1
5.4569273,6.1
5.428218,4.5
5.402692,4.5
5.4170218,5.0
5.414519,3.5
5.343525,6.1
5.4452314,3.5
5.259775,6.6
6.9437118,6.0
5.3938723,5.7
5.389591,4.0
5.415782,3.5
5.4001703,6.6
5.387225,5.8
5.4085426,6.2
5.453472,6.1
5.4311047,5.8
5.40744,5.7
5.36192,4.8
6.740514,6.5
5.428758,6.0
5.4095545,3.5
5.45844,3.5
5.3884974,5.7
5.370645,5.7
6.9238424,8.2
5.394269,4.8
5.379029,6.6
5.435224,5.8
5.3966126,6.6
5.436177,5.0
5.390428,6.6
7.0234065,6.0
5.398706,4.5
6.994496,6.8
5.414856,4.8
5.4488845,5.7
5.417314,6.6
5.36935,5.8
5.3927827,4.8
6.929356,6.6
5.271677,6.1
7.130808,8.2
5.4152393,5.7
5.4600725,5.8
5.444887,6.0
5.3742547,3.5
5.340132,4.5
5.392813,4.5
5.3742414,5.8
5.438975,4.5
5.3726735,4.5
5.3817196,6.5
5.3882356,4.5
5.418856,3.5
5.420027,4.8
7.0094724,6.5
5.447569,4.0
5.3901167,4.8
5.378941,3.5
5.4137087,5.0
5.4560714,6.5
5.370188,4.5
5.409557,4.5
7.07818,6.8
5.3789544,5.0
6.7946663,6.0
5.4476132,6.1
6.919739,5.7
5.415584,6.1
5.403229,6.1
5.3578224,4.5
5.426828,6.2
5.4005103,5.8
5.3952117,5.8
5.4046774,6.6
5.4296756,4.8
5.4353642,6.5
5.518192,4.5
5.4165416,6.0
5.3698807,6.5
5.4441504,5.7
5.3535633,4.0
5.3133507,6.0
5.4508057,6.0
5.3690104,4.5
6.9621763,6.0
6.936541,7.0
5.4452734,4.5
5.395895,6.5
5.4430823,6.5
5.363206,6.5
5.451456,6.5
5.4918375,6.5
5.3815527,4.0
5.367885,6.6
5.436065,5.8
6.9068003,6.2
5.4861865,6.2
5.442879,4.8
5.4466877,3.5
5.390516,3.5
5.41876,4.5
5.385584,6.2
5.4258423,6.5
5.402981,5.8
5.4060574,5.0
5.3708982,5.8
6.928663,6.2
5.2756557,6.6
5.38145,5.7
5.417188,4.5
5.4002604,3.5
5.410245,4.8
5.3708143,6.0
5.406224,4.5
6.9899483,5.8
5.393243,6.6
5.471389,6.5
5.5570326,6.1
5.4227285,6.0
5.4472747,4.5
5.3693357,4.8
5.4080853,4.8
5.4102774,4.5
5.4100666,6.2
6.8218718,5.8
5.4253745,4.0
5.3612614,5.7
5.3851533,6.0
5.5637407,6.1
6.8974676,8.8
5.3821187,6.1
5.3873096,4.5
5.4201474,6.6
5.3960648,6.5
5.405206,4.0
5.3371277,5.8
5.4062834,4.0
5.360357,4.5
5.3853235,6.1
5.3495636,4.0
5.4093375,5.0
5.3882475,6.5
6.933598,6.1
5.40406,6.1
6.9732766,7.0
5.387786,5.7
7.004015,6.8
5.376739,4.0
5.3704767,6.5
5.3385024,6.6
5.3891087,4.8
5.445543,6.2
5.45238,6.0
5.4042473,5.0
6.6853623,6.6
5.395442,6.6
5.3431683,3.5
5.3732753,4.5
5.3801756,4.0
6.9261584,6.8
5.4445944,3.5
5.375638,4.0
5.373656,6.2
5.3964424,6.2
5.370645,6.6
5.407963,6.0
5.369078,5.8
5.4420786,4.0
5.4519267,4.0
5.3219585,4.8
5.4097214,6.1
6.8924637,9.0
5.4837213,5.0
6.945536,6.2
5.3934007,4.0
5.3811674,6.5
5.3892307,4.8
5.3598495,4.8
5.34891,6.5
5.5417795,5.8
5.4367766,6.6
5.425898,5.7
5.389268,6.5
5.3562317,4.5
5.382342,6.1
5.4602695,4.0
5.4467173,6.1
5.4593697,5.8
5.4270554,5.7
5.415061,4.5
5.416357,3.5
5.3998275,6.1
6.9787726,5.7
5.4077497,5.8
5.3867726,4.5
6.954595,5.8
5.4582467,4.5
5.4229283,6.2
5.681476,6.1
5.4753666,6.6
5.422407,4.5
5.4021006,5.8
5.4499035,6.2
5.4413695,6.1
5.488422,6.1
5.377634,6.6
5.3964047,4.8
5.3767147,6.1
5.4075537,6.1
5.302737,4.5
5.402302,5.0
5.3428116,5.7
5.4347105,4.5
5.4255347,5.8
5.476959,3.5
5.401988,4.0
5.4347405,4.0
6.9087224,6.5
5.43419,4.0
5.4203258,4.0
5.39087,4.5
5.3536925,4.8
5.3884606,3.5
5.4034963,3.5
5.382489,5.0
5.499763,6.1
5.3624315,5.0
5.4252176,6.6
5.425434,4.0
5.3675056,6.2
5.3943806,5.7
5.390629,3.5
6.846444,5.8
5.3683796,3.5
5.4396,4.5
6.8828225,7.5
5.4169583,6.2
5.4028573,6.0
5.424144,3.5
5.388905,4.8
6.919832,6.8
6.9999638,5.8
5.3231235,4.8
5.3624945,6.5
5.3613977,4.5
6.9182525,6.5
5.381146,6.6
6.921405,6.6
5.431318,6.2
5.3760266,6.1
5.4371905,6.1
5.418578,4.5
5.3998275,5.8
5.455482,6.0
5.46415,5.0
6.946776,8.8
5.4181147,6.1
5.3707967,6.5
5.420699,4.0
5.3917084,4.8
5.4488354,6.5
5.3794885,5.7
5.46002,6.6
5.3570366,4.8
5.4307675,6.0
5.402589,6.0
6.747153,5.8
5.3304267,5.0
5.4962163,3.5
5.4140635,5.0
6.8940544,5.8
5.4421067,6.6
5.355955,5.7
5.3663707,6.0
5.416457,5.0
6.972731,6.0
5.420998,4.8
5.416478,5.8
5.449037,6.1
5.389946,4.5
5.4250083,4.0
5.4060097,4.5
5.4433017,5.0
5.439518,6.6
5.4770947,3.5
5.331621,3.5
5.431509,6.6
5.401466,6.6
5.4728,6.6
5.4114585,6.2
7.1279984,6.0
5.385288,3.5
5.3334465,6.6
5.365143,4.8
5.4339714,3.5
5.410357,6.2
5.390855,5.8
5.39265,5.7
5.388669,5.0
5.403342,5.7
5.3763266,4.8
5.3988113,6.1
5.409693,4.0
5.5077157,6.1
5.3973317,6.0
5.427529,5.8
5.414519,6.1
5.4161434,6.2
5.413517,6.0
5.499445,4.8
5.4309998,6.1
6.8793554,6.0
5.4312067,5.8
5.3700404,6.2
5.3641977,5.0
5.401971,5.7
5.439858,5.8
5.4398293,3.5
5.3846407,5.7
5.384705,3.5
6.948708,9.0
5.3309584,3.5
5.4113083,3.5
5.4191775,5.0
5.381267,6.6
5.4029813,6.2
5.401266,5.8
5.314907,6.5
5.3823113,4.5
5.4090176,5.0
5.36775,3.5
5.395444,6.0
5.377639,5.7
5.3881454,5.0
5.3716893,4.8
5.421211,4.0
7.0142546,7.5
5.3814983,4.8
5.440256,5.7
5.2526126,6.2
5.408772,4.0
5.424641,5.7
5.355501,4.8
5.421752,6.6
5.3949976,6.0
5.4197283,3.5
5.3790708,6.0
5.4424615,5.8
5.4488354,4.8
5.390784,4.5
5.3650546,6.6
5.4257236,4.0
5.427443,4.0
5.328938,5.0
5.3682957,6.6
5.3739758,5.7
5.376039,4.8
6.9566393,9.0
5.414429,4.0
5.4313135,5.8
5.368636,5.8
6.8715262,6.0
5.386917,6.5
5.4362416,4.5
6.9767046,9.0
5.406992,6.0
5.4028096,4.5
5.385874,5.0
5.433832,5.8
5.4356017,6.2
5.5093327,6.6
5.3979235,6.6
5.2853622,3.5
5.4302163,6.1
5.3634934,6.2
5.3777843,5.8
5.410247,4.0
6.907043,5.8
5.3541083,5.7
5.4269943,6.2
7.012864,9.0
6.939195,6.8
5.3633356,4.5
5.4835577,6.1
5.379638,6.1
5.3637657,6.6
5.4115415,4.8
5.38985,4.0
5.4207873,5.0
6.8453813,8.2
5.3865542,3.5
5.367288,4.8
5.4502344,4.8
5.4073963,5.0
5.4539313,4.8
5.3516374,3.5
5.434997,6.6
5.389049,4.5
5.388084,6.0
5.4410515,6.2
5.4066625,6.0
6.9153,8.8
5.4209538,4.5
5.3958654,5.8
5.424563,4.8
5.5274086,4.8
5.3747864,4.8
5.386811,6.0
5.326116,6.2
5.3649364,5.0
5.409919,3.5
5.4515567,5.8
6.9662504,6.0
5.4527955,4.0
5.375459,4.5
5.4191823,6.1
5.4465456,3.5
6.9049606,6.6
5.403613,4.5
5.3281116,5.7
5.400598,5.0
6.9089828,8.8
5.3743167,6.1
5.334923,5.7
5.4452734,6.1
5.438432,6.1
5.3602023,6.6
5.429995,4.0
5.368645,6.2
5.3482995,6.2
5.4231467,4.8
5.481489,3.5
5.382838,6.6
5.4406767,5.8
5.503753,4.0
5.4320984,5.0
5.374386,6.2
5.335838,6.0
6.8754663,5.7
5.4495497,6.0
5.473319,6.1
5.459961,5.8
5.380062,4.0
5.256632,5.7
5.369289,6.5
5.333381,6.2
5.3909397,6.5
5.494631,6.5
5.435849,6.6
6.8127556,8.2
5.3930535,4.0
5.394685,4.5
6.973854,7.5
5.3451257,5.7
5.3833117,3.5
5.3534784,4.0
5.280242,6.0
6.9600563,7.5
5.38847,5.7
5.4111238,4.5
5.4062076,5.0
5.368293,6.5
5.3541794,4.8
5.440082,4.8
7.05162,7.5
5.434693,6.0
5.467084,6.0
5.5060635,3.5
5.4295006,6.1
5.3637013,6.1
5.3929195,5.8
5.427267,5.0
5.430207,4.0
5.372321,5.0
5.339533,4.5
5.383308,3.5
5.398529,6.0
5.3744636,6.1
5.323133,5.8
5.40085,6.2
5.3963385,4.8
5.4302163,6.6
5.439858,6.6
5.344151,6.6
5.335542,6.0
5.396478,5.0
5.3467703,6.5
5.422274,6.0
5.3440037,4.5
5.2300935,6.5
5.4322634,6.2
5.403341,3.5
5.3923407,5.7
5.4082904,4.5
5.411869,5.0
5.41703,4.5
5.3620057,6.0
5.400205,5.8
5.4082327,4.5
5.4220214,6.0
5.3625135,6.2
5.395402,5.8
5.4125977,6.6
5.380596,6.1
5.372693,6.2
5.3735,4.8
7.0600476,7.0
5.4548635,5.7
5.3984036,4.8
5.3588634,6.0
5.495395,6.1
5.404737,4.8
5.326257,4.8
5.302175,6.1
5.379994,4.8
5.3733387,6.0
5.379531,3.5
5.411779,4.5
5.562366,6.1
6.8797584,8.2
5.3889575,6.2
6.8286195,6.5
5.377565,6.5
5.343669,6.0
5.42733,3.5
5.414145,5.8
5.4350643,6.0
5.4180455,4.0
5.403554,5.7
5.4249845,4.8
7.0042324,6.8
5.3930435,5.0
5.424466,6.5
5.3974624,4.8
5.3589997,6.1
5.3932214,4.5
5.4297857,5.8
5.3920445,4.5
5.3724055,6.5
5.4506483,6.6
5.4197097,6.2
5.3872485,4.8
5.387756,4.8
5.4067497,4.5
5.4603925,5.8
5.39429,6.6
5.441406,6.2
5.3563824,6.1
5.4066734,5.7
5.4471316,6.2
5.483088,6.6
5.4256787,5.7
5.4105735,6.2
5.385403,4.8
5.3839717,5.8
5.387478,4.0
5.3805485,6.1
5.4599547,6.0
6.941225,6.8
5.420624,5.0
5.3756323,6.2
5.4359927,6.6
5.422887,3.5
5.3781414,4.8
5.434868,5.7
5.383442,3.5
6.9165635,6.5
6.8778067,7.5
5.430888,4.5
6.9609737,7.0
5.409742,6.2
5.3799543,4.5
5.3951535,6.6
5.378818,4.8
5.4554625,5.8
5.422191,6.5
5.3804975,4.5
5.415536,6.6
6.9066243,6.6
5.428725,6.6
5.418712,4.0
5.4083586,3.5
5.397314,6.0
5.37008,6.2
5.3898687,3.5
5.4132524,6.5
5.4390674,4.5
5.4828267,5.0
5.4317846,6.1
5.451244,6.6
5.4641604,5.7
5.4070654,5.8
5.4270525,6.6
5.4292197,5.7
5.4054036,4.0
5.4380903,6.6
5.3364954,6.5
6.938989,6.6
5.4752464,5.7
5.390686,3.5
5.3948016,3.5
5.4817476,6.6
5.5046434,6.0
5.4018774,6.6
5.444494,5.7
5.430485,6.1
5.4158263,6.1
5.3794656,5.0
5.426154,6.0
5.4300337,5.7
5.384697,6.6
5.4104004,5.7
5.409245,6.5
5.366396,3.5
5.4013495,5.8
5.3576345,4.0
5.454236,3.5
5.4367394,4.0
5.425434,5.8
5.3944664,5.7
5.391978,6.1
5.3455305,6.0
5.385847,4.5
5.3753924,5.7
5.4510303,5.7
5.519448,4.0
6.889702,7.0
5.383336,6.1
5.3214455,6.0
5.38116,6.0
5.4234138,5.0
5.3904333,4.8
5.3332148,5.0
5.434914,4.5
5.4855886,5.8
5.430207,4.8
5.4036913,6.6
5.405381,5.0
5.434735,5.0
5.389994,4.8
5.3867383,6.0
5.4249187,5.0
5.3557925,6.6
5.441055,5.7
5.4027343,6.0
5.611634,6.6
5.436362,5.8
5.404031,6.5
5.426548,5.0
5.33578,6.1
5.4709334,4.5
5.391536,6.6
7.0085177,9.0
5.3624315,6.5
5.4138637,6.5
5.3496814,6.5
7.0786443,8.2
5.3291025,4.8
5.438975,6.0
6.8912554,5.8
5.406311,3.5
5.2702627,6.6
5.395623,6.5
5.4082623,4.0
5.4001503,5.7
5.4897814,6.5
5.276619,4.0
5.3884892,6.2
5.4915133,4.8
5.364508,3.5
6.854588,5.7
5.4496694,5.0
5.398189,5.7
5.4574957,5.0
5.404832,4.0
5.3698616,6.2
5.3615875,5.0
5.3644876,6.1
5.3684187,6.0
5.3055363,6.5
5.473845,6.5
5.3992295,5.7
5.355314,6.1
5.399035,6.0
5.488422,6.1
5.380836,6.2
5.412683,6.0
5.400461,6.2
5.377628,6.1
5.3848944,6.0
5.4052653,4.0
5.375736,5.0
5.3739815,5.7
5.3802958,6.1
5.4007516,5.0
5.392142,6.1
5.4282627,5.7
7.0354877,6.5
5.4626627,4.0
5.686623,4.8
5.3744726,4.0
5.4340286,6.5
5.452487,6.1
5.451931,6.6
5.350816,6.2
5.4601502,4.0
5.404829,4.0
5.4343996,4.5
5.418963,3.5
5.4046326,5.8
5.386964,5.8
5.3871255,5.7
6.887495,5.7
5.3323975,5.8
5.398016,6.0
5.391016,4.0
5.44591,5.8
5.36375,5.8
5.432057,5.7
5.435255,6.2
5.300553,4.8
5.43627,6.5
5.3805485,6.2
6.907513,8.2
5.3867726,4.0
5.4621572,6.2
5.412814,6.1
5.3870063,3.5
5.385476,6.0
5.4386735,6.0
5.361314,4.8
6.9667554,8.2
5.3773246,5.8
5.350629,6.2
5.3792114,5.7
5.4270005,6.0
5.500754,4.8
5.359138,4.0
5.4403987,5.7
5.37925,5.8
5.423062,3.5
5.425108,6.2
5.398189,6.6
5.4290085,3.5
5.410829,5.7
5.403082,6.2
5.4951115,6.0
5.442651,4.5
5.413568,6.5
5.375324,6.0
5.4258537,4.0
5.413542,6.6
5.282394,4.0
5.4380765,6.2
5.3515534,6.6
5.3789854,4.5
5.3879294,4.0
5.402327,5.0
5.420079,3.5
5.4033713,5.7
5.376344,5.0
6.9383106,6.5
5.3786354,6.1
6.9830317,8.2
5.399722,3.5
5.3281627,6.0
5.3810377,4.5
5.3168297,4.8
5.3744183,4.5
5.352728,6.1
6.8523207,6.8
5.4322953,4.5
5.3871956,5.7
5.43371,6.1
5.383393,5.8
5.432935,6.6
5.427766,5.7
5.4199467,4.8
5.400504,6.1
5.4845424,4.5
5.432312,6.5
6.907799,5.7
5.4038625,4.8
5.369901,4.8
6.913029,9.0
5.355158,5.0
5.4368324,5.0
5.353038,4.8
5.390115,6.0
5.4841714,5.7
6.983236,6.8
5.439627,6.5
5.483181,6.5
5.390036,6.0
5.397542,6.6
5.3805485,4.5
7.066478,5.7
5.3286514,5.0
5.4055314,6.2
5.430443,4.8
5.42807,4.8
5.4057007,5.8
5.409742,6.5
5.4249406,4.5
5.4369507,4.5
5.42798,5.7
5.355361,5.0
5.424668,4.5
5.3680444,6.5
5.382702,4.0
7.005879,6.0
5.370291,6.0
5.3815837,6.6
5.4381366,6.6
5.46069,5.7
5.3727455,4.8
5.358969,5.8
5.425929,4.5
5.357757,6.2
5.409328,5.8
5.4449954,5.8
5.409421,4.5
5.4510603,5.0
5.361731,5.0
6.9851727,6.6
5.391301,4.5
5.4064255,4.0
5.402212,4.5
5.393956,6.0
5.3831096,6.5
6.919919,8.2
5.3815,4.5
5.410309,6.5
6.9135923,5.7
5.3913507,5.7
5.3485274,3.5
5.34336,4.5
5.3770967,4.0
5.3750443,5.8
5.4644957,6.2
5.448401,6.2
7.149958,8.8
5.394825,4.8
5.44847,5.8
5.3307166,6.6
5.390048,4.0
5.42498,4.0
5.429513,3.5
5.3586874,5.0
5.325182,6.5
5.397905,6.0
5.395078,3.5
5.4589415,6.5
5.404019,4.0
6.9093113,8.2
5.311552,6.6
5.384164,5.8
5.377693,6.6
5.406829,5.7
5.3960743,5.0
5.361861,5.0
5.34714,5.0
5.4067802,6.5
5.4223027,6.6
5.3774137,6.1
5.33596,4.0
5.4533954,4.8
5.3843956,6.1
5.402046,5.8
5.4124956,6.5
5.4157887,5.7
5.3369417,6.5
5.38776,5.7
5.4542723,6.1
5.363687,3.5
5.3819165,6.0
5.400472,5.7
5.304862,6.6
5.386531,4.5
5.478219,4.8
5.4594,3.5
6.9928994,7.5
5.406504,6.0
5.391375,4.5
5.381184,6.1
5.4070525,5.8
5.374672,6.5
5.375876,5.8
5.469715,3.5
5.3694334,5.0
5.381744,6.2
6.8129735,6.2
6.886363,7.5
5.3077164,5.8
5.414275,6.1
5.4641604,6.6
5.4435825,4.0
5.4578047,5.7
6.892093,6.6
5.477601,5.8
5.427461,5.7
5.392036,5.7
5.427231,4.8
5.420469,6.0
6.9518113,6.0
5.387545,6.2
5.3832636,6.2
5.402055,4.5
7.051542,8.8
5.382208,4.8
5.391019,3.5
5.3984494,5.0
5.3563457,6.6
5.3687367,6.2
5.377628,6.2
5.368161,6.1
5.383387,6.1
5.4480305,5.7
5.350979,4.8
5.347406,4.5
5.2863965,6.1
5.3984494,5.8
5.41035,3.5
5.4251423,6.5
5.4587173,4.8
5.387021,6.6
5.3873014,4.5
5.3651114,6.0
5.3801174,6.2
5.39249,5.7
5.368645,4.8
5.390073,6.6
5.411779,6.5
5.384973,6.0
7.074692,6.6
5.3933244,6.0
5.4450846,6.0
5.4575334,6.6
5.343316,6.1
5.4166675,5.7
5.414343,6.1
5.374101,3.5
5.387159,5.7
5.401274,6.5
5.3879504,4.5
5.464382,4.8
5.459938,6.5
5.4145613,6.6
5.387285,6.0
5.341931,5.7
5.429598,3.5
5.4194684,6.0
5.4085655,4.8
5.399134,5.0
5.376352,6.1
5.5158563,6.6
5.3790245,5.8
5.437254,6.2
5.3640194,6.0
5.4365892,5.8
5.3856874,5.7
5.3700695,3.5
5.3882165,4.5
6.771717,8.8
5.4276376,5.0
5.3624315,3.5
5.3429217,6.5
5.475867,5.0
5.343124,4.5
5.378039,6.5
5.3879895,4.8
6.935486,5.7
5.3585443,4.5
5.4196134,6.1
5.369908,3.5
5.426002,6.2
5.4506483,6.0
5.428542,6.1
7.1426077,7.5
5.394759,4.8
5.4618216,3.5
5.3754005,6.5
6.8548183,6.1
5.3984056,4.8
5.3832245,4.5
5.3230953,5.7
5.4013667,6.2
5.3582473,6.5
5.395794,3.5
5.373801,3.5
6.897344,6.2
5.4280605,4.5
5.422153,6.6
5.383714,4.5
5.455962,6.5
6.8754015,6.8
7.096998,6.0
5.42921,5.8
5.3747973,4.0
5.3968563,6.6
5.4295216,6.5
5.3200355,6.2
5.3973317,3.5
5.3432217,5.8
5.4928637,4.0
5.3728194,6.6
5.397731,4.8
5.3505244,6.2
5.3824606,6.2
5.3960037,5.8
5.363167,6.6
5.424921,5.8
5.372163,6.2
5.452649,6.0
5.415954,4.0
6.9963408,7.5
5.403764,6.6
5.4301257,6.1
5.3554716,6.6
5.3997283,6.2
5.39438,6.6
5.3712893,5.7
5.4028354,6.1
5.3553753,4.0
5.3833175,6.5
5.3612585,5.8
5.420027,6.5
5.4083433,5.0
5.4219255,6.5
5.3799624,6.1
5.458148,6.2
6.8853984,6.8
5.405493,4.0
5.422923,6.5
5.3623943,5.7
5.389567,6.0
5.4496017,4.8
5.4291687,6.5
5.4555864,6.1
5.430043,6.5
5.444287,5.8
5.37419,4.5
5.4562483,5.7
5.414778,5.7
6.892736,6.1
5.374952,4.0
5.419745,4.5
5.455189,3.5
5.4256587,6.0
5.3818245,3.5
5.411302,4.5
5.3882027,6.1
5.429566,6.2
5.425531,6.1
6.792896,8.2
5.4232225,6.6
5.448708,5.7
5.4916844,3.5
5.401749,6.1
5.4135942,6.2
5.384542,4.5
5.3794465,6.0
5.445643,5.0
5.3311033,5.8
5.3706656,5.7
5.3860035,4.0
5.4057384,6.1
5.4237356,4.8
5.41055,6.1
5.3691635,6.5
5.3676553,6.5
5.4343653,4.8
5.3686714,5.8
5.4796433,4.5
5.382222,5.8
5.3651667,5.8
5.3579206,5.8
5.390407,4.0
5.342676,6.1
5.4630327,5.8
5.3873143,6.1
5.4117723,3.5
5.362709,5.0
5.328098,5.7
6.7321954,8.2
5.430399,3.5
5.399171,5.7
5.4686017,5.0
5.4154344,4.0
5.4619613,6.5
5.33857,6.5
5.3480935,5.8
5.445254,6.5
5.4267573,6.1
6.8465204,5.8
5.3334746,6.5
5.3650618,5.7
5.3892913,3.5
5.4310184,6.5
5.438092,6.2
6.956681,6.2
7.0027795,6.6
5.47231,6.5
5.3363967,6.2
5.3508697,6.0
6.942413,6.8
5.418856,5.7
5.426335,3.5
5.428542,4.5
5.3582673,4.8
5.393119,5.8
5.3871884,6.5
5.388861,5.0
5.378036,6.1
5.4133863,6.6
5.4049406,4.5
5.436088,6.6
6.9323688,5.8
5.3548903,4.5
5.4197783,3.5
6.9027,7.5
5.431774,5.0
5.4473863,5.0
5.332057,5.7
5.317106,5.7
5.3953986,4.5
5.413542,3.5
5.3970284,4.0
5.413837,5.7
5.43102,6.6
5.4216237,4.0
6.9252143,6.0
6.9620347,8.8
5.4567304,6.1
5.3869295,6.0
5.403688,5.8
5.428781,6.5
5.3569255,6.5
5.3906665,6.2
5.4192867,6.2
5.3724184,6.6
5.4318395,5.7
5.382702,4.5
5.3756266,6.2
5.4163604,6.1
5.3887177,4.5
5.354144,5.7
5.419657,5.7
5.381758,3.5
5.3382382,5.7
5.3328857,6.6
5.427451,5.7
5.371607,5.8
5.3641653,6.1
5.421446,6.6
5.391707,4.0
5.4134035,5.8
5.43412,3.5
5.364953,3.5
5.3964586,6.5
6.9372735,5.7
5.4340158,4.8
5.430399,6.1
6.9770565,6.0
5.4290743,6.5
5.373185,6.0
5.411502,4.5
5.3898687,5.8
5.4301615,6.2
5.391592,4.5
6.886003,6.0
5.4102864,6.6
7.175675,7.0
5.37091,4.8
5.3853903,4.8
5.3013177,6.0
5.3748016,6.2
5.4310064,3.5
5.471577,5.8
6.897201,9.0
5.3467216,6.6
5.4064045,4.0
5.420022,6.1
5.412541,6.6
5.387343,6.0
6.8660045,6.2
5.474936,4.5
5.4216294,6.0
5.4329243,6.2
5.440943,6.0
5.472544,4.5
6.972971,6.6
5.4430513,5.7
6.9435453,6.2
6.9459643,5.7
5.416763,6.0
5.375081,6.2
5.3776526,6.1
5.450672,5.8
5.409742,6.6
5.471953,4.0
5.4346232,6.5
5.634667,3.5
5.444718,5.7
5.4438868,5.0
5.356398,4.0
5.4166584,4.8
5.33857,4.0
5.3817635,4.0
5.407833,6.1
5.389412,4.8
5.3615603,6.5
5.3692656,6.2
5.41816,6.6
5.4488845,4.5
5.448041,4.5
5.390987,3.5
5.3790245,6.0
5.3759856,3.5
5.4411907,5.0
5.4091463,5.0
5.4502764,4.5
5.3809752,3.5
5.4353375,6.0
5.4865494,4.5
5.4265647,3.5
5.39136,5.7
5.4122543,5.7
5.3636394,4.5
5.533476,5.8
5.4175997,5.7
5.3054786,5.8
5.382864,4.5
5.4126973,5.8
6.9389186,8.2
5.392646,5.7
5.395703,5.0
5.442681,6.0
5.400634,6.0
5.4188404,6.5
5.3233933,5.8
5.4054,5.0
5.433244,6.1
5.3377447,6.1
5.423663,5.7
5.462842,6.5
6.8987293,6.1
5.427443,6.1
5.4412537,6.1
6.9788775,6.1
5.4580603,5.7
5.403684,3.5
5.4900546,5.0
5.3851213,5.7
5.482922,6.6
5.432278,4.0
5.3753576,6.6
5.433216,6.2
5.4182606,4.0
5.4247932,5.7
5.5106606,5.0
5.3571677,6.6
5.362993,6.0
5.447569,5.8
5.415299,6.6
5.41822,5.0
5.354002,6.0
5.401264,6.6
5.3979764,6.2
6.902782,8.2
5.394331,6.5
5.3964543,5.8
7.0098615,6.0
5.4086666,6.2
5.4234047,6.5
5.409732,6.5
5.4590693,6.1
6.936978,6.1
5.3862505,6.2
5.4062886,6.0
5.444953,6.1
5.4007673,6.0
5.392755,3.5
5.356063,5.7
5.3735986,6.2
5.497225,6.0
5.432929,5.7
5.449123,4.0
5.3727393,6.0
5.4174094,4.5
5.37036,5.8
5.4158735,6.6
5.4464545,4.8
5.399248,3.5
5.4285216,4.5
5.4224796,5.8
5.4256396,3.5
5.4162364,6.1
5.4443064,4.8
5.380369,6.6
5.3933244,5.0
5.3884406,6.2
5.4086256,6.6
6.966121,6.0
5.4066854,4.8
5.3717446,6.1
5.4879313,5.8
5.3884606,4.8
5.4112306,6.5
5.4277167,4.0
5.4353194,4.8
5.367288,6.0
6.9426584,5.7
5.3926597,5.0
5.3838944,6.0
6.9338493,7.5
5.3863497,4.5
5.3696666,6.6
5.46132,5.0
5.3544726,6.1
5.3892307,4.5
5.5334396,5.0
5.4560394,3.5
5.4306793,3.5
5.3862143,6.0
5.4339037,6.0
5.419045,4.8
5.4213996,6.1
7.0368304,6.0
5.3600426,4.5
5.4066954,5.0
5.3982763,3.5
5.416892,5.0
5.440702,4.5
5.409318,4.0
5.461181,6.1
5.400673,5.7
5.397433,5.0
5.366239,4.0
5.389081,4.8
5.4223466,5.7
5.3988767,4.5
5.382129,4.8
5.4037986,4.5
7.0104384,6.2
5.410537,4.0
5.3855653,6.5
5.425577,5.7
5.4117413,6.1
5.57467,5.8
5.3888054,4.0
5.356513,4.5
5.452567,6.6
5.4593697,4.5
5.474936,6.5
5.3911753,5.8
5.459911,5.7
5.42582,5.7
6.923206,6.1
5.3804636,6.2
5.3450623,6.0
5.325252,6.5
5.3758287,4.8
5.425434,6.2
5.3705683,4.8
5.4043326,5.0
5.356574,5.0
5.4340243,5.0
5.4205713,5.8
5.414061,5.0
5.430742,6.0
5.3298416,5.0
5.450548,4.0
6.8857675,6.5
5.380207,4.8
5.40897,6.2
5.3876457,6.6
5.3932796,6.5
5.4616275,3.5
5.360751,3.5
5.390574,4.8
5.434268,6.1
5.368749,3.5
5.430877,5.8
5.357068,6.2
5.464393,4.8
5.3869696,6.0
5.402844,5.8
5.4604692,5.0
5.4503407,3.5
5.4060574,5.7
5.3423266,6.5
5.3711443,5.0
5.4094176,5.0
5.431177,4.8
5.380826,6.2
5.317996,6.2
5.4124665,6.0
5.386889,6.2
5.406021,4.0
5.354515,4.5
5.446557,5.0
5.447029,5.7
5.456496,4.0
5.3896456,6.5
5.4839087,5.0
5.408772,5.0
5.4019775,4.5
5.38293,4.8
5.370246,4.8
5.431681,5.7
5.415852,6.6
5.4580407,3.5
5.36741,4.8
5.487449,6.1
5.4075804,6.1
5.3962336,5.7
5.46692,5.8
5.358343,4.0
5.3875523,6.1
5.4983654,3.5
5.4482417,6.1
5.443027,4.5
5.401603,5.8
5.419534,6.2
5.4563847,6.0
5.360968,5.0
5.4097786,5.8
5.3594017,5.8
5.3709044,4.5
5.456915,6.2
7.2145014,9.0
5.397225,5.0
5.461199,6.6
5.3659706,6.2
5.344816,6.0
5.4533257,6.2
5.3739386,5.7
5.408482,3.5
5.339648,6.1
5.401135,4.5
5.3853173,5.8
5.380108,5.8
5.307255,4.0
5.4062886,6.6
5.3672915,6.1
5.3603716,4.0
5.374427,6.2
5.418949,6.5
5.441315,4.5
5.3740478,6.1
5.397755,6.6
5.4324436,5.8
5.3374496,5.8
5.401953,3.5
5.3720546,5.8
5.3923917,4.8
5.393198,6.2
5.3769727,6.6
5.3971243,6.5
5.3940496,4.5
5.3801703,5.7
5.3929214,4.0
5.3815823,5.7
5.4648457,5.7
5.3543105,6.5
5.449895,6.6
5.4902573,6.0
5.3627934,6.5
5.3932076,6.0
5.438836,4.0
5.438975,6.1
5.3795958,6.5
5.44441,6.2
5.3831825,3.5
5.4871254,4.0
5.438464,6.0
5.392685,4.8
5.4501386,6.2
5.3706913,6.5
5.420866,6.0
5.25823,6.2
5.4390917,6.5
5.437103,6.1
5.3161626,5.7
6.7840953,7.0
5.447881,5.7
5.399257,3.5
5.44599,6.0
5.3929114,6.1
5.4112306,6.0
5.3671293,6.1
5.3897467,6.0
5.3957105,6.0
5.384973,4.8
5.271175,6.1
5.2775946,4.0
5.428725,6.0
5.388684,4.5
5.2853484,5.8
5.3608274,5.8
5.4250216,4.8
5.4199085,3.5
5.357341,4.0
5.270482,5.7
5.436249,3.5
5.4077096,4.5
5.368781,6.0
5.3873615,6.2
5.37437,6.0
5.3966317,3.5
5.4240766,6.0
6.9252143,8.8
5.4182825,6.1
5.3464384,6.1
5.3942394,6.1
5.421014,6.1
5.4191585,5.8
5.299895,6.0
5.3887706,3.5
5.3881044,6.5
5.407291,5.8
5.3553514,5.8
5.3739667,4.8
5.3842483,4.8
5.392436,6.0
5.434372,5.8
5.335363,5.8
5.415238,6.5
5.4422903,4.0
5.435446,6.1
5.381029,6.0
5.394626,6.0
5.4490337,6.6
5.4250216,6.1
5.3749285,4.0
6.7967796,8.2
5.4161077,5.8
5.303765,5.7
5.3994203,3.5
5.403399,6.0
5.3726506,4.5
5.4517064,4.0
5.4661055,6.2
5.4153576,5.0
5.371916,5.7
5.454406,4.5
5.4614954,4.8
5.413021,5.8
5.334505,4.8
5.379205,4.8
5.431069,6.0
5.415745,6.1
5.3874955,4.8
5.411304,6.2
5.4343996,6.2
5.4044313,5.7
5.3641834,6.6
5.4157915,6.2
5.3805,6.6
5.4280667,3.5
5.36638,4.8
5.4116898,6.0
5.4680543,4.8
5.4165664,5.0
5.424847,5.7
5.431176,5.0
5.4022617,6.6
5.2819796,6.2
5.3749776,6.1
5.4400053,6.2
5.448793,4.8
5.445996,4.5
5.351545,6.2
5.454556,5.7
5.446811,4.0
5.434599,5.0
5.3593225,4.5
5.453344,6.1
7.0394583,5.8
5.417872,6.0
5.359867,6.6
5.337484,4.5
5.3599124,4.0
5.433999,4.8
5.3951354,6.1
5.398108,5.7
5.389786,4.8
5.36841,6.0
5.4182606,5.7
5.463089,6.6
6.8901606,8.8
5.413698,4.5
5.430459,6.2
5.4920387,6.5
5.3569846,5.8
5.385403,6.1
5.475867,4.0
6.9422626,6.1
5.4587774,5.7
5.4256134,4.0
6.866517,7.5
5.383932,4.0
5.42315,6.1
5.373138,4.0
5.395442,3.5
5.409801,5.8
5.3867135,6.5
5.4476743,6.6
5.386954,6.6
5.4194145,6.2
5.437775,6.2
7.002758,6.6
6.913669,5.8
5.383548,5.0
5.297007,6.1
5.3737783,6.1
5.456345,4.5
5.3923984,3.5
5.3410635,5.8
5.38705,5.8
5.402621,4.5
5.460765,5.7
5.4060993,5.8
5.401711,4.0
5.452827,4.0
5.3801703,4.0
5.328196,5.0
6.975464,6.0
5.38421,4.0
5.41952,3.5
5.3796954,5.8
5.4028416,5.8
5.383822,6.5
5.3335447,6.0
5.4103713,6.6
5.37792,6.6
5.406897,6.2
5.44599,4.5
5.4126234,6.0
5.3955154,6.5
5.295866,6.0
6.86757,7.5
5.4738474,6.6
5.482235,4.0
5.4243135,6.5
5.360047,6.1
5.462777,3.5
5.3821454,4.5
5.4712014,4.5
5.3749404,4.8
5.3775377,6.1
5.372487,6.2
5.3759675,5.7
5.4291115,6.1
5.406037,4.8
5.450529,6.0
5.438975,5.0
5.4247932,6.5
5.458052,5.7
5.4593763,5.8
5.3831897,6.0
5.401671,6.6
5.430207,6.0
5.407957,3.5
5.368572,4.5
5.4293914,4.0
5.4280105,6.5
5.412689,3.5
5.412044,6.5
5.366498,5.0
5.389289,5.0
5.4111304,4.8
5.385575,6.5
5.393699,6.6
6.935656,8.8
5.370482,5.8
5.420338,4.0
5.3256392,6.5
5.384529,6.1
5.3851814,5.7
7.212772,5.8
5.3859878,6.6
5.436177,6.6
5.403007,4.8
5.360353,6.5
5.4212704,5.7
5.404524,4.0
5.423666,6.0
5.3612833,5.0
6.922525,7.0
6.9057927,5.7
5.3737726,6.2
5.427458,5.7
5.413449,6.1
5.453971,3.5
5.4030013,6.6
5.3867464,6.0
5.412086,4.5
5.370113,6.5
5.3812246,6.0
5.350392,6.6
5.3918962,4.8
6.981406,6.2
6.8789845,6.5
5.426084,5.7
5.4259896,4.0
5.386823,5.8
5.43069,6.1
5.4509125,4.5
5.3982286,6.6
5.4193892,6.0
5.408969,6.0
6.928919,9.0
5.3837028,5.8
7.009868,8.8
5.4187164,4.5
5.389591,3.5
5.359451,4.5
5.40109,6.0
5.452676,4.8
5.47658,5.8
5.430742,5.7
5.4459667,5.7
5.3991857,6.6
5.375014,6.0
5.4241924,5.8
5.414369,3.5
6.947134,7.0
5.4094176,4.5
5.366958,5.7
7.0079327,6.0
5.397767,6.5
5.4325557,3.5
5.420176,6.6
5.4381065,5.8
5.402844,4.8
5.453655,3.5
5.387756,5.0
5.454556,3.5
5.4170623,6.1
5.4136086,5.7
5.392314,5.0
6.9380817,9.0
5.3304825,5.8
5.396513,4.0
5.4130864,6.5
5.4384685,6.0
5.3956327,3.5
5.310028,5.0
5.3688927,6.6
5.4301553,6.5
5.277312,6.2
5.3469725,4.5
5.401479,4.0
5.382513,4.8
5.3528967,4.8
6.9219956,8.8
5.4092264,3.5
5.390137,4.0
5.3752933,6.6
5.3500853,3.5
5.3989525,6.6
5.293741,4.5
5.561142,3.5
5.5138936,6.6
5.4402275,4.5
5.3860583,4.5
5.3815,5.7
5.394411,6.0
5.4368744,5.8
5.3926425,4.0
5.4509125,3.5
5.4189525,6.5
5.31966,6.2
5.3667245,3.5
5.3690987,6.0
5.387,4.5
5.3998275,5.0
5.3936305,5.8
5.415522,3.5
5.395355,5.7
6.8905144,9.0
5.3488183,4.0
5.436793,6.1
5.4860296,4.5
5.421014,4.8
5.4445276,5.7
5.3925385,5.0
5.386987,6.6
5.3888326,5.7
5.3888326,4.5
5.401143,5.7
6.965186,6.2
5.4427643,3.5
5.3592305,6.1
5.3792243,4.0
5.3542013,6.6
5.3696127,6.0
5.4406347,6.5
5.419354,6.1
5.410179,5.7
5.3722754,5.0
5.419422,5.8
5.4274073,5.7
5.43627,3.5
5.3687897,5.7
6.9172873,6.2
5.41075,5.7
5.3881607,6.6
5.4022126,6.5
5.374665,4.0
5.3318944,6.2
5.442683,5.0
5.423062,5.8
5.446409,5.0
6.8813467,8.8
5.3999796,6.0
5.336542,3.5
5.393683,4.0
5.4265327,6.2
5.3643456,3.5
5.445884,4.5
5.260646,5.0
5.4142504,6.2
5.392099,6.0
5.4386992,6.1
6.931455,8.2
5.3864093,5.0
5.385339,6.6
5.4272532,4.5
5.4383535,5.0
5.3846445,5.8
5.39212,4.5
5.3952074,6.0
5.4623146,6.5
5.403972,6.1
5.384142,6.6
5.3954964,5.0
5.4490337,3.5
5.3597517,3.5
5.408887,4.0
5.3740273,6.0
5.4534507,4.0
5.4180536,4.8
5.355743,5.8
5.308539,5.0
5.3327355,4.8
6.7839737,6.0
7.019939,6.1
5.3980565,6.0
5.3883233,6.6
5.3578978,3.5
7.003303,9.0
5.4312196,4.0
5.3604174,4.0
5.4188404,3.5
5.417627,6.0
5.4179997,5.7
6.893439,6.0
5.4424458,6.0
5.338798,6.0
5.3622627,5.0
5.4432344,6.0
5.361549,4.5
5.357529,5.0
5.4408207,3.5
5.3846927,4.8
5.2942095,5.7
5.4179564,4.8
5.4516764,6.0
6.971894,6.0
5.4496574,4.0
5.4242005,4.8
5.3543444,5.0
5.3847413,6.6
5.384169,5.8
5.483298,5.8
5.3583503,6.2
5.3651395,5.0
5.4226537,4.0
5.4277897,6.1
5.401691,6.5
5.419068,5.8
5.3524394,6.1
5.403048,6.2
5.3383245,4.0
5.389633,3.5
5.4250045,6.2
5.3805485,6.0
5.3976374,6.1
5.37311,3.5
5.44599,5.0
5.4110227,4.5
5.4234605,6.1
5.3966246,3.5
5.4238605,6.6
5.4153714,5.7
5.382629,5.0
5.4363546,4.5
5.392099,5.0
5.2880907,6.1
5.417332,6.5
5.4683948,3.5
5.3080997,3.5
5.347826,5.7
5.4218874,5.7
5.418856,5.7
5.403362,6.5
5.3972054,4.8
5.456915,5.8
5.3788686,5.8
6.999148,6.1
5.3624315,6.6
5.438883,4.5
5.449673,5.0
5.4542828,6.0
5.355871,6.0
5.4277563,5.7
5.346751,4.0
5.328766,6.2
5.3203435,6.5
5.3665304,5.8
5.408049,5.8
5.387688,4.8
5.324419,5.0
5.3167214,3.5
5.3283544,3.5
5.4464216,5.0
5.4088273,3.5
5.4349694,3.5
5.3852777,4.8
5.3791943,3.5
5.365145,5.0
5.4045873,5.0
5.354508,4.0
6.890769,8.2
5.387276,3.5
5.3933945,6.5
5.426404,3.5
5.3588624,4.5
5.3798842,6.6
5.364308,6.6
5.4182606,6.1
5.390734,6.0
5.4251227,4.0
5.3523493,4.0
6.985017,9.0
5.4173265,4.8
5.376548,6.1
5.4373164,5.7
5.4438634,6.2
5.410098,6.6
5.329652,6.5
5.420221,4.0
5.3102946,4.5
5.3616705,4.8
5.4461493,6.0
5.4228125,5.7
7.036596,7.0
5.3599343,3.5
5.418855,4.8
5.374913,5.8
5.437788,5.8
5.5077257,5.7
5.3339844,5.0
5.3943696,3.5
5.424466,4.0
5.4429507,3.5
5.421446,6.2
5.378877,6.1
5.408482,6.2
5.3683176,6.5
5.360538,6.0
5.3508873,3.5
5.391555,6.0
5.3917894,6.2
5.4371386,4.8
5.508899,4.8
5.4047775,3.5
5.420721,4.5
5.315033,5.8
5.389529,4.0
5.432929,4.0
5.439858,4.8
5.4296126,5.0
5.444305,5.8
6.946766,5.7
5.4355693,6.1
5.399673,5.8
5.3857136,5.8
6.914132,6.5
5.4169884,4.0
5.413277,6.1
5.407847,6.0
5.379155,4.8
5.411447,3.5
6.9092293,6.5
6.9229994,9.0
5.423164,6.6
5.3964744,5.8
7.085884,8.2
5.398529,4.0
5.4072833,3.5
5.342367,4.0
5.39982,6.1
5.480924,6.6
5.3783674,3.5
5.3687034,6.6
5.4285502,6.0
5.4337597,4.0
5.45674,6.6
5.4191995,4.0
6.880728,6.6
5.377746,6.0
5.4109273,4.8
5.432416,4.5
5.3893785,6.1
6.84938,9.0
5.450696,4.0
5.3944674,6.2
5.358227,6.6
5.408099,5.7
5.369509,6.2
5.462716,6.1
5.387575,4.8
5.367781,6.6
5.4227076,5.7
5.508899,6.5
6.91349,6.1
5.3817296,6.2
6.8220935,6.8
5.3991656,4.8
5.294013,4.8
5.3833356,5.7
5.3820252,3.5
5.355434,6.0
5.425957,6.6
5.3886614,5.0
5.3440013,5.8
6.9423714,6.0
5.415161,5.8
5.413541,4.8
5.3875756,5.8
5.408633,6.6
7.008103,6.6
5.333166,6.2
5.365762,6.2
5.396278,5.7
5.385641,5.8
5.384901,4.5
5.4039645,6.2
5.3885245,6.5
5.419169,5.7
6.90054,8.2
5.3963304,4.8
5.4017334,4.0
5.3609915,6.6
5.4452734,4.8
5.2731524,6.1
5.4125285,4.8
5.372258,5.8
5.3871818,5.8
5.4058614,6.2
5.263357,4.5
5.4001966,6.0
5.3705683,4.5
5.37303,6.2
5.381803,3.5
5.430149,6.6
5.381304,6.6
5.402692,3.5
5.3815,4.8
6.949571,6.2
5.379701,4.8
5.395487,6.6
5.458947,4.5
5.362898,4.0
5.3691063,6.6
5.3217387,4.0
5.39234,5.7
5.381761,6.0
5.408248,6.1
5.494571,6.0
5.3952365,6.6
5.30084,5.0
5.3580074,3.5
5.376352,3.5
5.4178514,4.0
5.3950815,5.0
5.355966,6.2
5.499245,6.5
5.488667,5.7
5.4464216,4.5
5.3742857,6.0
5.5215816,5.8
5.424466,4.5
5.35938,4.5
5.283544,5.7
5.371594,5.7
6.952463,5.8
5.486384,5.0
5.376352,6.0
6.8960443,9.0
5.505969,6.5
5.3834786,4.8
5.4066734,5.0
5.4296856,6.2
5.428349,4.5
5.404192,6.0
5.388276,6.6
5.388145,6.5
5.402207,6.0
5.4024587,5.7
5.4449944,6.0
5.353679,3.5
5.4043136,3.5
5.3797026,6.2
5.3984494,6.6
5.436653,6.0
5.4209304,6.6
5.424982,3.5
5.4358473,4.0
5.3846455,6.0
5.4470835,6.6
5.518192,5.8
6.801294,7.0
5.3782015,5.7
5.421446,6.6
5.4064384,6.6
5.3891087,3.5
5.4042754,4.0
6.8686676,6.8
5.5250306,4.5
5.39171,6.1
5.3474374,5.7
5.4112825,4.8
5.3694253,4.0
5.509332,6.0
5.3876634,4.8
5.3973317,5.7
5.4231467,5.7
5.427443,4.8
7.008487,5.7
5.3776426,4.5
5.381572,5.0
5.434026,5.7
6.849792,6.8
5.37537,6.2
5.368834,5.7
5.3938236,6.0
5.3207555,4.5
5.4771247,5.0
5.391877,3.5
5.424466,6.0
5.373654,6.1
5.413654,3.5
5.2748895,6.5
5.3893995,5.0
5.39139,6.2
5.4137483,6.5
6.885669,9.0
5.476877,5.7
5.31142,6.0
5.3832445,5.0
5.4431233,5.8
5.349739,5.7
5.364568,5.8
5.3760033,6.0
5.401433,4.5
5.486928,4.5
5.4851685,6.5
5.393847,6.2
5.3991623,6.2
6.893465,6.2
6.90233,6.0
5.4216886,4.0
5.361591,6.1
5.3952293,4.5
6.9972935,8.2
5.3401484,4.0
5.4550953,6.1
5.417072,5.7
5.3900433,5.0
5.4413757,4.0
5.4594564,6.5
5.3878336,6.2
7.011076,6.8
5.4453735,4.8
5.4043427,5.0
5.433293,4.0
5.4140635,6.0
5.435335,6.5
5.345849,6.2
5.4435716,5.0
5.366432,4.5
5.441504,6.0
5.402067,5.0
5.4567304,5.7
5.4594564,6.0
5.3847694,6.6
5.3515544,6.0
5.390073,6.0
7.000289,6.2
5.522403,6.0
5.4300556,6.1
5.366577,6.1
5.393278,5.8
5.375295,6.6
5.3909397,5.0
5.3716264,3.5
5.3881235,6.0
5.4093,6.0
5.355653,4.5
5.3235,5.7
5.4001627,6.2
7.05183,5.7
5.3910713,4.8
5.361636,3.5
5.26012,4.0
6.9477353,6.1
5.3442354,6.0
5.3707075,4.8
5.3565993,5.8
5.447236,3.5
5.3862305,4.8
5.394046,5.0
7.057958,6.2
5.4197674,6.5
5.376061,6.1
5.4719725,4.8
5.410755,6.2
5.3973036,3.5
5.3676167,5.0
5.436937,4.0
5.3738465,4.8
5.421342,6.0
5.3991685,6.0
5.4053507,4.8
5.385538,4.8
5.2933197,6.1
5.4112296,5.0
5.4142766,3.5
5.4582806,3.5
5.42367,5.7
5.402337,6.6
5.378901,6.2
5.437857,5.0
5.4400163,3.5
5.4585214,6.1
5.40801,5.0
5.4165416,4.8
5.4671426,4.5
5.43814,5.8
5.434349,4.5
5.4567304,5.7
5.435022,3.5
5.392883,6.2
5.3765836,5.0
5.4020114,4.0
5.4721947,6.0
5.3873014,3.5
5.4471316,5.0
5.4323215,5.0
5.453917,5.0
5.3545876,4.8
5.3884754,6.6
5.3839884,5.8
6.954929,6.8
5.379885,5.7
5.4357586,6.5
5.3785005,4.5
5.3128085,6.5
5.432509,6.6
5.4206343,5.0
6.9061384,6.0
5.4488354,5.7
5.4328184,6.6
5.406888,4.5
5.401479,5.7
5.369738,6.1
5.4642434,3.5
5.3940716,6.0
5.3916154,6.2
5.3888054,6.0
5.4324155,5.7
5.391221,6.5
5.483677,4.8
5.3827963,5.7
5.4370832,5.7
7.07422,8.8
5.428542,3.5
5.3490124,3.5
5.441778,6.0
6.930303,6.6
5.4038343,3.5
5.4359126,6.6
5.3685493,6.1
5.3907194,5.0
5.443879,6.1
5.4043994,6.6
5.4048834,6.1
5.449692,6.0
5.4497347,6.6
5.3666296,5.8
5.360813,5.7
5.437131,5.8
5.32149,4.5
5.400589,6.0
5.4464216,4.8
5.4024053,5.7
5.423062,6.0
5.3888807,6.0
5.425418,6.2
5.3092804,4.8
5.355997,6.6
5.371588,4.5
5.409875,6.5
5.4199796,6.2
5.4142942,5.7
5.4811764,4.5
5.3623104,5.7
5.397961,4.5
5.387185,5.0
5.32771,4.0
5.375154,4.0
6.8200774,8.8
5.392164,5.8
7.0270424,6.0
5.4371557,6.1
6.9068627,5.7
5.390073,6.2
5.4531603,4.8
7.033685,7.5
5.4056506,5.7
5.453451,6.5
5.332421,4.0
5.3964744,6.2
5.3648076,6.2
5.4273076,6.5
5.436777,6.0
5.4171414,4.0
5.381465,4.8
6.9716578,6.2
5.421388,6.6
5.480154,6.6
5.401657,4.5
7.040293,5.7
5.3683906,5.7
5.3836894,4.5
5.388823,6.0
5.4126115,4.0
6.8785877,6.0
5.4046836,4.8
5.4230013,4.0
5.631429,5.0
5.4670706,6.0
5.3193407,4.0
5.3922048,4.0
5.385069,5.8
5.4743023,4.0
5.390439,4.0
6.9273367,6.1
5.373447,6.5
5.3851404,6.6
5.3370805,5.8
5.428725,6.5
5.3956313,3.5
5.396507,5.7
5.3760886,4.8
5.6134424,6.1
5.341177,4.8
5.4159794,6.2
5.4201546,5.7
5.4738865,6.1
5.437939,5.0
6.974878,5.7
5.4464216,4.8
5.450903,6.5
5.397558,6.1
6.859495,5.7
5.3896527,5.7
5.4082623,5.0
5.3641953,6.5
5.3779564,6.5
5.3201213,3.5
5.4576716,6.5
5.3175077,6.0
5.432929,6.1
5.402672,6.0
5.3990145,5.8
5.367526,5.7
5.392739,4.8
5.422392,6.0
5.413542,5.0
5.4371634,6.5
5.3707576,3.5
5.391118,6.6
5.3821545,4.8
7.0473957,6.2
6.991694,6.8
5.383048,5.8
5.391501,4.0
5.371332,3.5
5.373425,3.5
5.3816304,5.8
5.4089994,6.2
5.349212,5.8
5.3724413,4.0
5.3797927,4.0
5.3737903,4.0
5.374407,6.0
5.409168,4.8
5.3500485,4.5
5.369376,3.5
5.430381,6.1
5.484015,4.0
5.478627,6.0
7.0210986,8.2
5.393797,4.8
5.372298,6.1
5.448941,5.8
6.9656076,7.5
5.3645124,4.0
5.374568,6.5
5.3980317,6.2
5.4754653,4.8
5.4424276,5.8
6.734685,6.0
5.370186,4.5
5.4316874,4.0
5.4208093,4.8
6.904206,6.6
5.4340286,5.7
5.422563,6.0
5.487449,5.7
5.380035,3.5
5.3881097,5.8
5.4168196,5.0
5.4188232,6.5
5.38447,5.0
5.384421,5.7
5.415462,5.8
5.3997765,5.8
5.4157166,4.5
5.3691,4.0
5.399461,4.5
5.3774796,6.1
5.3824306,5.7
5.4036207,4.8
5.3807535,5.8
5.798428,6.5
5.457816,3.5
5.3826447,5.7
5.4301734,3.5
5.464411,4.5
5.398272,5.0
5.4925094,5.0
5.408967,6.6
5.4027114,5.7
6.9696865,8.8
6.907651,5.8
5.3786755,4.8
5.3457675,4.0
5.3977566,4.8
5.3268323,6.6
5.359804,5.0
5.4300566,5.8
6.9533176,9.0
5.3660393,5.8
6.9438376,7.0
5.384846,6.2
5.412814,4.8
5.41691,6.0
5.383539,6.5
5.400598,6.5
5.39054,6.6
5.4836197,5.0
5.4002175,4.8
5.392094,5.0
5.443935,4.0
5.4042764,6.5
5.390797,6.6
5.3687825,4.0
5.1423845,6.2
5.4453382,4.8
5.424466,6.2
6.8836813,6.1
5.4420996,6.0
5.3871737,6.1
5.365282,6.0
5.356201,6.1
6.9048862,5.8
5.4340596,6.1
6.940106,9.0
5.436578,5.8
5.400653,4.0
5.3953986,6.2
5.4477654,5.7
5.3467574,3.5
5.3711443,3.5
7.2175984,7.5
5.440082,4.0
5.39967,5.7
5.3622212,5.0
5.375609,5.8
5.4168315,3.5
5.3985972,6.1
5.4037557,5.8
5.424199,4.0
5.374428,6.1
5.392763,5.7
5.4179235,6.5
5.4383917,6.5
5.3951235,4.0
5.4978237,5.8
5.5571566,6.6
5.4738545,6.6
5.3992963,4.0
6.944537,6.0
5.3602,6.5
5.4332023,3.5
5.4800587,4.8
5.3652782,3.5
5.467145,5.8
5.442036,6.6
5.40305,4.5
5.419201,6.6
6.907216,7.0
6.8531265,6.2
5.436083,6.6
5.450998,5.0
5.3851132,6.1
5.39134,6.1
5.4206357,6.2
5.390459,6.1
5.4359827,6.6
5.3243103,4.5
6.9107733,6.1
5.3787026,3.5
5.4001603,6.6
6.83732,6.2
5.369825,6.6
5.4433026,6.6
5.417904,5.7
5.325941,3.5
5.418113,6.5
6.8474545,6.6
5.389144,6.2
5.4081383,6.1
5.4103866,4.8
5.3486733,6.5
5.3784943,3.5
5.3689723,5.0
5.305158,3.5
5.359137,6.1
5.3416696,4.8
6.8898025,6.1
5.4432187,4.0
5.3740473,5.7
5.4194107,3.5
5.416661,5.7
5.409361,5.8
5.429512,6.2
5.409519,6.6
5.434424,6.0
5.448571,5.8
5.3941355,5.0
5.38356,4.5
5.4423723,5.0
5.363367,4.0
5.395928,6.5
5.4097586,6.0
5.3898416,5.7
5.412504,5.0
7.018332,6.0
5.380039,4.8
5.422236,6.5
5.46132,6.6
5.351163,6.5
5.3890743,3.5
5.3705683,6.1
5.3370657,6.0
5.411579,6.1
5.3621283,6.6
5.3892946,4.5
5.408772,6.2
5.422875,6.0
6.905235,6.6
5.4581766,3.5
5.4653945,3.5
5.3986473,6.5
5.4385934,4.0
5.3612614,6.0
5.432764,4.5
5.368729,6.5
5.4791684,6.1
6.994163,6.6
5.422594,6.6
6.951396,8.2
5.4312005,3.5
5.41301,4.0
5.3562317,6.2
6.9733543,6.8
5.3984394,6.0
5.3918467,6.1
5.4151387,5.7
5.470383,4.5
5.3336525,6.5
5.3799763,3.5
5.315189,5.8
5.4393034,4.8
5.443265,6.6
5.3970017,4.8
5.3619356,4.0
5.3938723,6.0
5.4245977,6.2
5.4703918,6.2
5.2624598,5.8
7.063893,6.0
5.380335,5.7
5.33857,6.5
5.3367047,6.5
5.449419,6.5
5.3862743,6.5
5.4855494,6.6
6.9226127,6.1
5.3093944,6.5
5.4378686,5.0
5.457176,6.1
5.455204,6.5
5.450471,6.1
5.3655567,4.8
5.4552636,6.5
5.393065,5.8
5.3788233,4.0
7.0214386,6.5
5.3563643,6.0
5.4001374,4.0
6.930991,6.1
5.398793,5.0
5.4682236,6.1
5.3999243,5.7
5.4129877,5.8
5.408627,6.1
5.327038,5.0
5.4709625,6.1
5.4045105,6.6
5.477943,4.0
5.495657,3.5
5.3533125,5.8
5.379934,4.0
5.3702974,5.8
6.84357,9.0
5.3793764,5.0
5.3453155,5.0
5.3420844,6.2
5.338936,6.0
5.322611,6.5
5.403987,3.5
5.3748446,5.8
5.4313273,6.2
5.375188,5.8
5.501577,4.5
5.406041,6.2
5.4613104,5.7
5.4295816,4.5
5.4368453,4.5
5.4343653,5.7
5.4019732,4.8
5.4140697,5.0
7.010056,8.8
5.3692164,3.5
5.440853,6.0
5.4401193,6.2
5.4276013,6.1
5.3699384,5.7
6.901818,6.0
5.425434,6.6
5.3787956,4.0
5.4213524,4.5
5.364462,5.8
5.4226475,6.6
5.3759747,6.1
5.4374933,6.0
5.384871,5.0
5.433243,4.5
5.3800774,6.1
5.4363375,4.0
5.4226236,5.8
5.365023,5.8
6.8625712,6.8
5.3960056,5.7
5.3887453,6.5
5.3822103,4.0
5.4417825,5.8
5.3513427,4.5
5.4422336,6.6
6.892401,6.8
5.42385,4.8
6.9355483,7.0
5.3286867,6.5
5.4108114,3.5
5.388171,6.6
7.001295,6.5
5.429278,6.2
5.4936614,3.5
5.440787,6.2
5.4041243,5.8
5.4178977,5.7
5.4771852,4.0
5.381851,6.2
6.917785,8.2
5.4187675,5.0
5.388344,6.2
5.3651524,4.8
5.3973527,3.5
7.028063,6.5
5.3738465,4.5
5.43692,5.0
5.3558664,3.5
5.3249817,6.2
5.2603292,6.1
6.8467674,5.8
5.33857,6.2
6.9519105,5.8
5.399411,5.7
5.3801637,3.5
6.9337444,6.8
5.4157605,4.5
5.473845,5.7
5.38486,6.6
6.939293,5.7
5.447285,6.1
5.430459,4.5
5.410236,4.5
5.378262,4.0
5.4306097,6.2
5.384372,4.8
5.4258585,5.7
5.401103,4.5
5.48612,4.8
6.9191585,5.8
6.7732215,6.5
5.336292,4.0
5.3923774,6.2
5.4199524,6.1
6.7974105,8.2
5.3982897,6.0
5.445684,4.5
5.360386,4.8
5.3667803,4.5
5.4853244,6.5
5.3980145,6.1
5.379935,6.2
6.912802,7.0
5.4202557,4.0
5.449213,3.5
5.4140735,4.8
5.3778324,5.0
6.714371,6.5
5.394902,6.2
5.3883023,4.5
5.438117,6.6
5.3781614,6.2
5.352739,4.5
5.4641604,6.0
5.4359446,6.6
5.361862,5.8
5.3581667,6.5
5.4224167,5.8
5.3920574,6.1
5.3731413,5.0
5.349353,4.8
5.4322953,4.5
5.393118,6.5
5.3928094,6.2
5.409677,6.6
5.4357944,6.6
7.0157285,6.6
5.384756,4.0
5.466864,5.7
5.4041886,5.0
5.37542,6.0
5.399905,4.8
5.383142,5.7
5.409875,5.7
5.3814225,6.5
5.3346496,5.0
5.3581634,6.0
5.4158273,6.1
5.381313,6.0
5.362429,5.8
5.3715444,5.0
5.4051027,6.6
5.4385433,4.5
5.4258423,5.0
5.3462152,3.5
5.4196606,6.2
5.3121357,6.0
5.342234,6.1
5.3945413,4.8
5.3976803,5.7
5.4256225,4.8
6.8415976,6.1
5.4183445,6.0
5.387812,6.5
5.4017115,5.8
5.5237274,6.2
5.4083786,5.7
5.3972254,4.0
5.397325,6.6
5.33571,4.5
5.4212537,6.6
6.8848495,8.8
5.381699,5.8
5.4014783,5.8
5.47409,5.8
5.376436,6.1
5.421328,5.8
5.3831606,6.6
5.3976007,5.8
5.3737903,4.5
5.3839374,3.5
5.436362,6.2
6.798867,8.2
5.368071,6.5
5.3631835,5.8
5.3288274,4.8
6.9534564,6.8
5.400598,6.6
5.419299,5.8
5.42354,6.0
5.4258423,3.5
7.037784,7.5
5.416661,4.0
5.4349084,3.5
5.290975,5.0
5.350974,5.0
5.4347067,6.6
5.4072742,4.5
5.3871818,4.5
5.373851,6.2
5.3737903,6.2
5.379567,5.7
5.351657,5.7
5.4037666,4.0
5.427053,4.0
5.440093,4.5
6.929364,7.5
5.3371277,5.8
5.4307942,6.1
5.4290385,6.5
5.431796,5.0
5.4209237,6.0
5.4143286,6.2
5.3946033,5.7
5.4114757,3.5
5.3936877,6.6
5.3802776,6.0
5.3355603,6.5
5.426548,5.8
5.3691945,6.5
5.387321,6.5
5.3613567,6.1
5.5060997,6.1
5.4056473,6.1
5.4137216,3.5
5.45291,4.0
5.40754,4.5
5.4119782,6.2
5.4132676,6.2
5.375302,6.2
5.4801974,4.5
5.349227,6.6
5.3987875,4.0
5.424669,4.8
5.42597,5.0
5.442239,3.5
5.4010725,5.8
5.4156494,6.2
5.3994074,6.6
5.372813,4.0
5.4414434,6.5
5.372491,5.0
5.386803,6.1
5.450584,4.0
5.3966994,6.1
5.445294,5.7
5.365791,6.5
5.3582835,5.7
5.3894467,5.8
5.453314,5.8
5.506657,5.0
5.438516,4.0
5.372243,3.5
5.401391,5.7
6.9128494,6.5
5.372284,6.2
6.748326,6.1
5.4164357,3.5
5.3656173,4.5
5.4744396,6.6
5.3791814,5.8
5.364401,4.0
5.3683577,5.0
5.3525033,6.0
5.419403,6.2
5.3791523,6.1
5.4019284,4.0
5.39845,5.0
5.3918753,6.1
6.9336953,8.8
5.39342,6.5
5.3816476,6.5
5.411851,6.5
5.425434,4.0
5.443265,4.0
5.3482084,6.5
5.3782864,5.0
5.3969545,5.7
5.4912467,5.0
7.0781527,6.0
5.420435,4.8
5.447569,3.5
5.4310303,5.0
5.4372525,4.5
5.469516,3.5
5.3673506,6.5
6.8883057,8.2
5.3832984,4.5
5.4000998,6.6
5.345032,4.8
5.3257637,5.7
5.4423475,5.7
5.4083133,6.0
5.3992977,4.5
5.4162054,5.0
5.42937,6.1
5.4093,4.5
7.0686083,6.8
5.425268,6.2
6.996974,7.5
5.459907,5.8
5.415289,6.0
6.9504685,7.0
5.3909187,4.5
5.3913746,5.0
5.320245,6.2
5.3917594,6.6
5.36722,6.2
5.3829,6.2
5.442866,5.0
5.3938904,6.6
5.3720665,6.5
5.4087415,4.0
5.4003344,4.0
5.401489,6.6
5.372266,5.8
5.3334813,5.7
5.397801,6.0
5.4010754,4.0
7.0213304,8.8
6.6956387,7.5
5.399613,5.8
5.4362097,3.5
5.3887386,5.0
5.381172,6.0
5.363324,5.8
7.261267,6.6
5.3696704,5.7
5.389659,6.5
5.370231,6.2
5.400654,3.5
5.456915,3.5
5.3882475,6.2
5.4324675,3.5
5.392816,6.6
5.4518576,6.5
5.4346232,6.1
5.489992,5.7
7.045362,6.1
5.3626423,3.5
6.9172807,6.8
5.459497,6.0
5.39405,6.2
5.498698,5.8
5.4173265,6.2
5.399532,6.0
5.3660727,6.1
5.473845,6.0
5.3737783,5.0
5.376975,4.8
5.3848805,4.8
5.444133,4.8
5.431002,4.5
5.3852,6.6
5.4127226,6.0
5.432846,4.5
5.425982,6.0
5.4139414,5.7
5.375334,3.5
5.3938813,4.5
5.405633,6.0
5.4307942,3.5
5.3704267,4.8
5.3942375,6.1
5.4217315,4.8
5.3973584,5.0
5.4037533,6.5
5.422715,6.5
5.3854814,4.8
5.3877773,4.0
5.4725976,5.7
5.3829427,5.8
5.426107,4.5
5.3653984,5.7
5.3960743,6.2
5.4226556,5.7
6.966788,5.7
6.970808,6.8
5.4078054,3.5
5.43232,3.5
5.386622,5.7
5.3991327,6.6
5.393762,6.1
6.9522853,6.6
5.4567304,6.0
5.379066,3.5
6.760541,5.8
5.461692,6.1
5.394262,6.5
5.430775,6.1
5.392692,5.7
5.413732,5.0
5.4091396,4.0
5.3887177,5.8
5.397288,5.8
5.4416595,6.5
5.3997436,6.2
5.4199305,6.5
7.0310936,9.0
5.4896946,5.8
5.390697,6.6
5.443734,4.5
5.3623185,3.5
5.4466877,6.6
5.4769945,6.0
5.4725976,4.8
5.421506,6.2
5.353341,4.0
5.2816525,5.7
5.4189854,6.6
5.4342394,3.5
5.371708,5.8
5.3767157,5.7
5.4463816,6.0
5.399426,6.5
5.4234266,4.0
5.3809137,4.5
5.4142942,5.7
5.387454,6.5
5.402212,3.5
5.3993,4.8
5.3647447,6.1
5.394825,4.5
5.391314,6.0
5.3454413,6.0
5.3618584,5.7
6.834944,6.2
5.529546,6.5
5.3683567,5.8
5.315286,6.1
5.488422,5.0
5.4307942,4.8
5.3744283,5.7
5.41269,6.1
5.4428477,6.0
5.4503407,6.2
5.45475,5.0
6.9848213,6.0
5.413042,6.0
5.4241614,6.0
7.145967,6.6
5.3487945,4.8
5.391699,6.5
5.4016542,3.5
5.4235177,4.5
5.4099164,6.5
5.3599353,5.8
5.429552,3.5
7.0188003,6.6
5.4162054,4.5
5.490477,5.8
5.364488,4.0
5.390563,6.0
5.415954,5.7
5.2745857,6.1
5.3643174,6.5
5.3474927,4.5
5.4214425,6.2
5.388849,5.8
5.378064,4.5
5.4235616,4.5
5.435849,5.7
5.3952355,4.0
5.407174,6.5
5.4846745,5.7
5.391592,5.7
5.5204935,6.2
5.298725,3.5
5.438686,6.2
5.427653,3.5
5.4489775,6.2
5.351672,3.5
5.3592277,6.2
5.362363,6.6
5.376867,4.0
5.371664,6.2
5.429306,6.6
5.470796,6.6
5.438694,6.6
5.3617134,4.5
5.455506,3.5
5.445884,5.7
5.355476,6.0
5.3553753,6.1
5.3653593,5.7
5.419555,5.8
5.376847,3.5
5.4355803,4.0
5.440853,6.6
5.4145155,4.5
5.3997498,5.8
5.4354997,5.8
5.3883653,6.0
5.342265,4.0
5.4100666,5.7
5.3659406,4.8
6.813425,6.2
5.4070992,4.5
5.4570894,5.0
5.378029,5.0
5.4312897,4.0
5.433032,5.0
5.435806,6.1
5.4409456,6.6
5.3603616,4.8
5.3785405,6.5
5.4023085,4.0
5.369483,3.5
5.387756,6.6
5.420406,6.0
5.4139752,4.0
7.064676,7.5
5.42786,4.5
5.4348764,5.0
5.4050193,3.5
5.3736815,5.7
5.458148,4.0
5.3606863,3.5
6.9612937,6.1
5.397976,4.0
5.451333,4.5
5.3798637,5.8
5.445884,5.0
5.5601935,4.5
5.3821397,3.5
5.456915,6.6
5.4082747,6.6
5.4033923,4.0
5.364471,5.0
5.4337664,4.0
5.41822,6.0
5.4139056,6.0
5.473319,6.6
5.4796433,6.6
5.4348764,6.2
5.400172,5.0
5.40852,3.5
5.356869,5.7
5.4314184,6.1
5.3735065,4.8
5.4791594,5.8
5.4442453,5.0
5.389548,3.5
5.500754,5.0
5.460756,5.7
5.533476,4.8
5.3901362,4.8
5.3584156,6.2
5.376842,6.0
5.394574,6.2
5.38822,4.8
5.3723598,6.1
5.4001284,4.0
5.3892307,4.0
6.9918575,6.1
5.4256926,6.0
5.392054,6.1
6.9184303,6.1
5.415456,5.8
5.276983,3.5
5.3892283,5.8
5.3927135,5.0
5.3908668,4.5
5.454769,5.8
5.3907704,6.5
5.37074,6.6
5.512003,6.0
5.4107113,4.8
5.408482,3.5
5.405287,5.7
5.378354,4.5
6.9554033,7.0
5.426671,5.8
5.4851623,5.8
5.407875,6.0
5.3560147,5.0
5.349953,6.1
5.4276924,5.0
5.4003506,6.1
6.909835,8.2
5.4240246,6.1
5.420336,5.8
5.380895,5.0
5.393527,5.8
5.432502,6.6
5.357727,4.8
5.4223037,6.0
5.38603,5.0
5.381934,6.0
5.266933,6.0
5.437665,6.5
5.336006,6.1
5.388845,5.0
5.3749266,5.8
5.4258537,5.0
5.3427496,5.0
6.981879,6.1
5.283268,6.5
5.345517,4.0
5.4062414,4.0
5.4077044,6.6
5.429302,5.7
5.4050236,6.1
5.4861865,5.7
5.3204384,4.0
5.3305926,6.5
5.3809853,5.8
5.390393,4.8
5.4081397,5.7
5.3786836,6.5
5.3812394,6.2
5.3818913,6.0
6.7488685,9.0
7.056968,7.0
5.3851814,6.6
5.4349203,4.5
5.4044976,3.5
5.4026904,4.8
5.4246945,6.0
5.452062,3.5
5.385135,6.2
5.485442,3.5
5.3552537,6.5
5.4483743,4.5
5.350391,6.0
5.3953786,6.0
5.422738,5.7
5.3778715,3.5
5.416473,6.1
5.3836927,6.0
5.4125733,6.0
5.3269725,3.5
6.93968,6.0
5.3974175,6.1
5.4439015,5.7
5.3887014,6.5
5.3994074,6.0
5.4302435,4.5
5.4174166,5.8
5.3173227,5.8
6.8543115,8.2
5.3828864,6.0
5.4393325,6.5
5.340041,4.0
6.888038,5.7
5.3723226,4.0
5.3566933,6.0
5.4132223,6.1
5.325291,5.8
5.408645,5.0
5.359684,6.2
5.371979,4.5
5.460751,6.6
5.374491,4.8
5.401683,6.2
5.449896,5.0
5.4192605,3.5
5.4177833,6.2
5.4363203,5.0
6.8265896,6.0
5.4255843,6.2
5.4125547,4.8
6.9410353,6.0
5.283699,6.5
5.429177,5.0
5.4066625,6.2
5.462642,4.5
5.436362,4.8
5.435849,3.5
5.428292,5.7
5.402889,5.7
5.3262615,6.6
5.4457183,6.6
5.4055758,4.8
5.3703113,6.0
5.436643,4.5
5.36572,6.0
5.381,6.0
5.4301224,6.2
5.441713,6.0
5.3956113,6.5
5.4044294,5.0
5.413542,6.0
5.4561605,6.6
5.4273777,5.0
5.386343,3.5
5.2822504,6.2
5.4051523,6.5
5.413938,6.5
5.2681246,4.5
5.343162,6.0
6.8890147,6.5
5.3761406,3.5
5.39234,5.0
5.386644,4.5
5.417342,5.7
5.378088,6.0
6.9515066,6.6
5.382451,6.1
5.372861,6.0
5.3967214,5.8
7.0490875,9.0
5.458148,6.0
5.394445,5.8
5.440459,4.8
6.9072013,6.8
5.4078712,5.0
5.4391203,5.8
5.4464216,3.5
5.451921,5.7
5.3903265,6.6
5.4392304,4.5
5.4407277,5.8
5.2835836,5.8
5.4016504,4.8
5.4148297,6.2
5.3888807,3.5
7.0459657,6.8
5.474936,5.8
5.3772206,3.5
5.389861,6.6
5.3600373,6.5
5.4419928,4.0
5.5729413,6.2
5.5458813,6.2
5.418482,4.8
5.3526115,4.0
5.362785,4.0
5.409801,6.5
5.402212,6.0
5.4250555,6.0
5.412294,6.5
5.433937,6.1
5.4620743,5.8
5.365784,6.5
5.3841376,5.7
5.45716,6.5
5.4343023,4.8
5.3790407,4.8
5.367415,5.7
5.3474927,4.0
5.4345074,3.5
5.4013,6.2
5.367698,5.7
5.4193144,3.5
5.4471316,6.2
5.378856,5.7
5.3519607,6.2
5.387572,6.0
5.3980904,5.0
5.4086776,6.0
5.3669024,4.0
5.409077,4.5
5.4567304,5.0
5.361784,6.5
5.3664713,4.8
5.3802776,4.0
5.5049524,3.5
5.3559985,5.0
5.3856883,5.0
5.389591,6.6
5.432846,5.0
5.4101663,4.8
5.37614,6.0
5.3686748,5.8
5.4052052,6.1
5.405022,6.6
5.3448935,6.5
5.3666224,6.1
5.3370013,4.8
5.381037,4.0
5.3342094,4.8
5.3597097,4.0
5.4034915,4.8
5.431651,6.6
5.4116325,4.0
5.4325123,4.8
5.3999414,6.1
5.3678775,6.5
5.40896,6.6
5.413038,3.5
7.044902,6.1
5.4562902,6.1
5.4464216,5.8
5.3573365,4.8
5.409118,5.0
6.8728485,6.1
5.3618326,6.2
5.3739204,6.2
5.278993,4.5
5.412778,6.6
5.424107,4.0
5.4288507,4.0
5.4115415,6.1
5.435849,5.8
5.4570837,6.5
5.4243584,5.0
5.3865542,5.7
5.407957,4.0
5.4194264,4.0
5.3560524,4.0
5.447569,4.5
5.4245453,4.5
5.4239,5.8
5.4496346,5.0
5.430395,6.0
5.460759,6.0
5.6356983,6.2
5.382702,4.0
5.415922,6.0
5.4157166,4.5
5.3934684,3.5
5.490593,5.7
7.071739,5.7
5.357271,4.5
5.34941,6.5
5.4139795,5.7
5.3374324,4.8
5.3818765,4.5
5.37419,4.8
5.3845735,4.0
6.9216194,8.2
5.4473276,6.5
5.3781543,6.1
5.4344854,6.5
5.370585,6.5
5.334905,4.5
5.3751416,6.2
5.339035,4.5
5.4488845,6.6
5.380922,4.0
5.432524,4.0
5.3832865,5.8
5.3836102,4.0
7.0369067,7.0
5.412837,6.5
5.4636884,5.8
5.38035,4.0
5.470016,6.6
5.450185,6.1
5.476234,4.0
5.3804436,4.5
5.4035325,6.0
5.416519,4.8
5.3888445,6.5
5.4115415,5.8
5.3922615,5.7
5.350295,6.1
5.473582,4.0
6.9409413,6.1
5.375662,5.7
5.4274073,5.7
5.409484,6.2
5.3417487,6.0
5.4468923,6.1
5.3972726,6.2
5.399532,3.5
5.4041133,6.0
5.4540596,4.8
5.41921,4.8
5.548521,6.0
5.4223466,6.0
5.4484906,3.5
5.4323215,5.0
5.42049,3.5
7.0514746,5.7
5.3834767,4.8
5.4248767,4.5
5.395653,4.8
5.3501606,5.8
5.3737783,6.1
5.411685,4.8
5.4000707,5.0
5.4238067,3.5
5.4390917,3.5
5.42713,3.5
5.4506483,3.5
5.270194,6.1
5.408949,3.5
5.3360567,5.7
5.39421,5.0
5.33235,6.2
5.4091744,6.2
5.2856865,6.2
5.468808,5.0
5.341567,5.0
6.936063,8.8
5.3123407,6.5
5.3333483,4.0
5.359305,3.5
5.4197636,6.5
5.391314,5.8
5.429305,4.0
5.4241924,6.6
5.414255,5.0
5.4038925,4.8
5.4162054,4.8
5.450568,6.5
5.38397,3.5
5.463967,4.0
5.436177,5.7
5.3730783,6.2
5.447569,5.7
5.4007316,5.8
5.42178,6.1
5.3903008,5.8
5.443575,6.1
5.4153757,6.0
6.921158,6.0
5.4018764,4.5
5.4119387,4.0
5.2864656,6.5
5.3657727,4.8
5.389103,5.7
5.4045935,6.2
5.3751025,4.5
5.399517,5.0
5.3474374,5.7
5.4805417,6.5
5.401995,6.2
5.4380326,4.0
5.437361,6.2
5.3763075,4.0
5.391737,5.8
5.4195547,6.6
5.364462,6.6
5.384668,6.1
5.394394,6.1
5.381699,4.0
5.426836,6.1
5.355522,4.5
5.384112,5.8
5.3557997,5.7
5.425692,5.8
5.3679147,5.7
5.4090195,6.0
5.4197626,6.6
5.4796433,6.5
5.4195986,5.0
5.392555,4.0
5.3971014,4.8
5.372317,5.0
5.411339,6.5
5.428725,3.5
5.3835306,6.6
5.4452734,6.2
5.3370357,4.5
5.3824553,6.5
5.370768,4.0
5.3439445,6.6
5.430819,3.5
5.407634,4.5
5.385106,5.7
5.2792034,3.5
5.42713,6.0
5.401479,3.5
5.462468,4.0
5.431729,5.0
5.3892865,6.6
5.3944526,6.5
5.3743997,6.2
5.3675056,4.5
5.4212694,5.8
5.426869,6.2
5.444131,3.5
6.906282,5.8
5.361335,4.0
7.1696305,6.1
5.448559,4.8
5.3655267,5.8
5.3781896,3.5
5.3910027,6.1
5.3786945,3.5
5.387427,4.0
5.3985386,3.5
5.417793,6.6
5.4149113,4.5
5.388925,4.8
5.383368,6.2
5.38582,6.2
6.908488,6.6
5.368114,3.5
5.4978237,6.5
5.390084,6.0
5.4036326,4.0
5.4402814,6.1
5.3792195,6.2
5.381304,4.0
5.364447,4.0
5.423239,5.8
5.4384255,6.1
5.4189415,4.0
6.9403443,8.8
5.4280667,6.0
5.4648457,5.0
5.3967924,4.5
5.3284,6.5
5.401065,4.0
7.017348,5.7
5.3580694,4.8
5.4373612,6.0
5.4518557,5.8
5.4839864,4.0
6.9552674,8.2
5.4587555,6.0
5.354944,4.5
5.422427,5.8
5.329094,6.5
5.3686748,4.5
5.430512,4.0
5.4873505,6.5
5.4155245,5.0
5.3765793,6.1
5.3334947,6.5
5.4061666,6.0
5.415828,6.2
5.402957,6.5
5.502239,6.2
5.442348,6.5
5.3749957,5.7
5.447881,3.5
5.361336,5.7
5.4181166,4.5
5.384037,6.2
6.8396482,6.2
5.3474927,3.5
5.4115005,6.6
5.405868,5.7
5.3685493,5.7
5.437323,6.0
5.3784943,6.1
6.954555,6.6
5.360411,6.0
5.413129,5.0
5.4295616,5.0
5.36614,4.8
5.4520106,6.5
7.02248,6.0
7.0427623,6.5
6.992675,5.7
5.434247,6.1
5.3303704,6.1
5.391636,6.2
5.4115415,6.0
5.401479,6.6
5.398096,6.6
5.36968,5.7
5.389495,5.0
5.425262,4.0
5.416843,4.0
5.42563,5.7
5.371076,6.1
5.413761,6.1
5.3191404,5.7
5.338295,6.6
5.3915296,5.0
5.397448,5.8
5.3893876,6.2
5.377235,6.5
5.437497,6.5
5.362765,5.8
5.412622,6.6
5.4928637,6.0
5.391044,4.0
5.370257,4.5
5.4148674,6.5
5.37938,6.2
5.4311624,6.0
5.416958,6.6
5.4691215,6.2
5.337905,4.5
5.365363,4.0
5.3532157,5.7
5.408772,3.5
5.4184566,6.5
5.397327,5.7
5.409126,6.0
5.398583,5.7
5.3743505,6.2
5.490571,4.8
5.406687,5.0
5.413124,6.5
5.3775444,4.0
5.3940907,5.8
5.431546,3.5
6.970982,6.8
5.387728,4.5
5.3998055,6.5
5.441673,6.0
5.3946238,5.7
5.3710065,4.5
5.418837,5.7
5.2770166,4.8
5.353417,5.0
6.777932,7.0
5.4058137,5.7
5.418303,3.5
5.4234753,6.6
5.4274926,5.0
5.486038,4.0
5.388031,5.7
5.3904433,5.8
5.3813787,6.0
5.361609,5.8
5.429663,6.5
6.9155173,6.2
5.424199,5.7
5.384939,4.8
5.4016356,6.0
5.4051213,4.5
5.3757296,3.5
5.3948016,5.8
5.399217,6.1
5.4799123,6.0
5.3076463,6.1
5.387122,4.8
5.4448824,5.0
5.345782,6.6
5.424427,6.1
5.4165683,4.8
5.4296026,6.1
5.448211,3.5
5.4386497,6.1
5.454008,4.5
5.4241924,5.0
5.448302,4.0
5.3984494,6.5
5.3886447,6.6
5.417342,6.5
5.4407277,6.0
5.4651537,5.8
5.4234943,6.6
5.456545,5.0
5.41061,5.0
5.4118347,6.2
5.4178348,6.6
5.415834,6.6
5.3903456,5.0
5.456974,6.5
5.3509216,5.8
5.4472256,5.8
5.4796147,5.7
5.3858223,4.8
5.46132,6.0
5.398647,4.0
5.429009,3.5
5.372799,4.8
5.4921274,5.7
5.3625455,3.5
5.2786245,5.7
6.942405,8.2
6.9530783,6.8
5.3790092,4.8
5.4195986,4.5
5.4495225,3.5
5.369053,5.8
5.384034,6.0
5.3957105,6.1
5.4336195,3.5
5.404827,6.2
5.3883815,4.8
5.387489,6.0
5.472163,6.5
5.250544,5.7
5.3753004,5.7
5.4833126,6.0
6.937833,9.0
5.375204,4.8
6.911538,6.1
5.4197154,4.5
5.3424754,3.5
5.3611,6.1
5.400017,3.5
5.4162307,6.1
6.8686676,9.0
5.4109397,4.0
5.4323664,3.5
5.41806,6.5
5.411131,4.0
5.4053235,5.7
6.9526014,6.5
5.402777,5.8
5.539211,6.5
5.3955154,6.1
5.421483,6.0
7.0430894,8.2
5.3360276,5.0
5.3816323,5.7
5.481809,6.2
5.3709598,5.7
5.402708,6.0
5.4015846,5.8
5.386876,5.7
5.370645,4.5
5.41457,6.0
5.377634,3.5
5.413131,6.0
5.3337398,6.5
5.3774815,5.7
5.3704515,6.1
5.3380523,6.1
5.353718,5.8
5.423112,6.6
7.0293427,6.0
5.447881,3.5
5.4449954,4.0
5.4487896,5.0
5.37757,4.5
5.4258423,6.0
5.410171,5.7
6.9078693,6.1
5.286478,6.1
5.3936753,5.0
6.906659,7.0
5.4174905,6.6
5.4358654,5.0
5.4005704,5.7
6.9629474,6.6
5.3379874,5.0
7.233857,6.8
5.452217,6.1
5.445311,4.0
5.4920216,6.6
5.389313,6.0
5.3824306,6.1
5.438856,6.6
6.8612385,7.5
5.387147,4.0
5.360298,5.7
5.443265,3.5
5.4654,4.5
5.366685,6.2
5.473845,4.5
5.373385,6.0
5.512578,5.0
5.3825974,4.0
5.4278374,4.5
5.55087,4.5
5.407874,5.8
5.4088497,5.0
5.389013,4.0
5.3407173,6.0
5.4396276,3.5
6.923369,5.7
5.399532,6.0
5.4064374,4.8
5.4470034,6.1
5.427789,6.5
5.3648176,4.0
6.875869,6.6
5.3314137,4.5
5.4017844,4.5
6.9758897,6.8
5.3183775,6.5
5.462984,5.8
5.385539,5.7
6.9867554,7.0
5.413625,6.2
5.486514,5.7
5.3340592,6.2
5.386763,4.0
6.948248,8.8
5.402575,5.0
5.3230214,6.2
5.402417,6.5
5.402702,4.8
5.36694,6.5
5.418868,5.7
5.3914967,4.5
5.420731,6.0
5.3612614,4.8
5.38825,5.8
5.3709693,4.5
5.3691883,5.0
5.416162,3.5
6.8756733,9.0
5.397053,6.6
5.38447,4.5
5.361808,3.5
5.2542973,4.5
5.4351816,6.6
6.875919,8.8
5.4095283,6.5
5.444108,6.0
5.485629,5.8
5.4357934,5.0
5.4091835,5.0
5.393223,5.7
5.2882853,6.0
5.3532305,6.6
5.392298,4.8
7.008103,6.5
6.901247,6.0
5.3980145,5.0
5.4560523,5.7
5.3973722,6.6
5.402618,6.1
5.333986,5.8
5.3832955,6.6
5.3748226,6.0
5.398423,5.0
5.3489385,3.5
5.4006987,6.0
5.422791,6.6
5.345218,6.5
5.348095,5.0
5.3943896,6.6
5.4034915,6.0
5.393641,6.2
5.431177,6.5
5.4058824,3.5
5.3753824,5.8
5.4041147,5.8
6.8745666,6.0
5.374261,6.5
5.3699255,6.2
5.398928,6.1
5.340888,4.5
5.38499,6.6
5.43297,3.5
5.4203787,6.0
5.4242735,4.8
5.4531355,5.7
5.435975,6.5
5.41738,6.1
5.4051204,5.7
5.419299,4.8
5.362993,3.5
5.3953695,3.5
5.398625,6.6
5.370077,6.6
5.38967,6.1
5.3651886,3.5
5.432654,6.1
5.404567,6.2
5.4118185,5.8
5.3767376,4.5
5.4117017,4.8
5.3992176,5.8
5.4095283,6.1
5.4071155,6.6
6.911834,6.2
5.394013,4.0
5.3655195,5.8
5.447285,5.0
5.4331775,5.7
5.281723,4.0
5.389926,6.6
5.3862376,6.1
5.3966064,6.1
5.3589854,4.0
5.442151,5.7
5.386597,4.5
5.4264264,4.8
5.3992977,4.8
5.396454,6.5
5.40524,4.5
5.427485,6.6
5.382575,6.5
5.419972,6.0
5.492158,5.7
5.445483,6.0
5.352612,4.5
5.360828,6.1
5.3990555,6.5
5.431368,6.0
5.40649,4.5
5.39912,6.0
7.073824,6.0
5.411502,6.6
5.535119,4.5
5.416124,4.8
5.370944,3.5
5.409836,6.2
5.4364347,5.0
5.35155,5.7
5.63446,4.5
6.950564,7.0
5.420578,5.0
5.4518495,6.1
5.375782,5.0
5.4185753,4.8
5.345416,6.1
5.4197297,4.8
5.3263345,6.5
6.907325,6.6
5.427202,6.5
5.401479,6.2
6.9237833,6.2
5.405828,6.6
5.3947744,6.0
5.414519,5.7
6.9232936,6.0
5.4503407,6.5
5.453001,6.6
5.365958,5.8
5.3554897,6.1
6.926092,6.8
5.43324,6.1
5.4223547,6.0
5.3865066,6.1
6.85034,8.8
5.4385834,6.1
5.4117723,5.8
5.4412026,5.0
5.4115415,6.0
5.368489,6.1
5.4010377,6.6
5.4325194,5.8
5.3975596,5.8
5.4468536,6.0
5.425349,4.0
5.385165,4.8
6.967029,6.2
5.3931365,6.6
5.3190966,3.5
5.366483,6.1
5.4041343,6.5
5.363029,6.0
5.4509125,5.7
5.390539,4.0
5.3497806,4.0
6.886454,7.5
7.064665,6.6
5.4390106,5.7
5.322154,4.5
6.8335752,9.0
5.4113374,6.6
5.3908043,4.0
5.402067,4.8
5.3217697,4.8
5.449452,4.5
7.008347,9.0
5.3796916,4.8
5.3929214,4.8
5.432846,5.7
5.483246,5.7
5.4014854,5.0
5.4019265,3.5
5.421871,6.0
5.387888,5.8
5.4066067,6.5
5.3625007,5.7
5.329163,3.5
5.4059052,4.8
5.310276,6.0
5.37221,4.5
6.8862453,8.8
5.4224463,4.0
5.4135036,6.5
5.359064,6.6
6.7734885,9.0
5.3197184,6.2
5.416745,5.7
5.344666,5.7
5.451244,4.8
5.4144773,6.5
6.936386,6.5
5.3758845,6.0
5.4243636,5.0
5.4492435,6.5
5.358045,6.0
5.428682,3.5
5.3667636,5.8
5.393707,6.1
6.9233837,7.5
5.3952355,4.0
6.9076204,8.2
5.4054513,6.1
5.403229,4.5
5.4337254,6.1
5.3480043,6.2
5.4131155,6.5
5.4329686,4.8
5.4346232,5.8
5.368533,6.2
6.941169,7.5
5.4325223,5.7
5.3586836,5.8
5.413854,3.5
5.383887,6.1
5.3599463,6.5
5.3821316,4.8
5.395814,5.8
5.3950505,4.8
5.373599,4.0
5.408483,6.1
5.3322086,6.6
5.3887177,6.2
5.4273276,3.5
5.416233,6.5
5.335786,6.2
5.4973965,4.0
5.518192,5.0
5.330218,6.2
5.44599,6.6
5.373442,4.8
5.383974,4.0
5.122639,4.5
5.3815203,5.7
5.4225807,5.0
5.4159503,5.0
5.338634,5.7
6.9554033,6.0
5.458148,6.1
5.4125266,4.0
5.3625455,5.8
5.365572,4.0
5.3667803,4.8
5.3754687,4.5
5.4624605,5.8
5.411767,4.0
5.4142265,4.0
5.38967,6.5
5.3361816,4.0
5.4424353,6.5
5.372876,5.7
5.29166,4.5
5.4323835,5.8
5.419555,6.1
5.317129,6.6
5.305232,4.5
5.4125314,6.5
5.425434,6.5
5.432469,5.0
5.4118977,3.5
5.4531,6.6
5.4137974,6.2
5.357131,4.8
5.428682,3.5
5.3725786,6.1
5.426319,6.2
5.420022,3.5
5.46001,6.5
5.3737783,5.8
5.437928,3.5
5.332147,4.5
5.409636,4.5
6.7245393,6.1
5.377072,5.7
5.3801637,3.5
5.4016743,5.0
5.4314485,6.5
5.460566,6.5
5.3118534,5.8
5.456915,5.7
5.3681307,6.5
5.4371433,6.2
5.377568,6.5
5.3965416,3.5
5.3662844,4.5
5.419972,4.5
5.3996897,3.5
5.410805,5.8
5.4201856,6.5
5.473608,5.0
5.40063,6.6
5.3945737,6.1
6.985236,6.2
5.377304,6.0
5.4817476,5.7
5.3748837,6.1
5.359849,3.5
5.4202957,6.1
5.4280496,6.0
5.420266,6.5
5.397542,6.0
5.3821435,6.5
5.3605213,6.1
5.385326,6.5
5.374119,5.0
5.332617,6.5
5.420624,6.2
5.328655,6.2
5.353156,6.1
5.388828,6.0
5.3883924,4.8
5.3737993,3.5
5.350974,6.0
5.406175,6.1
5.419591,4.8
5.398848,6.0
6.8742003,5.7
5.420777,6.0
5.255888,6.1
5.4438915,6.5
5.4002604,5.8
5.3179646,4.5
5.4153748,6.0
5.3662457,5.7
5.431191,6.0
5.4060426,6.1
6.99809,6.1
7.006453,8.2
6.8696785,7.5
5.4301233,6.2
5.364262,5.0
5.3431897,5.8
5.4128366,6.0
5.402996,6.0
5.3841696,6.0
5.354183,6.0
5.4079657,5.7
5.4365873,6.2
5.3897347,3.5
5.430109,6.6
5.419299,4.8
5.377743,6.2
5.4295254,3.5
5.381571,5.8
5.4384127,6.0
5.4148045,6.2
5.465803,4.5
5.4325085,4.5
5.362078,4.5
5.415152,6.2
5.38661,5.0
7.0185056,6.2
5.3790164,5.8
5.4163566,6.5
5.434662,4.8
5.38455,6.1
5.418692,6.6
5.4256997,6.6
5.3805485,4.5
5.402285,4.5
5.3724055,6.0
6.8692384,9.0
5.416156,6.1
5.385981,4.0
5.438519,6.2
5.4145637,4.8
5.4120607,6.6
5.433809,6.6
5.4019723,6.2
5.416328,4.0
5.3950505,5.7
5.376503,6.0
5.3521104,6.0
5.400589,6.2
5.4192266,3.5
5.3700094,6.1
5.373072,6.5
5.4167304,4.5
5.3565745,4.5
5.387369,5.7
5.372493,6.2
5.4869857,4.5
5.367742,5.8
5.3378477,6.1
5.382836,5.7
5.387126,6.0
5.4002604,5.0
5.456601,4.5
5.394924,6.5
5.3955317,6.1
5.365956,6.0
5.413698,6.6
5.443649,6.0
5.404726,6.0
5.395343,5.0
5.3749776,6.0
5.4343996,5.7
5.413715,6.1
5.451087,5.8
5.4234266,6.6
5.4464464,4.0
6.885891,8.8
5.4195986,5.7
5.403123,4.8
5.4049025,6.2
5.375081,3.5
5.4464216,6.1
5.453745,6.0
5.3727565,6.6
5.415682,6.5
5.497934,6.1
5.433833,5.0
5.3900623,6.2
6.8346806,5.7
5.4199977,6.2
5.4246807,4.5
5.3621,4.5
5.3686132,6.1
6.9767485,5.8
5.4374905,5.8
5.3878813,6.0
5.4435434,5.0
5.4242606,6.5
5.3717537,4.5
5.2714324,6.2
5.415578,6.1
5.322483,6.5
5.3048234,5.7
5.3719144,6.6
5.3914976,3.5
5.4209256,5.0
6.9037046,5.7
7.109515,8.2
5.4398546,4.0
5.3878574,3.5
5.471674,4.5
5.4194446,6.5
5.3566513,6.5
5.3968077,4.5
5.422676,4.8
5.4221573,6.6
5.3484426,6.6
5.372376,5.7
5.4330583,6.0
5.3827453,5.8
5.4456925,5.0
5.4989634,6.1
5.40881,3.5
5.428132,5.0
5.4837213,5.7
5.388896,5.8
5.4518495,3.5
5.435791,3.5
5.386848,6.5
5.3960032,4.5
5.3938723,4.5
5.4654,6.6
5.392692,6.6
5.408439,6.2
5.375208,3.5
5.427443,6.0
6.88241,8.8
5.3743343,5.8
5.4080853,4.0
5.312104,5.8
5.4248767,4.5
5.3815203,4.8
5.4306774,6.2
5.433461,6.5
5.3999906,6.2
5.4327283,6.5
5.353165,4.5
5.3650436,3.5
5.408252,3.5
5.4742045,4.0
6.969434,6.2
5.419263,3.5
5.3808374,4.8
5.4063225,5.7
5.4616275,4.8
5.3927374,6.0
5.4036903,3.5
5.3749776,6.5
6.852812,8.2
5.3884706,5.7
5.455678,5.7
5.381904,5.0
5.4470987,6.6
5.3749776,6.6
5.398272,3.5
5.409144,6.6
5.3875575,4.5
5.3839383,4.8
6.8422937,5.8
5.4483037,5.7
5.447953,6.6
5.3759766,6.0
5.379975,3.5
5.385428,4.8
5.4495773,6.1
5.4188986,6.0
6.989918,6.5
5.353451,6.0
5.3675423,5.0
6.968308,9.0
5.4151735,4.8
5.3853726,6.0
5.4409814,6.0
5.3546157,4.8
5.44847,4.5
5.427154,6.6
5.4118347,6.6
5.377867,3.5
5.4052176,4.8
5.421094,5.0
5.3530645,4.5
5.467123,5.8
5.419591,5.8
5.40801,6.0
5.3707104,5.7
6.871741,9.0
5.3731875,4.5
5.334592,6.2
5.4132257,6.0
5.355984,6.2
5.398117,5.8
5.423062,5.8
5.357434,4.5
5.4228086,5.7
5.4266205,6.2
5.4482327,4.0
5.4398108,4.5
5.3780036,6.0
5.358695,5.7
5.4246893,3.5
5.3439803,4.5
6.98137,9.0
5.388905,6.2
5.364774,6.5
5.360951,4.0
5.3216476,5.8
5.4162054,5.0
5.370078,6.2
6.938206,9.0
5.4021626,5.7
5.3689666,6.1
5.4113197,3.5
5.4271274,6.1
5.4060993,3.5
5.428542,3.5
5.409374,4.8
5.4573107,6.0
5.3831825,5.7
6.8932333,6.6
5.390573,5.8
5.3858323,4.0
5.395006,6.1
5.3990874,6.2
5.4999313,5.7
6.934046,6.8
6.744169,6.8
5.375334,5.8
5.427415,6.5
5.427574,5.7
6.877013,8.8
5.37413,5.7
5.4324794,4.5
5.4380937,5.8
5.455981,6.5
5.388134,5.7
5.474101,5.0
5.409396,4.0
5.4939356,6.5
7.0093203,7.0
5.391837,6.5
6.9056478,8.2
5.421329,6.2
5.430082,6.1
5.455887,6.6
5.4053216,5.8
5.3867416,6.2
5.3670382,6.2
5.39139,5.7
5.4070463,4.5
6.9625745,7.5
5.4388075,5.0
5.3730497,6.0
5.3819346,3.5
5.3668375,6.2
5.3479323,4.8
5.4107785,5.7
5.3852015,6.5
6.8812175,8.8
5.409541,5.7
5.418776,6.6
5.467084,6.5
5.37359,5.7
5.472962,6.0
5.3862877,4.5
5.336591,5.7
5.3841352,6.6
5.3516564,3.5
5.3501916,4.0
5.393803,3.5
5.341139,4.0
5.3952074,3.5
6.911557,6.5
5.4171376,6.5
5.3941946,6.6
7.0224595,8.2
5.4137225,4.5
5.4266734,5.7
5.378196,4.5
5.3700824,6.5
5.334475,5.8
5.3966384,5.7
5.3859253,4.0
5.409801,4.8
5.3647594,5.7
5.3791347,6.2
5.3612123,6.0
5.4432044,6.5
5.3803306,3.5
5.3687983,6.0
5.377596,3.5
5.43372,5.0
5.443364,3.5
5.40259,4.5
5.3862424,5.8
5.3831058,3.5
5.4556437,3.5
5.3882475,5.7
7.1075,5.7
5.450106,4.8
6.8269925,6.5
5.3847694,4.5
5.353004,6.5
5.3224964,6.6
6.944416,6.8
5.378856,6.1
5.406348,5.0
5.347014,4.0
5.426407,5.7
5.426072,5.0
5.4247894,5.0
5.397542,4.0
5.461679,6.5
5.402147,6.5
5.401922,4.5
5.4191895,6.1
5.3924146,6.1
5.385569,4.5
5.28825,4.8
5.4435263,6.0
5.432846,5.8
5.3794904,4.5
5.386959,6.2
5.3767767,6.6
5.382998,6.2
5.389792,5.8
5.3867216,6.5
5.417777,5.8
5.380301,5.8
5.4160476,4.8
5.3136773,4.0
5.378171,5.7
5.492316,6.0
5.3970227,5.7
5.3526654,4.5
5.4138684,6.6
5.403621,6.6
5.370123,4.8
5.418131,4.0
5.3287477,6.5
5.394854,6.0
5.4022417,6.5
5.318577,6.1
6.8059506,5.8
5.3766966,3.5
5.4006696,4.5
5.4253073,3.5
5.420261,6.2
5.373001,6.2
6.829201,6.5
6.992467,8.2
5.379177,6.2
5.3383665,6.1
5.4159193,6.1
5.366455,6.6
5.376512,6.2
5.3637066,6.2
5.4087543,6.1
5.4063077,5.0
5.294492,6.5
5.401818,6.2
6.845169,5.8
5.4324756,6.6
5.357194,4.5
5.4052176,4.0
5.3739448,6.5
6.787577,6.6
5.3843307,6.2
5.3998704,4.5
5.4510546,4.5
5.4567304,5.8
5.3645287,3.5
5.3900065,6.0
5.396238,6.0
5.418844,3.5
5.396579,5.8
5.4253354,6.6
5.467084,4.8
5.3630934,6.0
5.3862095,6.0
5.4564342,6.0
5.4223146,4.0
5.4330463,4.5
6.8460965,5.7
5.376096,6.5
5.4346905,4.8
5.417659,5.8
5.44018,6.5
5.4361424,5.7
5.404818,4.8
5.413503,6.0
7.074811,6.1
5.424654,6.0
5.3584404,6.2
5.4015455,4.5
5.3734255,5.0
5.5257096,5.8
5.387109,6.2
5.2972836,3.5
5.368361,4.8
5.364393,5.8
5.362837,6.6
5.4372034,3.5
5.376854,5.8
5.4855943,6.5
5.2427454,3.5
5.3904333,6.0
5.318911,6.6
5.483938,6.6
5.3727474,5.7
5.467084,5.8
5.413719,5.7
5.343562,4.5
5.421737,5.8
5.4164357,6.6
5.402067,5.7
5.398299,5.8
6.930232,7.0
5.4391785,5.7
5.381091,6.6
5.4263268,4.0
5.416248,4.0
5.4251494,6.1
5.687556,4.5
5.328182,5.7
5.421014,6.0
5.392761,5.8
5.434471,4.0
5.410171,5.0
5.3964562,4.0
6.8661356,6.0
5.375421,6.2
5.434026,5.8
5.388106,6.0
5.4001503,6.5
5.486038,6.2
5.401525,5.7
5.3905907,6.1
5.4101806,6.6
5.400336,5.7
5.4062786,6.6
5.4050364,5.7
5.3572793,5.7
5.383709,6.6
5.405619,6.5
5.334074,6.1
5.4335217,6.6
5.294393,6.0
6.8881187,6.5
6.9753213,6.5
5.4241924,5.7
5.4073925,4.8
5.416714,3.5
5.417417,3.5
5.4409814,6.6
5.3804016,4.5
5.4328384,5.7
5.3857174,6.6
6.9595594,6.1
5.3555975,6.1
5.450036,6.0
5.394262,3.5
5.3668957,6.2
5.3950987,6.6
5.3851814,6.1
5.3877964,3.5
5.350987,6.1
5.417624,6.1
5.4444933,6.2
5.3813043,5.7
5.4351816,5.8
5.3623505,6.2
5.382305,6.1
5.4027157,5.8
6.9244213,9.0
5.4222126,5.8
5.3768377,5.7
7.0664287,8.8
6.9383297,6.5
5.410079,6.6
5.4560413,6.1
5.4922934,3.5
5.3751664,5.8
6.8252854,6.2
5.3355813,6.2
5.3726835,6.6
5.3941536,6.0
5.372266,5.8
5.4579067,6.5
5.4097095,6.0
5.36188,6.0
6.7316422,6.0
5.337707,5.0
5.351996,4.5
5.4218483,5.0
6.9232526,6.8
5.4259167,6.2
5.3962235,4.8
5.3713837,6.6
5.384335,6.1
6.909761,6.2
5.3748846,4.8
5.447771,4.8
5.298386,4.8
5.369855,5.0
5.3900886,4.0
5.394434,5.8
5.4287043,6.2
5.4346232,4.0
5.4482417,3.5
5.386532,4.5
5.363299,4.0
5.41115,5.7
5.4119287,6.6
5.435787,4.5
5.388146,6.1
5.388418,6.5
7.071638,8.8
5.3572407,4.0
6.986317,6.6
7.016087,6.2
5.424466,5.8
5.3966246,4.8
5.415895,6.5
5.383336,6.0
5.4030275,3.5
5.4442596,4.5
5.383322,4.5
5.409484,5.7
5.432625,5.0
5.4641604,3.5
5.4216294,4.5
5.4181805,5.0
5.3978553,6.0
5.3810883,6.1
5.4160247,6.5
5.369844,6.0
5.4700217,5.0
5.4496713,6.5
5.3742156,5.7
5.42648,6.0
5.415381,6.2
5.3683577,4.8
5.3015823,5.0
5.408345,6.6
5.4401956,4.0
5.3425574,5.8
6.824893,8.2
5.378315,6.1
5.3773503,4.5
5.397495,6.0
5.4097385,3.5
6.8808866,9.0
5.398164,6.6
5.3961926,6.2
5.37934,5.0
5.370871,4.8
5.2529364,5.8
6.9298887,5.8
5.396607,6.0
5.3859186,5.0
5.3156557,4.8
7.0874343,7.0
5.3966928,4.5
5.405709,6.5
5.3104506,6.1
5.39234,6.5
5.3828106,4.8
5.3844166,6.5
5.393515,3.5
5.4341125,6.6
5.4263144,6.2
5.3964367,3.5
5.4429216,5.7
5.380058,6.5
5.419299,6.1
5.3618984,6.0
5.385417,6.5
5.397509,5.0
5.359499,6.2
5.4382405,5.8
5.3989015,6.2
5.3662844,4.5
5.447451,6.6
5.4833126,5.0
7.0233297,6.2
5.3311763,5.0
5.4122977,3.5
5.4162054,5.8
5.415852,4.8
5.399235,6.6
5.451732,6.1
5.4180098,6.1
5.385081,6.6
5.379097,6.0
5.385468,6.1
5.3705406,5.0
5.420093,6.5
5.46435,3.5
5.413271,5.0
5.3808503,6.1
5.375942,6.5
5.424823,3.5
5.491692,6.6
5.4915133,6.1
5.347867,3.5
5.453481,6.2
5.3554955,6.6
5.3650403,4.8
5.4651685,5.7
5.3474927,6.2
5.305873,4.8
5.42304,5.8
5.4470196,6.0
5.3573704,5.0
5.3883634,6.1
5.43425,4.0
5.353262,4.5
5.43909,4.5
5.411634,4.8
5.417716,6.1
5.433372,5.8
5.390927,4.8
5.410369,5.7
5.468613,6.1
7.021266,6.0
5.431532,5.7
5.4330173,5.8
5.4570427,4.8
6.9382997,8.2
5.4097385,4.8
5.4833627,6.0
5.3931475,6.1
5.403791,4.0
5.382713,6.6
5.269571,5.7
5.4181733,6.6
6.868137,7.0
5.401001,5.0
5.4083114,5.7
5.3945084,4.0
5.3725276,5.0
6.908038,5.7
5.3753223,5.0
5.340818,6.1
5.4350643,6.0
6.770291,6.1
5.4324446,6.6
5.377879,5.7
5.420395,6.1
5.398229,6.2
5.476844,5.8
5.3776035,3.5
5.419078,6.0
5.3938026,4.5
6.8590527,6.5
5.3898973,6.6
5.3772993,6.1
5.382707,6.2
5.3928447,5.8
5.3946314,5.8
5.3956637,5.0
5.3400283,4.5
5.3850994,6.2
5.399517,6.2
5.378328,6.0
6.9024267,5.8
5.380025,6.0
5.4229326,4.0
5.418659,4.5
6.905686,6.5
5.334147,4.8
5.3583465,5.7
5.4129786,4.0
5.3645153,4.0
5.377447,6.5
5.445886,6.5
5.323166,4.5
5.431177,5.8
5.4292135,4.8
5.317504,5.7
5.4507766,5.0
5.428681,5.8
5.3896437,5.7
5.423266,5.8
5.386772,4.8
5.3913345,6.1
5.4206095,5.7
5.405619,4.0
6.973078,6.1
5.3094378,6.2
5.3888326,6.2
5.456915,6.2
6.963178,5.8
5.416473,6.6
5.3716307,3.5
5.417446,6.1
5.3986826,6.0
5.38215,4.0
5.4226537,6.0
6.8356137,6.8
6.917253,6.1
5.435902,4.5
5.4367714,3.5
5.4065037,6.6
6.961409,6.2
5.3793097,3.5
5.399884,4.8
5.4617667,5.7
5.364692,5.0
5.3692,6.2
5.47454,4.5
5.3977213,6.6
5.3896284,6.0
5.424059,6.0
5.3440366,6.2
5.388597,6.1
5.3712873,6.6
5.3407784,5.8
5.415648,6.2
5.433098,5.8
5.357545,4.0
7.0136223,6.0
5.443718,5.8
5.4038515,3.5
5.395704,6.1
5.3938723,5.0
5.3765035,3.5
5.2594147,6.0
5.372808,5.0
5.390612,3.5
5.3940935,5.7
5.4427342,6.6
5.398096,4.0
5.373546,6.6
5.378337,4.0
5.383227,6.0
5.411497,4.5
5.3955154,4.5
6.987062,6.6
6.990952,6.0
7.0136514,5.7
6.9040794,8.2
5.378036,5.7
5.3684964,4.5
5.4178767,3.5
5.369986,6.6
5.3631754,5.0
5.461886,6.2
6.8792715,7.5
5.430185,3.5
5.3433657,5.8
5.4048395,4.0
5.407458,6.1
6.9501343,7.5
5.567243,6.2
5.4783716,6.6
5.394397,4.8
5.395895,5.0
5.392805,4.8
5.3529487,4.0
5.376964,4.0
5.3556166,5.7
5.4247174,5.0
5.4055805,5.0
5.3796988,6.6
5.3769283,5.0
5.4102454,6.0
5.374952,4.0
5.3917055,6.5
5.41636,5.0
5.396805,6.1
5.292499,4.5
5.384499,6.0
5.392351,5.8
5.386938,5.8
5.428528,6.0
5.414139,4.8
5.412785,4.8
5.368325,3.5
5.3695207,5.0
5.354329,5.0
5.360813,5.8
5.429461,4.8
5.418387,5.0
6.737589,5.8
5.384011,4.5
7.1258664,6.1
5.369044,5.0
5.4197025,5.8
5.3978987,6.1
5.401762,3.5
5.4507976,4.5
5.4090447,6.6
5.4168243,6.2
5.386964,3.5
5.4122195,6.0
5.3973217,5.7
5.356604,6.2
5.32854,4.5
5.401479,6.2
5.5291133,3.5
5.3648868,6.5
5.376504,5.0
5.4158716,6.2
5.4460692,6.0
5.3830504,4.0
5.4285607,6.6
5.4744616,6.6
5.3353844,6.1
7.001682,6.6
5.353467,6.6
6.8547072,7.5
5.66471,6.1
5.4088683,6.1
5.3540826,3.5
5.4530344,4.8
5.3884563,6.0
5.4239,6.2
5.3725624,6.2
5.4041715,4.0
6.8463798,6.6
5.426047,4.5
5.4080653,3.5
5.376348,6.2
5.398189,4.0
5.3973937,6.1
5.397758,6.2
5.350035,6.1
5.431311,4.8
5.4264235,4.8
5.38661,3.5
5.4461117,4.0
5.368629,6.2
5.415229,6.1
5.3247476,6.1
5.4256587,3.5
5.4162364,5.7
5.3947086,6.6
5.369057,4.5
5.4102454,3.5
5.4099035,6.1
5.4871254,4.5
5.3856854,5.0
5.421201,6.1
5.4233494,6.1
5.493123,6.5
5.291603,5.7
5.4563804,6.2
5.351402,4.0
5.3669295,5.7
5.4241924,4.5
5.4344854,6.0
5.3954053,3.5
5.3843226,6.1
5.359282,6.0
5.3351607,5.8
5.3883777,6.5
5.3693886,4.5
5.3750005,4.5
5.368539,4.8
6.9307094,6.5
5.453172,5.0
5.394846,6.1
5.408469,6.1
5.4135857,5.0
5.3938475,4.5
5.3925776,5.7
5.353701,5.0
5.3666983,6.6
5.378548,6.0
5.385591,6.1
5.4186296,6.5
5.445862,4.5
5.492158,4.5
5.459287,5.8
5.4578304,6.0
5.383548,6.1
5.447784,5.8
5.3740573,4.8
5.4553156,6.2
5.4506993,6.2
6.93157,5.8
5.4060154,4.8
5.4162145,6.2
5.265592,4.8
5.409801,6.2
5.44787,6.2
5.36182,6.5
5.415249,6.5
6.940731,8.8
5.391382,5.0
5.3920994,5.0
5.4531593,4.8
5.383336,6.0
5.390784,6.0
5.3868074,6.6
5.335954,6.0
5.4389696,5.0
5.442796,6.0
5.41669,6.5
5.5191774,6.1
5.4988537,6.0
7.0178294,6.6
5.4355693,6.1
7.0090785,6.5
5.358426,6.2
5.4238133,6.1
5.3849382,3.5
5.372578,6.0
5.4296384,5.8
5.364484,6.1
5.363176,4.5
5.4351816,4.5
5.361602,3.5
5.3930893,6.2
5.4918375,3.5
5.3620296,4.0
5.399026,6.5
5.4030075,5.7
5.4250164,6.6
5.385558,6.0
5.462842,6.5
5.393884,6.5
5.3896766,6.6
5.342447,4.8
5.3876123,6.1
5.425404,6.1
5.41631,3.5
5.3730855,5.7
5.4409466,4.8
5.404511,4.0
5.515852,4.0
5.384059,5.7
5.4203653,5.7
5.393003,4.8
5.324268,3.5
6.9497867,7.0
5.390629,4.8
5.276046,6.2
5.4326925,6.5
5.371438,4.5
5.4383287,5.0
5.4063425,6.0
5.402212,6.2
5.401291,6.5
5.340429,3.5
5.3526506,4.0
5.4336486,6.0
5.3165426,6.1
5.25214,6.0
5.4121146,6.6
5.3716807,4.5
5.3976226,4.0
5.4162364,5.0
5.4300556,5.8
5.3890176,4.8
6.8901615,6.0
5.333708,6.6
5.390137,6.0
5.3545947,6.6
5.402212,5.7
5.418856,6.6
5.415675,6.6
5.463433,5.0
5.385644,3.5
5.4358506,6.2
5.3824596,5.0
5.4060383,5.7
5.396343,5.8
6.8772507,8.8
5.3891163,4.0
5.4490337,4.0
5.4145303,5.8
6.9161735,6.2
5.408482,4.5
5.398549,6.6
5.409941,5.7
5.385265,6.1
5.4913936,6.6
5.3303456,4.5
5.25823,6.5
5.3349485,6.1
5.461555,6.5
5.275855,6.5
5.381118,6.2
5.3865542,4.0
5.4295077,6.6
5.4771247,6.6
5.448033,4.8
5.4343996,5.8
7.045288,7.5
5.4780626,4.0
5.4148717,4.8
5.3831096,6.1
5.3709598,6.5
5.432221,6.5
5.381184,5.0
5.4229183,4.0
5.397737,6.5
5.3775444,3.5
5.448243,4.8
5.3868995,5.0
5.3847938,6.5
5.4177394,6.6
5.4018173,4.5
5.3701367,5.0
5.4096327,3.5
5.3970456,4.0
5.426682,5.7
5.414301,6.6
5.3850765,5.8
5.3768377,4.0
6.866975,6.0
5.3246946,6.5
5.357665,6.0
5.501158,6.0
5.404412,5.8
5.432648,5.7
6.922304,8.8
5.360951,5.0
5.371846,5.7
5.4054847,6.0
5.3583946,5.8
5.354249,5.7
5.3056436,6.0
5.4045777,5.8
5.389392,4.0
5.4289265,6.6
5.3092146,6.5
5.390131,4.8
5.501981,6.2
5.366473,6.2
5.433727,5.7
5.407859,5.7
5.3719444,4.5
5.416519,6.5
6.9196396,6.2
5.408548,6.2
5.3737726,6.6
5.356692,5.7
5.3824306,6.5
5.411533,6.2
5.4492273,6.1
5.3763204,6.0
5.3206825,3.5
5.372896,6.2
5.3685107,5.0
5.4310064,6.6
6.9610977,6.2
5.4542027,4.5
5.4333434,6.2
6.894633,8.2
5.332726,6.2
5.4259233,4.8
5.3106537,6.6
5.4062414,6.1
5.512508,6.2
5.5251737,4.0
5.42001,5.8
5.401657,6.5
5.3808875,6.1
5.386387,6.5
5.396589,6.1
6.96624,5.8
6.920313,7.5
5.365032,4.5
5.446963,5.0
5.344311,4.0
5.4025245,4.0
5.4064693,5.7
5.4243636,5.8
5.2619166,6.2
5.439009,6.6
5.433717,5.8
5.396657,5.8
5.350731,4.8
5.363887,5.0
5.401657,4.5
5.33262,6.5
5.3621616,4.0
6.933358,6.1
6.9125648,6.6
5.375726,6.6
5.4158807,5.8
5.533476,4.5
5.4049788,6.2
5.4226537,6.5
5.406134,5.7
5.3879976,6.6
5.4038453,3.5
6.947196,8.2
5.3698616,6.0
5.371801,4.5
5.371752,6.0
5.4253325,3.5
5.38661,6.1
5.439279,5.0
5.3453283,6.5
5.372293,3.5
5.4407277,3.5
5.3790803,4.5
5.4116635,6.0
5.37757,3.5
5.4450903,6.2
5.4453316,6.1
5.4083667,3.5
6.964528,6.6
5.4333925,6.6
5.405822,6.1
5.3976235,5.8
5.3453665,6.1
5.383539,4.5
5.36693,5.7
5.3680177,5.0
5.4077406,4.8
5.3636603,6.6
5.383988,5.0
5.4411345,6.0
5.4368677,6.1
5.417005,6.0
5.3823857,4.5
5.407632,6.5
5.412443,6.2
5.376906,4.0
6.9271836,8.2
5.3886266,6.2
5.3756766,5.7
5.375563,6.2
5.405301,6.0
5.383422,5.8
5.354522,6.2
5.335542,5.7
5.366344,5.7
5.393391,6.1
5.388775,5.7
5.385263,3.5
5.3833733,5.7
5.415745,6.0
5.4108787,6.2
5.370769,6.2
6.9675856,6.5
5.3919325,6.5
5.3685164,4.8
5.432846,6.2
5.433049,4.8
5.4067626,5.7
5.4120665,4.0
5.411961,6.1
5.4084873,6.0
6.9191275,5.8
6.9327965,5.7
5.3847938,4.8
5.4000597,4.8
6.9154763,8.8
5.334079,4.5
5.378583,5.0
5.3752813,6.5
5.4058137,5.8
5.3753242,4.8
6.981598,7.5
6.8738422,6.6
5.4168243,5.8
6.93974,9.0
5.380062,5.7
5.386596,4.5
5.326948,6.6
5.3864574,6.2
5.398108,6.0
5.4238048,4.0
5.419972,6.0
5.4520106,6.1
5.451383,4.5
5.420987,4.0
5.402947,6.0
5.4297905,5.7
5.435415,3.5
5.44244,6.0
5.3745418,4.5
7.0225086,6.6
5.377534,4.0
5.431857,6.2
5.3878303,6.6
5.3667593,6.5
5.384615,6.1
5.386501,6.2
5.3692775,6.5
5.4418797,3.5
5.3938017,3.5
5.4279785,6.0
5.4018507,4.0
6.9529614,6.2
5.428688,3.5
5.338144,4.5
5.3765035,5.0
5.437239,5.8
5.3712006,6.2
5.4001703,4.0
5.4718,6.1
5.393622,6.0
5.3657746,3.5
5.4074974,6.6
5.467084,6.0
5.435192,5.0
5.489191,4.5
5.367404,6.0
5.3671455,5.8
5.4634233,5.8
5.4570427,6.2
5.4057574,3.5
6.8330154,7.0
6.9022446,5.7
6.908678,7.0
5.4616747,4.0
5.440082,6.5
5.442529,6.0
5.408037,5.8
5.411502,6.1
5.383548,4.8
5.4170175,6.0
5.4558644,5.0
5.4837213,6.2
5.3805594,6.2
5.3859224,6.0
5.4509125,6.2
5.4482036,6.5
5.3259296,4.5
5.37439,6.6
5.408429,6.5
5.55087,4.8
5.4169893,6.0
5.264027,6.5
5.364142,5.0
5.3913245,6.6
6.9159718,8.8
5.366577,5.7
5.3913746,3.5
5.430951,4.5
5.4033775,5.7
5.4312596,3.5
5.429522,5.8
5.3653593,5.0
5.4080095,5.0
5.389183,5.8
5.4196773,6.5
5.3955154,5.8
5.3973317,6.2
5.3857074,4.5
5.348456,5.0
5.374141,6.6
5.4686384,4.8
5.4612365,6.5
5.431729,4.5
5.4080853,4.5
5.386544,5.8
5.4170966,3.5
5.4553094,4.5
5.3984904,6.2
5.437421,4.5
5.4089003,5.8
7.163373,6.6
5.408176,6.0
5.435749,6.1
5.3860927,6.2
6.878283,5.7
5.4301257,6.2
5.4127884,4.8
5.4109907,6.5
5.384365,4.0
5.422584,5.8
6.89732,8.8
5.5071816,3.5
7.008866,7.5
5.34583,6.6
5.3761806,5.8
5.3390465,6.1
5.3751693,5.0
5.412974,4.5
5.3356643,4.8
5.366792,5.7
5.399685,6.5
5.316388,4.8
7.0207415,6.0
5.340812,6.5
5.3968306,4.0
5.491637,4.5
5.4300833,6.6
5.372273,6.1
5.386417,6.5
5.4301314,6.5
6.743441,8.8
5.444017,6.5
5.3247056,3.5
5.436048,5.7
5.4001503,3.5
5.486019,3.5
5.388145,5.0
5.4132967,5.7
5.37513,6.0
5.37546,3.5
6.936081,9.0
5.429203,6.0
5.475094,6.5
5.3860626,5.7
5.452969,6.1
5.3975472,6.1
5.4043427,4.0
5.462259,3.5
5.4133744,5.7
5.420457,5.7
5.438043,4.5
5.401332,6.5
5.437525,4.5
6.9396772,6.6
5.39749,5.0
5.430459,6.2
5.399257,4.8
5.439627,4.5
5.3662844,5.8
5.3614354,3.5
5.4173107,4.0
5.42995,5.8
5.407444,6.1
5.3837094,4.8
5.386856,6.0
5.3888326,3.5
5.42719,5.8
5.4104,4.0
5.404234,5.7
5.3332663,6.0
5.406692,5.7
5.4089994,6.2
5.4411907,5.0
5.3548274,3.5
5.3526115,6.5
5.464236,6.1
5.3438854,4.0
5.4409757,5.7
5.3487997,6.1
5.4185834,6.1
5.391501,4.5
5.3959203,6.6
5.49336,5.7
5.4302363,5.7
5.4565964,3.5
5.430207,4.0
5.384697,3.5
5.400724,5.0
5.4370217,4.8
5.391221,6.6
5.312537,6.1
5.3884606,6.2
5.4518495,5.0
5.406419,6.0
5.42274,5.0
5.4064693,6.0
6.884669,6.8
5.4259815,6.1
5.388145,5.7
5.4288697,5.0
5.4524503,4.5
5.3371134,5.0
5.383465,5.0
5.3940325,6.2
5.4390063,6.1
5.423701,5.8
5.4899187,5.0
5.3535995,5.7
5.4384785,6.2
5.402168,4.0
5.4393034,6.6
5.4452734,6.2
5.4368453,5.7
5.401503,5.8
5.39603,3.5
5.3238287,5.7
5.335838,6.2
6.967289,7.0
5.372943,6.0
5.4465656,6.1
5.382814,4.8
5.344819,6.6
5.4053574,6.6
5.375871,6.1
5.413673,4.0
5.3548656,5.7
5.4062886,5.7
5.4197435,3.5
5.385661,4.0
5.368533,6.2
5.325125,4.0
6.9017363,6.2
5.399316,6.1
5.4676785,4.0
5.3561683,5.8
5.336563,6.1
5.37386,4.5
5.413694,6.1
5.341477,5.7
5.3858128,5.8
5.4603276,4.5
5.4371333,5.8
5.4871254,5.7
5.401683,4.0
5.4348054,4.0
6.928157,6.0
6.9213924,6.5
5.462656,6.0
5.3756204,5.0
5.4001503,5.8
5.3932776,3.5
5.366536,3.5
5.382305,6.2
5.407723,6.1
5.4137726,6.2
5.3946853,6.0
5.3800488,5.0
5.370258,4.5
5.3892303,6.1
6.8978953,6.5
5.402212,4.8
5.448787,6.5
5.40744,3.5
5.39438,4.0
5.4184504,5.8
5.318863,6.2
5.469028,6.1
5.423013,5.8
5.3764997,6.0
5.3970156,4.8
5.4039845,5.8
5.3987374,4.5
5.376512,6.0
5.3752875,6.6
5.411302,5.8
5.4122257,6.5
5.4197297,6.0
5.39188,6.0
5.3861976,4.8
5.4385433,4.0
5.379443,4.0
5.370452,6.5
5.48129,6.0
5.4065986,6.2
5.424128,6.5
5.463099,4.5
5.4321823,6.5
5.4432044,5.8
5.406322,4.5
5.438011,6.2
5.428241,6.2
6.9785757,6.2
5.4037743,4.8
5.339701,6.0
5.4344416,6.1
5.475867,6.6
5.3795204,6.0
5.4269466,5.7
5.449213,3.5
5.4545255,6.5
5.412418,6.1
5.424811,6.5
5.382203,5.8
5.473845,6.1
7.0402865,8.2
5.394622,6.2
5.4357643,6.6
5.3853126,6.1
5.436517,4.5
5.4202633,6.0
5.3943977,5.8
6.8742003,6.6
5.4080243,5.0
5.374989,6.0
5.3759184,3.5
5.4205403,5.7
5.3941684,6.0
5.4485035,5.8
6.964248,7.5
5.399035,6.2
5.36337,6.1
5.442686,6.5
5.4197297,4.0
5.4284487,6.2
5.541949,5.7
5.323063,6.1
5.449933,6.6
5.3973565,4.0
5.3473988,6.6
5.4572043,5.0
5.4823813,3.5
5.447569,5.8
5.3967533,6.2
6.991541,6.2
5.361602,6.6
5.3541794,6.1
5.473836,4.0
5.422561,5.0
5.4580054,5.7
5.3665156,4.0
5.3707967,6.0
5.430459,5.7
5.4426856,6.2
5.4399962,4.8
5.3601346,5.0
5.3795004,6.1
5.4033456,5.0
6.902342,6.0
5.4242234,6.0
5.421446,4.0
5.431311,6.0
5.3631063,4.5
5.4060574,6.6
6.9239597,5.8
5.3683577,3.5
5.381933,6.5
5.369384,3.5
5.4837213,6.1
5.424847,3.5
5.37728,6.5
5.4416595,5.8
5.3744974,6.5
5.377071,6.5
5.4059596,4.5
5.4916024,5.8
5.4099245,5.7
5.423084,6.5
5.4536724,4.0
5.433604,6.5
5.4222717,6.0
5.4487066,6.1
5.3643174,6.6
5.3842874,4.0
5.427806,5.7
5.386012,4.8
5.375081,5.0
5.3950725,6.1
5.4301257,6.2
5.386602,4.0
5.1833186,4.0
5.369098,6.6
5.4389024,4.5
5.3723135,3.5
5.3871064,4.5
5.426816,6.5
5.4836197,6.5
5.421424,4.5
5.4070807,4.8
5.3625135,4.5
5.4432044,6.5
5.4661446,6.0
5.329081,6.2
5.338927,4.8
5.420184,5.8
5.413503,5.8
5.391594,6.5
5.2749295,6.1
5.4327393,5.8
5.4210544,6.1
5.390712,5.0
5.4187675,5.8
6.964769,6.2
5.3452873,4.0
5.402401,6.2
6.891596,8.2
5.4294114,6.2
5.3733215,5.7
5.411392,5.8
5.3942833,6.2
5.4140816,3.5
5.3943977,6.5
5.4560413,4.8
5.4428706,6.5
5.4076214,4.5
6.869645,6.0
5.410755,5.0
5.3651013,6.2
5.3331494,6.1
5.3781824,4.8
5.368645,6.2
5.4360065,6.1
5.48129,3.5
5.433919,6.1
5.428169,5.0
5.4073844,4.0
5.3873606,4.5
5.3410635,5.8
6.945811,8.8
5.42713,6.2
5.385216,6.0
5.3843975,6.6
5.3799095,5.7
5.5251737,6.0
5.411818,4.5
5.4570427,6.0
5.423286,5.0
5.4218516,6.5
5.434264,4.5
5.4239993,6.1
5.4348054,5.0
5.420418,6.6
5.4058466,3.5
5.403684,5.0
5.373072,6.0
5.4322953,6.0
5.3346157,5.8
5.3842354,5.0
5.393148,5.8
5.3825355,4.8
5.421217,5.0
5.3969088,4.5
6.96368,6.2
5.356471,4.0
5.350559,5.8
6.8905144,6.8
5.3674,5.7
5.4466877,5.0
5.4224463,5.0
5.3882904,4.0
5.385128,4.8
5.413314,6.5
6.9994807,6.1
5.3998275,6.0
6.9302497,8.8
5.3907437,5.8
5.419878,5.8
5.4686933,6.2
5.3759446,6.0
5.3609595,6.0
5.372566,6.0
6.9840145,5.7
5.4337063,4.5
5.4639797,6.2
5.4114504,4.8
5.4174166,6.0
5.4082346,5.0
5.388778,6.1
5.4918375,4.8
5.402844,6.0
5.3953986,4.0
5.380953,6.0
5.399373,5.7
5.4258423,6.6
5.3829155,5.8
5.4931407,6.0
5.3565683,5.8
5.437665,3.5
5.4445276,6.0
5.4023175,4.0
5.3738947,6.5
5.406103,6.0
5.388145,4.8
5.371931,4.5
5.439858,6.0
5.4119687,4.5
5.422428,6.5
6.8906307,5.7
5.442293,6.1
5.397329,6.0
6.99122,8.2
5.36185,6.6
5.4251466,4.8
5.412885,3.5
5.4115276,6.1
5.391937,6.1
5.37736,5.8
5.4712586,6.1
5.3836427,6.5
5.4032297,6.5
5.3716397,5.0
5.4176774,4.8
5.392985,6.2
5.505157,6.1
6.8952994,6.0
5.4838386,6.5
5.3330946,5.7
5.4035325,5.0
5.468318,5.0
5.384183,3.5
5.444637,4.0
5.433247,6.0
5.403798,4.8
5.4513974,5.7
5.338705,6.1
5.4173303,6.5
5.4075756,6.5
5.4686127,6.0
5.4242096,6.1
5.36337,5.7
5.39937,6.6
5.3204603,6.6
5.3957844,6.1
5.4580193,6.5
6.748946,7.5
5.5394106,5.7
5.402286,4.5
5.407433,6.1
5.400424,5.8
5.3889575,6.2
5.4649076,6.6
5.434378,6.6
5.456915,4.8
5.4052653,5.8
5.392121,5.7
5.374929,6.0
5.3839884,5.8
6.8794336,6.2
5.417342,6.2
5.4136486,6.0
5.402708,4.5
5.4096656,6.2
5.4624715,6.1
5.411813,3.5
5.328248,5.7
5.3795357,5.0
5.3610144,6.5
5.430952,5.0
5.4055567,6.0
5.418303,4.8
5.329304,6.0
5.3978205,6.2
5.375726,5.0
5.385136,5.8
5.3855877,4.0
5.3789873,4.8
5.410513,6.5
5.4421434,5.7
5.563442,6.0
5.324667,4.8
5.508358,5.0
5.453826,5.7
5.3842287,4.8
5.4289374,5.7
5.379622,6.5
5.372446,6.6
5.494777,3.5
5.4820423,5.8
5.475429,4.5
5.4271383,3.5
5.380732,6.6
5.358945,6.6
6.846172,7.5
5.333614,5.0
5.397882,3.5
5.489352,6.5
5.402702,6.5
5.430802,5.7
5.478835,6.6
5.4371533,6.2
5.399096,6.1
5.3805466,6.2
5.3897686,6.5
5.3632855,3.5
5.4361625,5.0
5.3848314,5.7
5.409252,4.8
5.4323215,5.8
5.3592954,6.1
5.464937,6.0
5.392295,5.7
5.370397,6.5
5.358627,5.8
5.3674946,4.5
5.3059072,5.7
5.426408,6.6
5.4049788,5.0
5.441338,5.8
5.3625617,4.8
5.346705,5.0
5.4146533,3.5
5.3906665,6.0
5.4248767,4.8
5.461264,4.5
5.4327283,5.8
5.347596,4.5
6.870979,6.2
5.4097385,6.5
5.453618,4.0
5.4519243,4.5
5.4454427,4.0
5.445884,6.5
5.394804,6.0
6.898541,6.1
5.4325223,5.0
5.353211,5.7
5.366764,6.2
5.4407277,6.1
5.3783197,4.8
5.434559,5.8
5.4179864,6.5
6.9458404,6.1
5.3990307,6.6
6.9386754,6.0
5.3888807,6.5
5.400231,6.2
5.263565,4.8
5.379938,5.8
5.47584,4.8
5.3927145,6.6
5.4403815,6.5
5.4340863,6.2
5.3641276,5.8
5.388504,6.0
5.386646,6.0
5.381007,4.0
5.373225,6.1
5.420275,6.2
5.4510064,4.0
5.403329,3.5
5.4374466,6.0
5.3877106,6.1
5.383974,4.8
5.4082346,4.8
5.426595,6.1
5.3746486,5.8
5.4180202,5.7
5.444184,4.8
5.4300866,5.0
5.4110885,4.8
5.404669,5.0
5.4871254,6.5
5.388576,6.0
5.3407717,4.8
5.4083457,5.8
5.3594017,4.5
5.37711,5.0
5.4603696,6.6
7.002933,6.1
6.9248943,7.5
5.4460554,6.5
5.419681,6.2
5.3783717,6.5
5.37813,3.5
5.4184265,4.0
5.375762,3.5
5.407444,5.0
5.288402,6.2
5.370335,3.5
5.374746,6.6
5.369144,6.5
5.4304004,4.0
5.4461656,6.0
5.3873014,3.5
5.358391,6.0
5.4389257,6.5
5.408482,6.2
5.3311267,6.0
5.4855494,6.2
5.418793,6.5
5.436662,6.0
5.4359827,6.5
6.870069,5.8
5.3738527,6.6
5.423843,6.0
5.411818,6.6
5.361634,4.8
5.433832,4.8
5.3602676,6.5
5.397997,6.0
5.4343996,6.5
5.369949,6.2
6.8775744,7.0
5.480154,4.0
6.9836235,6.1
5.414643,6.2
5.4321036,4.8
5.4282537,5.8
6.7844753,8.2
6.8995476,5.8
5.419525,6.5
5.3718805,6.1
5.3978148,3.5
5.3445745,6.2
5.374186,6.6
5.4498878,4.5
5.3929677,3.5
5.3990955,3.5
5.327762,6.1
5.4978237,6.0
5.3038273,6.1
5.3902626,6.1
5.448346,6.1
5.434637,5.8
5.4148684,4.0
5.392928,5.7
5.442869,5.7
5.4485574,5.0
5.48612,3.5
5.3911605,6.6
5.415499,6.6
5.4881153,5.7
5.458517,4.8
5.4115415,4.5
5.4237084,4.5
5.4110165,5.7
5.3769803,4.5
5.385126,4.5
5.491297,5.0
5.4452734,3.5
5.3908324,4.0
5.4719048,3.5
5.4003344,5.0
5.4131413,4.8
5.382674,6.2
6.9046006,6.6
5.381779,4.8
5.391466,4.0
5.2869344,6.0
5.381267,5.8
5.378034,6.6
5.42404,5.8
5.488971,3.5
6.927795,5.8
5.4131336,6.1
5.39438,6.5
5.3853655,4.0
5.4099092,3.5
5.425364,6.5
5.4478717,5.7
6.943978,6.6
5.4350705,6.6
5.355711,6.2
5.335188,6.2
5.3865643,6.5
5.5059366,5.0
5.38284,6.5
5.3613977,4.0
5.38241,5.8
5.4091935,4.5
5.416519,6.1
5.4051065,4.5
5.4297857,6.2
5.3836412,4.5
5.3764596,5.8
5.386537,5.0
5.4694495,3.5
6.7182503,6.5
5.393925,6.1
5.410098,6.6
5.42513,4.8
5.362383,3.5
5.438745,4.8
6.74582,6.2
5.380923,6.0
5.350374,5.0
5.431851,5.8
5.383329,6.2
5.4416013,4.8
5.4095283,6.2
5.376112,6.6
5.382548,4.8
5.415553,6.6
5.4446588,6.2
5.387212,5.0
5.380329,3.5
5.383014,6.5
5.3998275,4.5
5.406028,3.5
5.38822,4.8
6.9155073,6.2
5.375609,6.6
5.483412,3.5
5.4347343,6.0
5.43947,4.5
5.3434677,5.0
5.419006,6.2
5.437829,5.7
5.4179673,6.6
6.9633255,7.5
5.4128065,6.1
5.381491,6.0
6.9109707,6.6
5.377431,6.2
6.941892,5.7
6.904443,9.0
5.410526,5.0
5.423803,3.5
5.3534837,4.8
5.42178,4.8
5.406318,6.1
5.468296,6.5
5.51526,5.7
5.433274,5.0
5.391247,4.0
5.4888377,6.6
5.3813934,3.5
5.4256763,5.8
5.411472,4.8
5.431729,6.1
5.3421545,6.2
5.383143,4.8
5.442851,4.5
5.4236693,5.8
5.4083643,4.5
5.4672794,6.1
5.435148,4.0
5.4359827,6.1
5.3470974,5.0
5.39204,6.2
5.363734,4.5
5.2978344,4.0
5.387921,6.6
5.3965836,5.0
5.4077125,6.0
5.376469,4.8
5.4845424,6.2
6.7667885,6.1
5.4039493,4.5
5.425559,5.7
5.4126964,4.5
5.3900094,3.5
5.370147,4.0
5.3813934,5.7
5.354721,6.5
5.398272,6.2
5.4160314,4.8
5.374754,5.8
5.3966246,4.5
5.388278,6.0
5.382496,4.8
5.3657856,4.5
5.3813615,5.7
5.4516106,6.6
5.3617067,5.8
5.402978,6.2
5.4585214,4.8
5.382458,4.0
5.401758,5.8
5.3626013,5.0
5.413289,4.5
5.456841,6.0
5.350101,3.5
5.3831825,5.8
5.334657,5.0
5.36892,6.5
5.4550757,6.6
5.434952,4.8
6.8935194,5.8
5.376357,6.5
6.982886,7.0
5.375334,3.5
5.353499,5.0
5.386641,5.7
5.402844,5.7
5.393254,6.5
5.4374647,6.6
5.383336,3.5
5.3618026,6.6
5.356167,6.6
5.398868,6.6
5.38447,6.5
5.3836956,6.2
5.394659,4.5
5.406871,5.8
5.3978987,6.5
5.4154854,3.5
5.3498006,3.5
5.3946624,3.5
5.4050817,4.5
5.424233,6.6
5.420599,5.8
5.385008,4.5
5.391784,6.5
5.3776608,5.0
5.4739075,4.5
5.3998275,5.7
5.441944,5.8
5.431177,6.0
5.268881,6.1
5.4978237,6.0
5.3491445,6.6
5.408656,5.7
5.425042,5.7
5.359911,5.8
5.383037,6.2
5.383988,6.5
5.4744396,6.5
6.9244576,6.0
6.9477415,7.0
5.3875284,5.0
5.4207425,6.2
5.3654065,4.8
5.3775444,4.8
6.9059596,6.1
5.401201,5.7
5.472489,5.8
5.358967,4.5
5.3382244,4.5
7.049823,5.7
5.4574976,6.6
5.4272223,3.5
6.8889146,7.5
5.3805614,6.5
5.3661165,5.7
6.9226966,8.2
5.4071727,6.2
5.426849,5.8
5.411007,4.8
5.4355693,5.8
5.4584255,6.2
5.3993015,6.5
5.4956923,3.5
5.372163,5.8
5.3484845,3.5
5.4278255,6.0
5.4502387,4.8
5.3684926,4.8
5.3749013,4.8
5.4957952,6.5
5.4257765,5.8
5.6665525,6.0
5.384599,4.5
5.409742,6.0
5.3743296,4.0
5.3710847,5.0
5.3984494,4.8
5.3625455,6.0
5.419594,6.1
5.396925,6.6
5.305828,5.0
5.3669367,5.8
5.490477,6.1
5.3980145,5.8
6.871924,6.6
5.368729,6.1
5.39766,5.7
5.3726025,6.6
5.3782506,3.5
5.2743225,5.0
5.3744974,5.8
5.433139,6.6
5.289917,5.8
5.4039845,6.5
5.3801637,5.8
5.422367,6.5
5.3993917,4.0
5.4156575,5.7
5.381184,5.8
5.4294677,6.1
5.4072485,3.5
5.3938413,5.7
5.4335346,4.8
5.4527526,6.6
5.3754196,3.5
5.423372,3.5
5.4184833,3.5
5.363334,4.5
5.4122314,6.5
5.4781785,5.7
5.4462214,6.6
5.3731227,5.8
5.414294,6.6
5.3704515,4.8
5.3704267,6.0
5.4194264,6.5
5.389575,6.2
5.3214355,6.5
5.4000626,4.8
5.397758,5.7
5.3844028,6.1
5.425266,5.0
5.390646,6.5
5.395683,6.6
5.355885,4.0
5.38784,6.5
5.322125,6.6
5.3730154,3.5
5.4066625,6.1
5.399963,6.6
5.439339,6.2
5.391737,6.1
5.357785,4.8
5.3756294,4.0
5.387279,6.1
5.394265,4.5
6.912443,9.0
5.4090643,6.6
5.4046073,4.5
5.3624687,4.8
5.384791,5.8
5.3432865,6.2
5.444079,4.0
5.3963656,4.0
5.418662,5.8
5.3781066,3.5
5.500453,6.5
5.396962,4.5
5.4534984,5.7
5.415559,5.7
6.929712,5.7
5.4287777,4.8
5.3863087,6.0
5.3877683,4.5
5.361644,5.8
5.3630176,4.5
5.434364,4.8
5.3924503,4.8
5.4259167,4.8
5.4546814,6.0
5.4520526,6.1
6.7796874,6.8
5.434121,4.8
5.4059515,6.6
5.3904333,6.1
5.3430033,6.1
5.3864365,6.5
7.0078588,8.2
5.430185,5.7
7.008669,6.0
6.8891726,6.2
5.4845424,6.6
5.4053574,3.5
5.428915,4.0
5.3391037,3.5
5.362803,6.0
5.33628,4.5
5.3852086,5.8
5.388587,4.8
5.4147944,6.0
5.4212008,3.5
5.4259887,6.0
6.8652186,6.0
6.963369,6.8
5.4103217,5.0
5.4082747,5.0
5.460475,6.5
5.3995047,6.0
5.409937,6.2
5.389329,6.6
5.41471,4.8
5.3877535,6.2
6.747295,6.1
5.380062,5.7
5.3838387,6.0
5.3938923,6.0
5.368521,3.5
5.373,3.5
5.4780684,6.5
5.384398,6.2
5.387466,4.5
5.3786993,3.5
5.3976626,4.8
5.371944,5.0
5.3529506,4.0
5.456915,3.5
5.410949,4.5
5.469553,5.0
5.394397,6.2
5.4132676,3.5
5.4623394,6.6
6.9608335,5.8
5.370818,5.7
5.414496,6.1
7.009578,9.0
5.410747,6.5
6.889305,6.6
5.376632,5.8
7.045164,8.2
5.41712,4.8
5.4262056,6.1
5.3750143,5.7
7.0187383,6.8
5.33745,5.0
5.2689843,6.2
5.3697968,5.7
6.9382706,9.0
5.357334,4.8
5.400141,5.0
5.408964,6.6
5.419403,6.5
5.4327116,3.5
5.338186,5.0
5.382506,6.2
5.339808,4.5
5.370972,4.0
5.3942385,6.5
5.375609,3.5
5.465601,3.5
5.443255,6.5
6.7792416,8.2
5.3821297,3.5
5.413179,6.0
5.4162054,6.2
5.319247,5.7
5.4212,6.1
5.3369627,5.8
5.274989,6.2
5.4616275,6.0
5.42178,3.5
5.415948,6.1
5.3857174,5.7
5.3683577,6.5
5.3554363,4.0
5.3688693,6.5
5.396748,6.2
5.3662186,5.7
5.4342723,5.0
5.5035567,6.6
5.4871254,5.0
5.392653,6.5
5.3905463,5.0
5.4605894,6.1
5.4350524,5.8
5.4443746,6.0
5.435171,5.0
5.4464216,6.2
5.4068537,5.8
5.4727583,6.2
5.4417496,4.5
6.9081764,7.0
6.979685,7.0
5.39555,5.7
5.386972,5.7
5.3675413,5.8
5.391467,4.8
5.3948655,6.0
5.453971,5.8
5.434349,6.1
5.440771,4.8
5.407882,6.5
5.3826084,4.5
5.3735304,3.5
5.3957877,6.6
5.4021373,6.0
5.457033,4.0
5.4168243,3.5
5.44381,6.2
6.9393907,6.2
5.431302,5.7
5.427111,4.5
5.347406,6.1
5.3500233,4.8
5.373347,5.0
5.415559,6.1
6.911861,6.8
5.421806,4.5
6.978596,5.8
5.4765625,6.1
5.3979383,6.6
5.508064,5.8
5.435483,4.5
5.3694863,5.0
5.3773637,6.2
5.362434,5.7
5.390148,4.8
5.364229,6.0
5.39701,3.5
5.652445,4.0
5.4255657,3.5
6.875168,9.0
5.3753004,5.0
5.398256,6.1
5.427331,4.0
5.4325376,5.7
5.3731456,6.1
5.4991555,4.5
5.4102407,5.7
5.403341,4.5
5.4636073,5.8
5.4370165,5.7
5.435062,5.0
5.4846745,6.1
5.4287095,6.5
5.346632,5.7
5.362758,5.8
5.410956,3.5
5.3296766,6.1
5.411676,6.2
5.411254,4.0
5.4855494,6.1
6.9023514,6.1
5.411172,5.8
5.3507185,4.5
5.404605,4.0
5.4165964,3.5
5.3744974,5.0
5.3883176,4.5
5.3911104,6.1
5.4034314,6.5
5.3981037,5.7
5.390137,5.0
5.4578304,4.5
5.3524947,6.2
5.350974,4.8
5.3575783,6.1
5.378341,6.1
5.3764663,5.0
5.3612676,6.6
6.9248247,9.0
5.43567,5.7
5.378678,5.0
5.4143753,5.7
5.326698,5.0
5.3746896,5.0
6.9469395,6.5
5.4059806,4.5
6.8453484,9.0
5.4380884,4.5
5.4011664,5.0
5.403716,6.6
5.3998566,6.6
5.413503,5.8
5.402197,5.0
5.383974,4.8
6.9238257,8.2
5.4127083,6.2
5.3733454,3.5
5.4142447,6.6
6.7509475,7.0
5.2770324,6.5
5.3878775,6.2
5.5417795,6.1
5.4043846,4.5
5.3984194,5.0
5.4322367,4.0
5.3425145,5.7
5.36562,4.0
5.347406,6.0
5.3697286,6.2
7.2185616,6.1
5.42925,5.0
5.458148,6.5
6.9719763,7.0
5.4756155,6.2
5.5190024,4.0
5.4340005,6.5
5.4301214,4.5
5.383587,6.5
6.896897,6.8
5.4355083,6.0
5.393641,5.7
5.5144167,5.0
5.437451,6.6
5.3967338,6.5
5.4132957,3.5
5.4001703,5.0
6.8633046,5.8
5.415566,4.8
5.4149685,3.5
5.4095006,5.0
5.4074826,5.0
5.407573,6.0
5.4373174,6.1
5.382216,6.2
5.5105743,4.0
5.4167123,6.0
5.3700237,6.1
5.3825355,3.5
5.427806,4.0
5.4456105,5.7
5.3204517,4.0
5.41347,4.5
5.4340286,5.0
5.2709227,6.6
5.3805294,6.2
5.38914,4.8
5.444419,6.5
6.897269,7.0
5.355947,3.5
5.4180665,5.7
5.320509,6.5
5.4759483,6.5
5.4622464,4.5
5.3594728,6.5
5.4160233,6.2
5.3437986,6.0
5.3763604,3.5
5.4395385,4.8
5.3846145,4.5
6.9514747,6.8
5.4092846,4.0
5.4198794,4.8
5.362961,6.5
5.4478264,6.2
5.393391,6.2
5.4798465,4.8
5.4001503,4.8
5.4413695,6.0
5.3881483,4.0
5.485392,5.8
6.780058,6.2
5.4496574,5.7
5.488667,6.5
5.4414325,6.1
5.3774495,4.0
5.399831,6.1
5.3416586,4.0
5.3880553,5.7
6.849528,6.5
5.4665504,6.6
5.39993,4.8
5.4089937,6.6
5.335258,5.0
5.3768,5.8
6.947542,8.8
5.4390917,4.8
5.400789,6.2
5.4273114,6.5
5.435849,4.5
7.060592,9.0
6.879333,6.2
5.3804126,6.0
5.434689,6.6
5.3947096,6.1
5.3821816,3.5
5.3339252,5.0
5.3329725,6.0
5.4056535,6.5
5.4102564,6.6
5.5952654,6.6
5.312419,6.1
5.3773074,5.7
5.3658905,6.2
5.3830457,6.0
5.430884,6.5
5.4110684,6.1
5.4058275,5.0
5.3953643,6.0
5.400328,5.0
5.4473386,6.0
5.4009256,6.1
5.4146366,5.8
5.4194555,5.7
5.407957,6.0
5.363411,5.7
6.8964024,6.0
5.3634834,5.8
5.358618,4.0
5.4734654,6.6
5.4050727,4.0
5.3825097,6.0
5.4475737,3.5
5.397577,4.0
5.378913,5.8
7.1650543,5.7
5.329848,6.1
5.422777,6.2
5.4384513,6.1
6.9445148,6.8
5.56904,4.0
5.4134984,5.8
5.403991,6.1
5.365926,5.8
5.4230757,6.0
5.433813,5.8
5.3817387,6.5
5.3835745,6.1
5.4268823,5.0
5.314603,6.5
5.386772,6.1
5.344452,5.7
5.4618783,6.1
5.4044476,4.5
5.4354033,5.0
5.3885694,6.2
5.3954506,6.2
5.3561234,6.1
5.3648386,5.7
5.359949,5.7
5.343857,4.5
5.432741,6.6
5.3365197,4.5
5.331217,6.2
5.462747,6.5
5.4123855,6.5
5.418921,4.0
5.5052495,6.0
5.4239,6.1
5.474197,6.5
5.353702,5.7
5.3903685,4.0
6.766191,8.2
5.4208465,6.5
5.399055,6.1
5.435242,4.0
5.265979,4.5
5.4251165,3.5
5.313396,6.2
5.3352723,4.8
5.387471,5.0
6.918757,6.1
5.3882475,6.0
5.3900094,6.0
5.430874,6.1
5.540313,3.5
5.4718432,6.6
5.3872957,4.5
5.440082,5.8
5.3712974,5.0
5.37615,4.5
5.3647523,6.5
5.3823895,5.0
5.411494,3.5
5.384542,5.8
5.2703075,6.1
5.4321046,5.7
5.418528,6.2
6.8730316,8.2
5.3865304,6.6
5.3641605,5.8
5.4086347,5.0
5.422428,6.0
6.8808455,6.2
5.372288,4.5
5.3989353,5.7
6.8536086,6.6
5.4380865,6.0
5.375659,6.1
5.392902,4.8
5.421871,5.8
5.407359,5.7
5.334751,5.7
5.288169,6.1
5.381566,4.5
5.405966,5.7
5.43664,5.7
5.418011,4.5
5.480154,5.8
5.403567,5.8
5.4350643,4.0
5.5122757,6.5
5.438982,4.5
5.3780174,4.5
5.461271,6.6
5.4130635,6.6
5.373347,4.0
5.483677,6.2
5.4027395,5.7
5.456888,4.8
5.4072,6.1
5.4220777,6.5
5.408887,6.5
5.310614,5.7
5.4290648,6.6
5.3965287,6.2
5.4241505,6.5
5.4882817,5.8
6.935813,7.0
5.3576975,5.8
5.399788,6.2
5.393823,6.1
5.4363213,5.0
5.372007,6.6
5.4336486,6.1
5.373286,5.0
5.4401135,6.5
5.406448,4.0
5.3631835,5.8
5.410031,5.0
5.438795,6.2
5.551768,6.6
5.419358,4.5
6.8467984,5.8
5.4387093,6.0
5.400985,3.5
5.4143014,5.7
5.377385,6.1
5.443282,4.5
5.406319,5.8
5.3846407,6.6
5.368056,4.5
5.4084873,6.1
5.361434,4.8
5.3751054,5.0
6.9696646,8.2
5.398769,6.6
5.3197346,5.8
5.4195986,4.8
5.374712,6.5
5.46132,6.0
5.4040895,6.5
5.3686557,6.5
6.9304314,6.2
5.38464,3.5
5.4155474,5.7
5.3705735,4.5
5.4033465,6.2
5.375523,5.8
7.001594,5.7
5.381699,6.2
5.407731,3.5
6.919029,6.6
5.4357967,5.7
5.457087,6.0
5.4201965,4.8
5.4317775,6.2
7.0492206,7.5
5.4425955,6.6
5.45994,6.5
5.355508,5.7
5.386602,4.8
5.426132,4.5
5.4355326,4.8
5.44653,5.0
5.3931375,6.1
5.4383535,5.0
5.4518495,6.2
5.403021,6.0
5.3851094,5.7
5.4520106,5.7
5.368729,6.6
5.4485273,6.5
5.3555484,3.5
5.416481,5.7
5.3858585,6.1
5.364801,4.8
5.3809614,6.5
5.3648267,5.0
7.050698,6.8
5.378551,6.2
5.4829974,4.5
5.4105763,6.0
5.3734055,6.6
5.4116974,5.7
5.4057283,3.5
5.3569746,6.1
5.4349737,5.0
5.3955255,6.1
5.3739367,6.1
5.3833323,3.5
5.4333115,5.7
5.431177,4.8
5.3865542,5.0
5.485197,4.8
5.4577994,4.8
5.431485,4.5
5.3374095,5.0
5.430374,6.1
5.4296618,4.8
5.3844213,4.5
5.381012,4.5
5.388654,6.2
5.366115,5.8
5.4231467,4.0
5.41932,4.5
5.445662,4.8
5.38822,4.0
5.374772,6.1
5.3820834,5.8
5.427653,4.5
6.8778553,6.8
5.3695574,4.0
5.409587,4.5
5.4787536,6.5
5.486612,4.8
5.4110184,4.5
5.476847,6.5
5.3884096,5.0
5.3920684,6.5
5.4416595,6.2
5.404232,5.8
5.3874226,4.0
5.41244,6.5
5.3077283,3.5
5.4707184,4.0
5.4405885,6.1
5.346829,6.6
5.3994308,4.8
5.4071655,4.8
5.387752,5.0
5.402212,6.5
5.3811903,6.6
5.3265314,6.6
5.407957,6.1
5.4557853,5.8
5.3900094,4.8
5.382855,6.6
5.3375173,5.8
5.480239,6.2
5.4050727,4.0
5.4715996,6.5
5.3679748,5.0
5.39633,6.0
5.3853726,6.2
5.4216294,6.6
5.41957,4.0
5.3736935,4.5
5.47608,6.5
5.313822,6.5
5.3665123,5.7
5.411762,6.1
5.342465,4.5
5.3115005,4.5
5.4487715,3.5
5.39095,5.8
5.4311285,4.5
5.399217,5.7
5.2836657,6.2
5.436048,5.0
5.400589,5.0
5.447593,4.8
5.3628006,6.5
5.403342,6.1
5.362683,6.0
5.395096,6.6
5.431743,6.5
5.316748,5.7
5.3606434,5.8
5.496265,4.5
5.4077787,5.7
5.431219,4.8
5.421853,3.5
5.426072,4.0
7.020676,6.6
5.3911104,5.8
5.4094605,4.0
5.3830457,4.8
6.8796306,8.2
5.429994,5.7
5.374552,4.0
5.4855886,5.7
5.371941,6.2
5.3608785,4.8
5.3687315,6.5
5.387581,6.6
5.3582935,5.0
5.3976784,3.5
5.392243,6.5
5.355338,6.5
5.3801637,4.5
5.4482627,6.6
6.9238057,6.1
5.39398,3.5
5.4213133,5.7
5.3971996,5.0
5.3431444,6.1
5.424956,3.5
5.3961277,5.0
5.3953643,6.1
5.358697,6.1
5.4182444,6.0
5.4139986,4.5
5.419555,4.5
6.7422767,6.2
5.396897,4.0
6.915897,6.2
5.488667,6.0
6.971879,5.8
5.400369,6.2
5.3041787,6.1
5.319056,5.8
5.371393,6.1
5.3667917,6.0
5.446955,3.5
6.9480357,6.6
5.386637,4.5
5.4883823,3.5
5.452828,6.0
5.383483,3.5
5.4435883,6.0
5.3420696,4.5
5.4255953,3.5
5.344983,5.0
5.397141,3.5
5.32587,6.2
5.4816422,6.2
5.354136,3.5
5.3963447,6.5
5.3709693,5.0
5.407403,5.7
5.3757143,6.0
5.384697,5.0
5.40801,6.2
5.381177,6.2
5.25823,4.5
5.4358773,5.7
5.3887367,5.0
5.4458456,6.5
5.396809,4.8
5.3599296,4.0
5.367281,5.0
5.4778895,5.8
5.415209,5.7
5.4248767,5.8
5.380785,4.0
5.392313,3.5
5.4146285,5.7
5.3577724,6.2
5.367381,4.0
5.3671637,5.8
7.0013223,6.6
5.4342036,4.5
5.4081626,6.2
5.328634,6.5
5.4816914,6.2
5.3846602,6.1
5.4062886,6.6
5.3879504,5.7
5.445751,3.5
5.3711443,4.8
5.390052,6.5
5.4298944,5.7
5.42361,6.6
5.446782,6.2
5.378671,6.0
5.371215,6.5
5.362208,3.5
5.354433,6.6
5.433172,4.0
6.9076676,8.8
5.4088106,4.5
5.4817557,6.0
5.362672,3.5
5.365904,6.5
5.322378,6.2
5.3499203,5.8
5.4172497,6.0
5.328601,4.5
5.394435,4.5
5.408247,5.8
5.286906,3.5
5.371507,6.1
5.403248,6.5
5.3562317,4.8
5.4158497,6.0
5.4193945,3.5
5.4158735,5.7
5.430484,3.5
5.3410635,5.8
6.954973,9.0
5.4517817,4.5
5.4272475,5.0
5.4227033,6.5
6.9529667,7.5
5.38603,6.2
5.3775067,6.0
5.4747787,5.7
5.3821487,6.1
5.3082113,5.8
5.377621,6.1
5.3685036,6.2
5.3466935,6.5
5.414367,4.8
5.4022117,6.1
6.894582,6.0
5.383989,4.0
5.41144,4.5
5.448277,5.7
5.3906097,4.8
5.4616275,4.5
6.887846,6.0
6.9513354,6.1
5.4069552,5.0
6.9470787,7.0
5.4185457,6.0
5.5154424,6.1
5.4104366,6.1
5.38867,5.8
5.4488845,5.0
5.391678,4.8
5.332838,6.2
5.3942595,4.0
5.435051,4.8
5.386772,5.0
5.539946,6.5
5.4181542,5.8
5.403597,6.2
5.402558,4.5
5.3709474,4.0
6.9678774,6.2
5.399174,3.5
5.4727592,5.0
5.4482417,5.0
5.4297867,6.1
5.387115,5.0
5.353139,4.8
5.395818,5.0
5.3963227,5.8
5.370628,5.8
5.4619613,4.0
5.414849,4.0
6.932875,8.2
6.9116793,6.1
5.3570814,6.0
5.4120393,3.5
5.3416266,5.7
5.4172845,6.6
5.442471,3.5
5.3552995,5.0
5.4041247,4.8
5.409733,3.5
5.3735127,6.6
5.445942,5.7
5.399988,6.2
5.39234,6.6
5.3993745,4.8
5.392911,4.0
5.4223466,6.6
5.3667803,6.0
5.390137,4.8
5.377414,6.2
5.3590536,4.8
5.446584,6.1
5.3639746,5.0
5.3900886,6.6
5.4021435,6.6
5.4246225,6.6
5.43036,5.8
5.4350643,5.0
5.3700867,4.8
5.4016485,6.2
5.4135604,4.5
5.3715444,4.0
5.483412,6.5
5.381788,6.1
5.2886577,6.2
5.3870997,6.1
5.4641604,6.2
5.4402533,6.2
5.364757,3.5
5.5160403,6.6
5.363479,6.5
5.412327,4.8
5.3729515,3.5
5.413921,6.2
5.435164,6.0
5.3694267,6.1
5.4039845,6.5
5.4785275,4.5
5.4120464,6.6
5.333314,6.0
5.412106,6.1
5.3819785,4.8
5.4972034,6.5
5.4292784,6.0
6.859918,6.8
5.417342,6.6
5.3991075,5.7
5.4050922,5.0
5.425952,6.6
5.3558855,5.7
5.3612614,4.0
5.4044113,5.0
5.400951,6.1
5.4327035,6.2
5.410407,4.8
5.4065175,5.8
5.3848553,4.5
5.3982363,4.0
5.38008,5.7
5.357529,5.8
5.3867455,6.0
5.4172497,4.0
5.441485,6.6
5.4414983,5.0
5.3750043,4.8
5.4192414,4.0
5.40801,5.0
5.396206,6.2
5.432028,4.5
5.430459,6.5
5.383664,5.7
5.393638,5.7
5.4072537,5.0
5.472024,4.5
5.385173,5.8
5.349496,6.0
5.519799,5.7
6.8798885,5.8
5.452037,4.0
5.38331,5.8
5.43759,4.0
5.5660386,5.8
5.3753004,6.6
5.3787956,3.5
5.3991127,6.0
5.4301515,6.2
5.391483,5.8
5.4154325,4.8
5.4139347,6.0
5.4491076,4.8
5.385173,3.5
5.2748857,6.1
5.342866,5.0
5.386602,4.5
5.3876433,6.2
5.4181542,5.0
5.4052176,6.0
5.4117665,5.8
6.923249,8.8
5.4396567,3.5
5.3072667,4.0
5.378452,5.0
5.459031,6.2
5.4662294,5.7
5.382924,5.0
5.4245806,6.0
5.431283,3.5
5.493123,6.1
5.4369173,6.0
5.4908295,4.8
6.8631325,8.2
5.450953,4.8
5.4845424,4.5
6.8973804,6.8
5.3621144,5.0
5.412944,6.2
5.390369,4.5
5.46252,3.5
5.4317174,3.5
5.311479,4.5
5.3459463,6.6
5.3840556,5.7
5.3905168,6.2
5.4009805,4.8
5.390828,4.0
5.412258,5.0
5.473845,6.2
5.3919597,6.6
5.410873,5.7
6.8234086,8.2
5.2859225,6.6
5.35591,4.5
5.3860927,4.0
5.392695,4.0
5.4122477,6.6
5.4106636,4.0
5.3764987,5.8
5.509679,3.5
5.3854513,5.0
6.927041,6.8
5.429581,4.8
5.385709,3.5
5.3856344,4.5
7.034885,5.7
5.3820195,6.5
5.4033504,6.0
5.405964,6.0
5.430565,6.1
5.4346232,5.7
5.4139485,4.0
5.4706683,3.5
5.3990054,6.2
6.9636164,8.8
5.4625893,6.5
5.435644,5.8
5.363906,6.1
5.444849,6.5
5.3687644,6.6
5.301515,4.5
5.42995,5.8
5.435849,6.6
5.3474374,6.5
5.4616904,4.8
5.3476424,6.5
5.4335146,4.0
6.8601174,6.5
5.345703,5.7
6.956933,7.5
5.513803,5.8
5.5034933,6.6
5.3782554,5.7
5.3828425,6.6
5.4055395,3.5
5.4089994,5.7
5.405339,6.1
5.378137,5.0
5.4315224,6.6
5.4590693,4.5
6.9610634,8.8
5.397327,5.8
5.44145,4.8
5.416167,6.1
5.400589,6.5
5.463064,4.8
5.416869,5.0
5.43159,6.2
6.6795583,6.0
5.368872,4.0
5.3213325,5.0
5.3511195,5.7
5.432896,4.0
5.4084797,6.5
5.4084606,3.5
5.4428773,3.5
5.404749,4.8
5.3797793,6.5
5.391891,4.5
5.468045,5.0
5.3803544,6.5
5.4314556,6.5
5.406625,5.7
5.4024963,5.8
5.4700866,4.5
5.4191775,6.2
5.361814,4.0
5.4512606,6.1
5.395505,6.2
5.381475,6.1
5.4321046,6.1
5.382485,4.5
5.458148,4.5
5.4117484,3.5
5.414657,5.8
5.3624806,5.0
5.410501,4.5
5.392667,6.5
5.4416595,5.7
5.4327283,4.5
5.419053,6.5
5.373098,6.5
5.417312,3.5
5.4049826,6.0
6.9158416,6.0
5.4001083,6.0
6.910545,6.1
6.8932414,6.5
5.315538,6.5
5.4113884,5.7
5.3349376,6.6
5.403855,5.8
5.439237,6.5
5.4464216,5.8
5.392223,5.0
5.3343225,6.2
5.25823,6.6
5.3775444,6.0
5.3900604,6.6
5.2751684,4.8
5.401657,3.5
5.3866425,6.5
5.3921194,6.1
5.4303823,5.7
5.419354,4.5
5.39438,6.6
7.0205307,6.8
5.43039,6.5
5.477943,6.0
5.3384447,6.5
7.030566,6.0
5.44497,6.6
5.456282,6.2
5.376886,5.8
5.4367766,4.5
5.4040194,5.0
5.369783,5.7
5.4601755,4.8
5.4833126,6.6
7.0049715,7.0
5.33094,5.0
5.4371614,5.8
5.4179006,6.0
5.4134045,6.0
5.413627,4.0
5.358801,6.2
5.403888,6.5
5.365017,6.1
5.4209647,5.8
5.3911643,4.0
5.4058304,6.5
6.9041343,6.6
5.420232,4.8
5.3678184,5.8
5.364445,6.1
5.375659,6.1
5.415536,6.5
6.9980135,8.2
5.4238653,3.5
6.9530783,6.6
5.32653,6.2
5.3631186,5.7
5.3723683,6.5
5.362401,5.7
5.4329977,5.7
5.35847,5.7
5.432267,4.8
5.3552713,5.0
5.397289,6.0
6.9417443,7.0
5.4298005,5.7
6.9391513,6.8
7.0222197,6.8
5.3716984,6.0
5.382592,3.5
5.4449954,6.6
5.3689137,6.2
5.393605,5.8
5.3361998,5.7
5.387557,4.5
5.391592,4.0
5.4937634,6.5
5.4031687,6.0
5.4585166,3.5
7.0270424,6.0
5.3727994,6.2
5.366605,5.7
5.416572,6.2
5.4635043,6.2
5.3615804,4.5
6.9783096,6.6
5.380946,5.7
5.381566,4.0
5.3548965,4.0
6.968794,8.2
5.4109855,4.8
6.9202604,8.8
5.397208,5.0
5.352474,6.6
5.371461,6.5
5.3827176,6.6
5.387547,4.0
5.402692,6.6
5.3731875,4.0
5.444992,5.7
5.3308444,6.6
5.3815145,6.2
5.4736834,4.8
5.436928,3.5
5.369104,6.2
5.4049873,4.0
5.3699493,4.8
5.391245,6.1
5.391905,5.0
5.533476,6.1
5.379855,5.7
5.4148684,6.0
5.354687,6.2
5.36911,6.6
5.4205494,6.5
5.3831444,6.2
6.953697,5.8
5.375815,4.0
5.4375215,4.0
5.3725543,6.6
5.373487,5.7
5.3937283,5.8
5.4226117,5.7
5.341632,4.5
5.334419,5.7
5.4347067,5.8
5.374738,5.7
5.3988357,6.1
6.8984957,6.5
7.030468,5.8
5.4618554,6.0
5.43141,5.7
5.344998,4.0
5.3828588,5.7
5.3788004,6.5
5.3744555,3.5
5.4312177,6.6
5.483412,5.8
6.925395,5.7
5.360834,6.2
5.4612517,3.5
5.4092264,4.8
5.3929214,4.0
5.394639,4.8
7.028992,9.0
5.365475,5.7
5.419299,6.1
5.4330792,6.1
6.950463,8.8
5.3974347,3.5
5.374977,5.8
6.9809623,6.6
5.396286,4.0
5.4461346,6.2
5.432857,6.5
5.4641857,4.5
5.452179,6.2
5.4127555,3.5
5.3838687,5.0
5.3807,4.5
5.412291,4.8
5.388806,5.7
5.4174643,4.5
5.360432,6.5
5.433191,6.2
5.405361,6.2
5.3783326,4.0
5.4145226,5.0
5.3863053,3.5
5.369994,4.5
5.376728,6.2
5.4152403,5.0
5.4025307,4.0
5.445138,6.5
5.3746524,4.8
5.420336,4.5
5.4376397,5.8
5.37645,6.6
5.3501062,6.0
5.417403,4.0
5.4327126,6.5
5.326008,6.0
5.382305,4.0
5.381994,5.8
5.3961115,4.8
5.475819,6.5
5.3978987,6.1
5.408969,6.1
5.4176683,5.8
5.38822,6.1
5.388085,6.1
5.4348097,6.6
5.314732,4.0
6.8368835,5.8
5.725422,6.6
5.3920608,5.0
5.3973317,6.2
5.3843203,4.8
5.3946357,3.5
5.4172773,6.5
5.3787537,6.5
5.377535,5.0
5.4918375,6.6
5.3836837,4.8
5.3839226,4.8
5.381118,4.0
6.91521,8.2
5.4138346,4.8
5.3682556,4.0
5.373833,6.1
5.426001,5.0
5.3501487,4.5
5.394566,6.0
5.383988,3.5
5.359356,4.8
5.3764267,5.7
5.393997,4.8
5.3965383,4.0
5.4360285,4.5
6.8809853,6.6
5.3979235,6.6
5.350187,5.8
6.912656,6.2
5.4377117,4.5
6.9432597,9.0
5.4043026,5.0
5.413795,5.7
5.3233643,6.6
5.345899,6.6
5.39645,4.0
5.399214,6.0
5.3261604,5.0
5.428566,5.7
5.381664,5.7
5.4181876,4.8
6.912921,6.1
5.300242,4.5
5.389404,6.5
5.4579806,4.0
5.346005,5.7
5.3951235,4.8
5.4154778,4.0
5.3669257,6.0
5.448271,5.8
5.393563,6.1
5.456791,4.8
5.4044313,4.5
5.3831325,4.8
5.397775,4.8
5.3928866,6.1
6.904074,6.2
5.382996,6.5
6.875257,6.2
5.4202533,4.0
5.411597,4.0
5.3726864,4.5
6.7552137,6.6
5.384344,5.7
5.4062605,4.0
5.3603225,5.7
7.0507197,6.2
5.3750935,6.2
5.386762,6.6
5.406992,4.5
5.256896,5.8
5.4222617,6.2
5.351577,6.5
5.4040694,5.8
5.3833256,5.0
5.31627,4.5
5.5481544,5.0
5.4374475,5.7
5.3841496,6.0
5.4464674,5.8
5.395649,6.0
5.387756,6.0
5.3960743,4.8
5.380753,6.0
5.373266,6.5
5.3533816,4.0
5.37695,6.5
5.4481487,6.1
5.4128366,4.5
5.517759,5.8
5.43932,6.1
5.3993235,5.7
5.4878173,6.2
5.513803,4.5
5.39889,6.5
5.2983084,4.8
5.338905,5.8
5.4112806,5.0
6.940967,6.6
5.491518,4.8
5.353513,3.5
5.4035463,6.2
5.270728,4.5
6.887995,7.5
5.5053844,6.6
5.411703,6.2
5.368453,3.5
5.4428706,6.0
5.3673835,6.2
5.490708,6.2
7.017719,6.0
5.4385834,6.5
5.4182467,6.6
5.430399,5.7
5.426122,6.0
5.392372,6.5
5.422306,6.2
5.430111,6.0
5.4202843,6.2
5.5470786,6.6
5.3612614,5.0
5.506657,5.8
5.3727713,6.2
5.394639,4.5
5.3340797,4.8
5.3561196,3.5
5.387501,6.2
5.398133,5.7
5.388031,4.8
5.2975163,6.5
5.4252777,6.2
5.3946204,4.5
5.382713,6.5
5.3662305,5.7
5.3981643,6.2
5.4483466,5.8
5.402708,4.0
5.488422,5.8
5.3739386,6.1
5.4051847,6.6
5.4027824,3.5
5.4384513,4.0
5.4389114,4.5
5.3970942,6.0
5.3384237,6.5
5.425434,4.0
5.4058647,4.8
5.4448304,5.8
5.39504,6.5
5.337402,6.0
6.951167,6.1
5.4473276,6.6
5.4213142,5.8
5.4207597,3.5
5.494619,6.1
5.3669977,4.5
5.3225565,3.5
5.405516,4.0
5.388314,6.0
5.3873143,4.0
6.859381,6.0
5.4092784,3.5
5.3863106,6.5
5.306238,5.8
5.462842,4.5
5.395321,5.8
5.4192605,6.2
5.4032493,6.2
5.409008,4.5
5.438362,6.1
5.3979125,4.8
5.3795,4.5
5.403591,6.6
5.436362,6.1
5.4066625,3.5
5.415462,6.1
5.370917,6.6
5.4065194,4.8
6.8565254,6.5
5.4204144,4.8
5.420336,4.8
5.3935337,6.1
5.4868298,4.5
5.4127,4.5
5.401352,6.5
5.425468,3.5
5.386492,5.8
5.473125,4.8
6.9405637,7.5
5.350006,6.1
5.3882627,5.7
5.4776697,5.7
5.385185,5.8
6.861656,6.5
5.3737173,6.2
5.4239864,5.8
6.9425025,5.8
5.3998275,4.8
5.401495,6.5
5.415536,6.2
5.396923,4.0
5.384542,6.0
5.412814,6.6
5.3876543,5.8
5.3526115,5.0
5.374952,5.0
5.4130197,3.5
5.3711443,6.6
5.41193,6.5
6.9374638,5.8
7.045952,8.2
5.400038,3.5
5.4701605,6.1
5.371479,4.8
5.454993,5.0
5.294732,5.7
6.9362836,6.2
5.3479805,4.0
5.3658514,5.7
5.398835,6.6
5.480154,5.0
6.9943027,6.2
5.4420567,4.8
5.3821397,6.1
5.376712,4.5
5.4193406,6.6
5.4002604,6.5
5.42701,4.8
5.4230757,4.5
5.4244537,4.5
5.401118,4.5
5.360634,6.6
5.382322,6.1
5.4033537,4.5
5.3646474,3.5
5.3906007,3.5
5.306298,3.5
5.39421,6.5
5.385261,6.5
5.4062886,5.7
6.9311852,9.0
5.471443,5.8
5.4051213,6.2
5.4648023,5.7
5.480239,6.1
5.368556,6.0
7.0029426,8.8
7.034424,7.0
5.4028397,4.5
5.447912,6.6
5.36564,4.0
5.4347777,6.2
5.44066,6.1
5.4189897,6.5
5.439627,5.8
5.442721,4.0
5.4077086,6.6
5.4416695,4.5
5.417982,6.0
5.3246427,3.5
5.3795757,6.6
5.3867707,6.1
5.3718357,6.6
5.4292917,4.5
5.3855186,6.0
5.3370237,4.8
5.4191136,5.0
5.373092,4.8
5.403313,6.6
6.9010677,6.8
5.4641805,3.5
5.4473557,6.2
5.482595,5.7
5.3966246,6.6
5.4240127,5.0
5.4510813,6.1
5.488422,5.7
5.3555336,5.8
5.408496,3.5
5.4192204,4.5
5.429278,6.1
5.389282,5.7
5.367255,6.6
5.3595586,5.8
5.4469995,6.0
5.4616275,5.8
5.3895497,6.2
5.4102206,4.8
5.3550677,6.2
5.3804903,6.0
5.3620596,4.5
5.379653,5.8
5.4071627,6.6
5.331085,4.8
5.4347105,5.0
5.424439,5.8
5.388811,4.8
5.4339004,4.0
5.4043427,5.0
5.3471828,6.5
7.0736094,6.0
5.4043145,4.0
5.4179688,4.5
5.377118,3.5
5.5298057,6.1
5.4194117,6.2
5.394674,6.5
5.318813,5.7
5.4111304,5.7
5.3181047,6.2
5.3911104,5.8
5.4412794,6.1
5.41076,3.5
5.382305,4.8
5.394223,5.0
5.424452,6.0
5.392227,4.0
5.4464216,6.0
5.4294205,4.8
5.486573,3.5
5.403212,4.8
6.991747,8.2
5.3805428,5.7
5.4114585,4.8
5.27152,4.5
5.4083085,6.2
5.380679,4.8
5.348403,5.8
5.412746,3.5
5.4035797,6.0
5.4181247,5.8
5.3683906,6.1
5.439397,6.6
5.446763,4.0
5.3824306,3.5
5.3818,6.6
5.388943,6.1
5.4191995,5.8
5.4934716,6.5
5.4056606,6.2
5.4214945,4.5
5.4442754,6.2
5.3410773,5.7
5.423135,5.0
5.366562,6.6
5.3789806,5.8
5.3380733,4.0
5.430426,4.5
5.4164357,4.5
5.448544,6.1
5.4156437,6.1
6.801159,6.1
5.3808455,6.1
5.6027055,3.5
5.3770766,6.1
5.4208345,6.0
5.389633,6.6
5.3968124,6.2
5.3979235,6.1
5.4524765,6.6
6.8732724,6.6
5.419312,4.8
7.112382,7.5
5.4548297,5.0
5.285694,6.0
5.3933606,4.8
5.3784213,4.8
5.3622837,6.2
5.425242,5.8
5.431527,4.5
5.434349,5.7
5.4060993,4.0
5.357019,5.0
6.928919,5.8
5.493613,4.5
5.292221,6.1
5.400577,5.8
5.4358487,5.0
5.384387,6.2
5.4201455,3.5
5.374479,5.8
5.454829,4.5
5.359754,6.2
5.3155017,4.5
5.413542,5.7
5.5036545,4.8
5.3736176,6.5
5.4171762,4.8
6.903442,6.2
5.378036,6.2
5.4178267,4.8
6.942713,8.8
5.363087,4.8
5.3884525,5.0
5.3952074,6.6
5.4328203,4.5
5.3469467,6.2
5.3959765,6.2
5.4000845,5.7
5.3682814,6.0
5.47346,6.5
5.4334307,3.5
5.381566,6.1
5.375367,4.5
5.4700084,4.0
5.433825,6.5
5.415852,5.7
5.4064646,3.5
5.3330894,6.6
5.473836,4.8
5.382632,4.0
5.4300833,6.1
5.376178,6.2
5.395321,4.0
5.3775716,6.0
5.3849945,3.5
5.42265,6.5
5.2710724,6.0
5.46132,3.5
5.4066205,6.1
5.40801,5.8
5.385556,3.5
5.2678356,5.7
5.4093914,5.7
5.3851094,6.0
5.3965187,6.0
5.4807625,6.2
5.403341,6.6
5.381699,6.6
5.3052483,6.1
5.4184384,5.8
5.374443,6.5
5.428249,4.0
5.4197702,6.5
5.438975,3.5
5.3900886,6.1
5.3819785,4.8
5.368151,6.0
5.325623,5.7
5.477684,6.5
5.3959947,6.0
5.3845415,5.8
5.4684625,4.0
5.368114,6.6
5.434281,3.5
5.423286,5.8
5.3964014,6.5
5.435083,5.0
6.877844,9.0
5.385173,4.5
5.380617,6.2
5.5062575,6.2
5.397542,5.7
5.4045286,3.5
5.411228,6.6
5.382548,4.0
6.894633,7.0
5.415388,5.0
5.3642626,4.8
5.3823605,4.0
7.075316,6.0
5.3850327,6.5
5.431743,6.0
5.373072,6.6
5.462842,3.5
5.3322988,4.5
5.3795,4.8
5.1731067,6.2
5.4448233,4.5
5.347678,6.0
6.963722,6.5
5.3477464,6.5
6.9944024,5.7
6.9156184,6.6
5.4127226,3.5
5.3632784,6.6
5.3961716,4.5
5.3900094,3.5
7.2242823,7.5
5.359744,4.0
5.3784375,6.2
5.3928113,6.6
5.4224515,6.2
5.4063764,4.8
6.8575897,7.5
5.3997335,5.7
5.435481,5.8
5.3726025,3.5
5.368055,5.7
5.401479,4.8
5.396519,6.1
5.446466,5.7
5.412701,4.8
5.449213,5.0
5.4295077,4.0
5.4741054,6.6
5.3892865,6.5
5.432309,6.2
5.29264,6.6
5.426007,4.8
5.3890696,6.1
5.447569,3.5
5.386195,5.0
5.4134593,5.7
5.4093857,4.8
5.384736,6.6
5.4561195,6.2
7.029511,8.8
5.4292836,5.7
5.488667,3.5
5.333332,4.5
5.458349,4.5
5.3709264,6.6
6.834657,5.7
5.4639525,3.5
5.3935494,5.7
5.3371277,3.5
5.431251,4.5
5.3889513,5.8
5.428681,6.2
6.8807926,7.5
5.296582,6.5
5.4843287,3.5
6.904164,6.6
5.391324,4.5
5.4879313,5.8
5.427965,5.0
5.4563665,6.2
6.925116,5.7
5.4027915,6.6
5.380835,4.5
5.4164658,4.0
5.4017115,6.6
5.3995037,4.8
5.3727927,4.5
5.496021,5.8
5.3599787,5.7
5.4665675,5.0
5.3922796,6.5
5.38584,4.5
5.398763,4.0
5.390251,6.0
5.3857656,6.2
5.3230777,6.6
5.407604,4.0
5.4263425,5.0
6.961281,6.1
5.4064693,6.2
5.356315,6.5
5.410098,6.0
5.3840027,6.6
5.4164515,5.8
5.3504357,6.5
6.907513,9.0
5.38635,4.5
5.4507003,6.0
5.348543,6.6
5.327486,5.7
5.3739448,6.1
5.3388963,3.5
5.4520106,3.5
5.3636436,6.0
5.4757485,6.2
5.3686533,6.0
5.3637958,4.5
6.9198422,6.8
5.3343735,6.2
7.1564975,6.1
5.387134,4.0
5.401843,4.8
5.3854175,6.0
5.5459657,5.8
5.4871254,5.8
6.9799447,6.2
5.4314733,6.1
5.437373,6.6
5.4055243,5.7
5.3685493,6.1
5.4055758,4.5
5.3659234,4.5
5.46359,6.0
5.369931,4.0
5.453544,6.6
5.476959,4.5
6.9094214,6.6
5.391972,4.5
5.4724936,6.2
5.389054,3.5
7.058695,6.0
5.4411783,6.5
6.905291,8.2
5.4695864,4.0
5.3230634,4.5
5.3806105,6.6
6.944652,5.8
5.405281,4.5
5.3725295,6.0
5.377671,5.7
5.3808994,6.0
5.399764,6.1
5.407203,5.0
6.8633375,6.0
5.4046326,6.6
5.4419146,5.0
5.4283977,3.5
5.4279647,5.7
5.396673,6.5
5.426234,6.6
5.3979383,5.0
5.3834424,4.0
5.3903756,4.0
5.410019,6.2
5.355611,5.0
5.528312,6.2
5.403341,5.0
5.3705893,6.6
5.4152503,6.5
5.387638,5.7
5.386336,6.1
5.3806915,4.5
5.2919116,6.1
5.3700085,6.0
5.3744097,4.8
5.4225297,4.8
5.4447784,3.5
5.422086,3.5
5.3842397,6.1
5.403951,6.6
5.3818536,4.0
5.4155903,3.5
5.38308,5.8
5.39504,6.0
5.437721,6.6
5.377564,4.0
5.3647537,5.8
5.392694,4.5
5.4135847,5.8
5.4187284,4.5
5.4714813,6.0
5.406168,6.6
5.542327,3.5
5.399621,4.5
5.388269,4.0
5.3704767,4.5
5.4117393,6.5
5.4020348,4.0
5.3923216,6.1
5.4258537,6.5
5.4083085,4.8
5.380052,3.5
5.4153385,5.0
5.381192,3.5
5.4067426,6.6
5.4093,5.8
5.464446,6.2
5.3793335,3.5
5.4185176,6.1
5.3495636,3.5
5.434349,5.0
5.4121904,3.5
7.047619,6.8
5.445507,5.7
5.4181747,4.8
5.368645,5.8
5.345424,6.1
5.407049,4.5
5.401168,4.0
5.3590746,3.5
5.3760433,4.5
5.432922,6.2
5.4178324,4.5
5.401697,6.5
5.4275794,6.2
5.4465027,5.7
5.4031477,6.6
5.2617173,5.8
5.4227333,5.0
5.3626847,4.5
5.3282366,6.6
5.4274073,3.5
5.419475,6.0
5.4723945,6.0
5.3826704,3.5
5.4814525,6.0
5.3557587,3.5
7.0815525,5.8
5.4512854,5.7
5.3744974,6.0
5.429255,5.0
5.364953,4.5
5.40801,4.8
5.4100666,6.6
6.932495,6.0
5.456915,3.5
5.3930836,5.0
5.4791336,6.5
5.427698,6.6
5.3683906,6.6
5.402844,5.7
5.408575,5.7
5.4164357,4.8
5.4044986,6.2
6.9330873,7.0
5.410746,4.0
5.3946958,5.8
5.463585,6.6
5.426679,3.5
5.4293957,5.0
5.4518876,4.8
5.355637,6.2
5.368347,6.6
5.4278283,5.0
5.320057,6.1
5.4164195,6.2
5.3802776,5.7
6.8990555,7.0
5.4807973,3.5
5.374568,6.6
5.3742466,4.8
6.8398314,8.2
5.3707705,5.8
7.018307,8.8
5.450919,5.8
5.3972955,6.6
5.3585443,6.1
5.3664446,6.2
5.364295,6.5
5.4428706,6.0
5.3967423,6.5
5.383773,6.0
5.3752456,4.0
5.328706,3.5
5.4855494,3.5
5.4068084,4.5
5.3690147,6.2
5.411302,6.5
5.332552,6.6
5.39877,6.0
5.4176235,6.1
5.3801827,6.0
5.4284034,6.5
5.385766,6.6
5.4791713,5.8
5.41714,5.7
5.3805585,5.8
6.907513,5.8
5.242202,4.5
5.4114227,3.5
6.8514977,8.8
5.4259167,6.0
5.3710523,6.2
5.4128366,6.1
5.369152,4.0
5.3747654,6.0
5.410532,5.0
6.940027,9.0
7.0066957,6.0
5.5417795,5.0
5.3972125,6.0
5.3745294,4.0
5.446592,6.5
5.3805676,6.5
5.4723516,6.6
7.1305494,6.5
5.39318,5.7
5.429236,6.1
5.438636,5.7
5.377311,5.0
5.405201,6.5
5.4128785,6.2
5.4356833,3.5
5.4045844,3.5
5.372314,4.5
5.4134474,5.0
5.4274073,3.5
5.6672316,3.5
5.4303493,6.6
5.379674,6.1
5.477173,5.7
5.4582124,4.5
5.3773985,5.7
6.992459,6.8
5.394495,5.7
5.4142685,6.1
5.37757,6.0
5.4376354,6.6
5.3915153,6.5
5.3833075,6.0
5.3997126,5.8
5.5846915,5.0
5.4651117,4.0
5.461658,5.7
6.903449,8.2
5.4287043,5.7
5.401657,5.7
5.3724117,4.5
5.378425,4.5
5.3688264,4.0
5.39291,3.5
5.4333515,4.5
6.904074,6.1
5.42068,6.2
5.421091,5.0
5.413732,6.6
6.9536095,8.2
6.919696,5.7
5.4045296,4.0
5.4294305,4.5
5.345321,4.5
5.31355,6.2
5.4691215,5.7
5.38822,5.0
5.2730336,6.2
5.4278717,6.6
5.3865075,4.0
6.9876776,6.6
6.968249,8.8
5.4489365,4.5
5.4604692,3.5
6.896091,8.8
5.3554983,5.8
7.003751,6.0
5.3565426,5.0
5.417984,6.1
5.4513655,5.7
5.486038,5.8
5.398689,6.6
5.442686,4.0
5.3621645,5.8
5.3802752,6.0
5.4168124,5.8
5.4050493,5.0
5.443781,6.6
5.395405,6.0
5.378216,4.5
5.3854504,6.5
5.395528,6.0
5.3920736,5.7
6.9757752,7.5
5.39886,5.0
5.4167213,3.5
5.371855,6.2
5.3679895,6.0
5.4012947,6.6
5.481299,4.0
5.4551883,6.0
5.3701644,6.2
5.416473,5.7
5.3576784,3.5
5.393629,4.0
5.402708,6.5
5.360065,3.5
5.41072,6.5
6.921893,9.0
5.4078064,6.6
6.976388,7.0
5.3984494,5.7
5.431177,5.8
5.4300833,4.0
5.366964,6.6
5.4346185,4.0
5.353545,6.6
5.436367,5.7
5.402949,6.1
5.320794,5.7
6.8005357,5.8
6.870957,5.8
5.395442,5.7
5.397392,3.5
5.4340286,3.5
5.358447,4.0
5.3973665,3.5
5.431338,4.8
5.4062014,4.8
5.431307,5.8
5.355947,6.5
5.388654,5.0
5.441419,5.8
5.4230266,5.8
5.3898687,6.0
5.3864226,5.7
5.371306,3.5
5.404307,5.8
5.4348555,5.0
5.4131346,5.7
5.3817654,6.6
5.4087415,4.8
5.3830905,5.8
5.463084,3.5
5.3656263,5.8
5.4114227,6.0
5.4504137,4.5
5.434268,6.2
5.373072,4.8
5.4409814,5.7
5.487449,5.7
5.3623395,5.7
5.36173,6.2
5.432327,5.8
5.4460893,5.7
5.364635,6.6
5.500821,6.2
5.3768444,3.5
5.444191,6.0
5.388,3.5
5.312355,6.2
5.3966246,6.5
5.433706,4.0
5.4468794,4.0
5.4109683,6.2
5.4307942,4.8
5.393641,5.0
5.411897,4.5
5.378548,6.0
5.400408,6.6
5.474806,6.0
5.4342375,4.0
5.428681,5.0
5.3707967,4.8
5.395148,5.0
5.395734,6.2
5.387933,6.5
6.9042525,8.8
5.3921185,4.0
5.429552,4.0
5.413984,6.1
5.362993,6.0
5.393209,5.7
5.4086633,4.8
5.3336062,6.0
5.331083,6.0
5.4121265,5.0
5.3611693,6.1
5.3590593,6.6
5.336567,4.5
5.3915634,3.5
5.452855,6.2
5.3892865,4.5
5.44075,6.5
5.3149514,5.0
5.3793435,6.5
5.4317203,3.5
5.4116797,3.5
5.4355702,6.6
5.424466,4.0
5.4291296,4.0
5.407718,4.0
5.5198827,5.7
5.4324093,6.2
6.997411,7.0
5.430171,4.0
5.395986,6.6
5.434789,3.5
6.9585075,7.0
6.8734465,6.6
5.3867984,4.8
5.4879313,5.0
5.4773097,4.0
5.410755,6.5
5.477684,6.1
5.435865,6.5
5.3748794,5.0
5.427806,5.0
5.3856516,6.0
5.4158587,6.1
5.3784876,6.5
5.2997465,4.8
5.3826084,6.5
7.006119,7.5
5.4221897,6.1
5.469957,5.8
5.395333,6.2
5.424573,6.5
5.368853,5.0
5.352769,5.8
5.3862624,6.2
5.467084,3.5
5.383548,5.8
5.392115,6.1
5.390381,3.5
5.3901463,5.0
5.3908157,6.5
5.381124,6.0
5.506657,6.6
5.402594,6.5
5.405718,6.5
5.405854,6.2
5.388981,6.2
5.377589,5.7
6.916704,9.0
5.4520755,4.0
5.493034,5.7
6.9443774,6.6
5.3816614,6.2
5.468045,6.0
5.370187,5.7
5.2871075,6.6
5.3668046,5.8
5.4589534,5.8
7.052049,7.0
5.4214745,5.8
5.386772,5.0
5.4971333,5.0
5.4393034,4.0
5.39701,6.0
5.358072,5.0
5.4158263,6.1
5.410199,6.2
5.4085445,6.2
5.4008985,6.0
5.3786383,5.8
5.494619,4.8
5.3957796,6.5
5.407604,6.6
5.314495,6.2
5.393823,4.5
5.3812747,6.6
5.4428706,6.5
5.3807487,6.6
5.4351544,6.2
5.4275594,3.5
5.3594017,6.6
5.3854485,5.8
5.384673,5.8
5.4197984,6.1
5.410457,4.5
5.41816,6.1
5.4221416,6.5
5.3101034,5.7
5.4578013,5.7
5.3770733,4.0
5.413542,6.0
6.8988423,8.8
5.4071126,5.0
5.3854084,5.8
5.3708644,6.6
7.0166187,6.6
5.326681,3.5
5.4005995,4.8
5.302401,6.1
5.3695045,6.0
5.397633,4.5
5.4825506,4.8
5.361217,6.6
5.4281926,4.0
5.462978,4.8
5.417169,5.0
6.9699917,6.5
5.366483,5.7
6.944226,5.7
5.4973965,6.5
5.428365,5.0
5.356312,5.7
5.3622074,6.1
5.437004,6.5
5.4237356,5.8
5.4149065,4.5
5.407957,5.0
5.4161434,5.7
5.474936,5.8
5.423251,5.0
5.4270134,4.8
5.3936048,5.8
5.40144,5.8
5.4200106,4.5
5.3089547,6.5
6.803959,6.0
5.390397,3.5
5.3839884,6.5
5.362465,5.7
5.40744,6.2
5.3589716,4.0
5.406286,5.7
7.000911,7.5
5.387719,6.1
5.4337406,5.7
6.9162574,6.0
5.4460807,4.0
5.4163423,4.0
5.3862624,6.6
5.384855,5.8
5.3839884,5.7
5.3740606,5.7
5.437665,5.0
5.3367577,4.0
5.403684,6.2
5.348976,5.7
5.3922048,3.5
5.3474927,5.8
5.403613,6.5
5.386506,6.6
5.3624315,6.2
5.392985,6.5
5.42713,4.5
5.403226,5.8
6.7342014,7.5
5.3931293,6.6
5.4517064,4.0
5.4655933,5.0
5.3938828,5.0
5.4490337,6.1
5.4245048,5.8
5.400911,6.6
5.436458,5.8
5.3572626,6.2
5.435849,3.5
5.360794,4.0
5.3899965,6.5
5.4298134,6.6
5.4300175,4.0
5.4253817,5.7
5.382702,6.1
5.363903,3.5
5.4109993,6.6
5.3444314,5.8
5.3476,6.5
5.3812995,6.6
5.3764534,6.0
5.421301,6.5
5.3887177,5.0
5.473698,4.5
5.397542,3.5
5.350988,3.5
5.4899364,6.6
5.352831,6.2
5.27679,3.5
5.385978,5.8
5.424507,4.5
5.4027996,6.2
5.360828,5.0
5.3310027,5.0
5.3493066,6.6
5.420027,6.0
5.394223,6.6
5.4162364,4.5
5.45291,5.7
5.3587723,6.2
6.9892235,5.7
5.3874445,6.1
5.423666,6.6
5.408566,4.0
5.39256,5.7
5.38493,6.0
5.4020076,6.0
5.334829,4.5
5.424956,5.7
5.391446,6.0
6.962301,5.8
5.456737,3.5
5.486494,6.5
5.3786187,5.7
5.4509125,4.5
5.4134974,6.0
5.4476247,5.7
5.3661923,6.1
5.3540215,6.2
5.454451,4.0
5.371328,6.2
5.3802915,6.5
5.327316,6.1
5.401712,4.8
5.378251,6.6
5.4084873,3.5
6.9775333,6.8
5.345332,6.0
5.385544,4.8
5.424802,4.8
5.389202,6.0
5.435255,4.5
5.3682213,4.8
5.446678,6.0
5.374612,5.8
5.4307027,3.5
5.384697,6.1
5.403048,6.1
6.9418416,6.6
5.3957667,4.5
5.40889,4.8
5.4223332,6.0
5.4349604,6.5
5.3720202,6.1
5.397002,3.5
5.4453154,5.8
5.445786,6.1
5.3522997,4.5
6.9350266,7.0
5.4490337,6.5
5.4197326,3.5
5.384657,6.0
5.356644,5.8
5.3928294,5.8
5.3692155,6.1
5.4099035,3.5
5.390168,6.2
5.423673,5.8
5.3156767,5.8
5.3602233,6.2
5.4232893,4.5
5.427543,5.7
6.9678288,7.5
5.3724055,4.0
5.4214025,5.7
5.2884355,4.8
5.420336,6.1
5.3844433,6.0
5.3448853,3.5
5.4209805,3.5
5.4466877,6.5
5.4468093,4.5
5.46215,6.2
5.45644,4.8
5.4001427,5.8
5.410236,4.5
5.403787,4.5
5.414271,3.5
5.4143195,5.7
5.372798,5.8
5.3820114,5.8
5.3926277,6.5
6.8686676,6.8
5.4736834,6.6
5.3870244,5.0
5.432089,5.8
5.442826,3.5
5.4080915,5.7
5.4702525,6.6
5.381649,6.0
5.4478683,4.5
5.389591,6.5
5.3946238,3.5
5.4457455,5.0
5.392227,6.6
5.3989615,6.2
5.4654,3.5
5.3707967,6.0
5.376165,6.5
5.473433,6.2
5.462842,4.8
5.359959,6.6
6.947919,6.1
5.4047866,5.8
5.4412804,5.7
5.4311004,4.8
5.395623,4.5
5.3471494,6.1
5.3453603,4.5
5.420443,4.5
5.3583245,3.5
5.301284,5.7
5.4068456,3.5
5.363665,6.0
5.378856,4.5
5.4384513,5.8
5.3850684,6.5
5.3718095,4.8
5.3824306,6.2
6.986063,7.0
5.3672886,5.7
5.4005194,3.5
5.37785,5.7
5.407807,6.6
5.417518,6.0
5.3745003,6.2
6.9477587,6.2
5.427373,6.6
5.4064693,5.7
5.419115,6.5
5.352029,3.5
5.3818107,6.6
5.3744245,4.0
5.4433947,5.0
5.370259,4.5
5.445884,5.7
5.4915133,6.2
5.410519,5.8
5.4428835,6.6
5.3556585,4.0
5.4185357,6.2
5.394435,6.1
5.41921,5.7
5.4215317,4.0
6.791584,6.6
5.3732586,6.1
5.4845114,4.5
5.378688,6.0
5.3852167,6.5
5.4855494,4.8
5.36472,6.5
5.373972,5.0
5.3548646,5.7
5.4891787,6.6
5.371615,4.5
5.4810276,4.0
5.4587083,6.5
5.291425,6.2
5.4268374,5.8
5.373161,4.0
5.4192266,6.5
5.3999357,4.8
6.985045,6.5
5.3987803,6.6
5.3919263,6.2
5.3189096,5.8
5.328963,3.5
5.385726,4.5
5.4421988,6.2
5.4355693,5.7
5.3838,6.2
5.366264,6.0
5.397201,6.5
5.4108553,6.5
5.3562317,6.6
5.368556,5.7
5.3907495,3.5
6.9565325,6.0
5.4421263,6.0
5.3595595,6.5
5.415559,6.0
5.4030924,6.5
5.422775,5.0
5.382614,6.0
5.404029,6.6
5.404721,6.0
5.3940625,4.0
5.387251,4.5
5.4468727,4.0
5.3871922,6.0
5.452937,4.8
5.478566,6.5
5.336659,6.2
6.9249744,6.8
5.349452,4.8
5.3750424,6.6
5.3812976,4.8
5.430707,5.7
5.4156475,5.0
5.4204035,6.6
5.460273,5.8
5.3696227,4.8
7.1274705,9.0
5.4217286,6.5
5.386202,4.5
5.4224396,4.0
5.4244237,5.7
5.397637,6.0
5.4488354,6.6
6.935865,8.8
5.407233,6.0
5.352458,5.0
5.457878,4.5
5.4029965,5.7
5.3517284,3.5
5.4236693,6.1
5.3923984,6.1
5.36958,4.5
5.401128,3.5
5.431743,5.8
5.3707995,6.1
5.305119,4.0
5.377022,6.1
5.403773,5.7
5.370183,5.8
5.3771787,6.6
5.3690853,4.0
5.528759,5.7
5.4031677,6.6
5.3921146,4.0
5.440165,6.5
5.3752537,4.8
5.3724055,5.8
5.4610906,3.5
5.3434677,5.7
7.0482793,7.0
5.430459,5.8
5.401526,4.0
5.387935,3.5
6.8685455,8.8
5.3502636,6.6
6.9157047,6.5
5.3109846,4.8
5.4045973,3.5
5.462988,3.5
5.3860984,3.5
5.4018703,5.8
5.3280253,6.1
5.37738,5.0
5.403341,6.0
5.4213696,3.5
5.4240246,4.8
6.871409,6.8
6.953966,5.8
5.412155,3.5
5.3900557,4.0
5.3857455,4.8
5.4094563,6.0
5.379354,4.0
5.3831315,5.0
5.4094176,6.5
5.431729,6.0
5.392985,6.2
5.4369316,4.0
5.425997,6.1
5.3835926,6.2
5.414519,3.5
5.3368254,4.5
5.43406,4.8
6.98067,6.5
5.456786,6.6
5.3295527,6.2
5.3752856,6.0
5.3546066,6.1
5.409211,5.8
5.4056077,5.8
5.3794255,4.8
5.3850055,6.6
5.3779316,6.6
5.4084873,5.8
5.4335585,6.2
5.3228707,5.8
5.305605,6.1
6.9772353,7.5
5.4062476,5.7
5.3578787,5.7
5.44738,6.0
5.3591013,5.8
5.410539,5.7
5.2881117,6.1
5.4207153,4.5
5.370207,6.2
5.441422,5.7
5.4259205,4.0
5.3631835,5.0
5.37818,4.5
5.4413257,3.5
5.449758,5.7
5.378425,4.8
5.435111,5.8
5.377606,4.0
5.375091,3.5
5.4064693,6.1
5.3914957,5.8
5.4044313,4.5
5.2676373,5.8
6.9150944,6.5
5.441597,6.6
5.4154177,6.0
5.355719,6.0
5.361599,6.1
5.4190946,6.5
5.4080405,6.6
5.468045,6.2
5.44277,4.0
5.3564663,6.1
5.3652506,6.0
5.42859,4.5
5.35398,6.1
5.3553753,6.2
5.40127,4.5
5.4427576,6.5
5.443837,4.8
5.3973646,5.0
5.422935,4.5
6.993824,6.2
6.943021,6.0
5.427634,6.0
5.4385724,6.6
6.890809,7.5
5.3930693,4.8
5.304309,6.2
5.421335,4.5
5.4530125,6.5
5.4491057,6.1
5.2946706,4.8
5.4347067,4.8
5.452475,4.5
5.413958,5.0
5.401711,5.7
5.398722,4.5
5.452244,4.5
5.488422,5.0
5.36007,5.0
5.36818,5.7
5.363386,4.5
5.3994083,6.1
5.3625383,5.0
5.436271,5.7
5.4391127,6.1
5.38447,6.5
5.434629,5.0
5.405371,6.1
5.413799,6.2
5.424345,6.1
5.417436,6.0
5.40181,4.0
5.3891187,5.8
5.4276357,4.0
5.4337397,5.7
5.484949,6.2
5.3718095,3.5
5.2888546,4.8
5.506657,4.8
5.4428706,5.7
5.4214425,6.6
6.925001,6.0
6.965514,6.0
5.403757,4.5
5.4590693,3.5
5.3763223,6.2
5.375765,6.2
5.376536,5.0
5.433422,5.7
5.3765965,6.6
5.385263,6.6
5.3410635,4.8
5.4249306,4.8
5.3980765,3.5
5.3954225,4.0
5.3762617,6.6
5.435568,5.7
5.4137187,5.7
7.061456,8.2
5.4105062,4.8
5.4014926,4.8
5.426667,6.2
5.383466,6.2
6.874757,8.2
5.453763,6.1
5.4162054,6.5
5.4025865,4.8
5.344727,5.0
5.4140635,6.0
5.2919807,6.0
5.433832,5.0
5.386964,4.8
5.3359413,6.5
6.9714413,7.5
5.398139,6.0
5.3488207,6.6
5.435387,4.0
5.390629,6.6
5.39725,6.6
5.447544,5.8
5.386445,5.8
5.3715506,5.7
7.0104666,8.8
5.338122,4.0
5.396495,6.1
5.2634478,4.8
5.4252224,6.0
5.3667397,4.5
5.4323363,6.5
5.4656205,4.8
5.3835263,6.2
6.896169,9.0
5.357789,4.8
5.3817406,5.0
5.431827,4.0
5.443193,6.5
5.3880267,4.0
5.3959913,5.8
5.432309,4.8
5.3965907,6.5
5.429581,4.5
5.401615,4.0
5.4359827,5.7
5.38114,4.5
5.4222503,4.5
5.37655,6.1
5.343562,4.0
5.4357624,5.8
5.4272504,6.1
5.40801,6.0
5.3826237,6.1
6.875714,6.8
5.441765,3.5
5.38918,5.0
5.392164,4.0
5.4028416,5.7
5.373277,4.5
5.3667803,4.5
5.376352,5.7
5.4235983,6.0
5.3612638,4.5
5.4310474,6.0
5.4716396,5.8
5.487449,6.0
5.3799434,4.5
5.376397,5.0
5.4447775,3.5
5.4722495,6.1
6.921562,7.0
5.3125896,3.5
5.4112406,5.8
5.4094753,4.5
5.3815417,5.8
5.4444056,4.5
5.3769417,5.7
5.376365,4.5
5.3761997,6.0
5.396495,6.5
5.391592,5.8
5.532408,6.2
5.398159,6.1
5.373246,4.0
5.3274107,4.5
5.374901,5.8
5.426278,5.7
5.3548083,5.7
5.438982,4.8
5.311537,6.2
5.40522,6.5
5.4610085,4.0
5.3372984,5.7
5.4318557,6.0
5.401811,5.0
6.8590107,7.0
5.3705683,3.5
5.42599,6.0
5.361654,5.8
5.3101535,5.0
5.3987074,3.5
6.9626946,5.7
5.350974,6.2
5.4022894,5.7
5.415092,6.6
5.405241,6.1
5.4066205,3.5
5.3878303,3.5
5.415852,5.7
5.3079886,5.0
5.309976,4.8
5.3521566,3.5
5.429924,5.7
5.495684,3.5
5.35921,6.6
5.3955927,5.8
5.424199,6.5
5.449508,5.0
5.39696,3.5
5.4248185,5.0
7.094645,6.2
5.338785,4.0
5.3497815,6.1
6.907163,6.1
5.3867817,4.0
5.421266,6.1
5.3843765,6.6
5.3854213,6.1
5.512199,6.1
5.3868637,5.8
5.384046,6.2
5.382305,4.5
6.9939017,6.2
5.2772665,6.5
5.3888793,6.6
5.3585443,4.8
5.352112,5.7
5.470361,5.8
5.4593697,6.5
5.384269,6.2
5.3563037,4.5
5.3523498,5.7
5.359317,5.0
5.4453163,6.2
5.4420986,4.8
5.3875675,4.5
5.438267,6.5
6.7284575,6.0
5.4103823,5.7
5.3611264,6.5
7.037518,8.2
5.4310064,6.1
5.397081,6.2
5.467603,5.8
5.3736997,5.0
5.3895454,5.7
6.93968,7.0
5.4222302,3.5
5.3962793,5.0
5.3902574,6.0
5.420336,6.2
5.458253,4.8
5.3637066,6.6
5.4178624,6.2
5.389932,5.7
5.3873434,5.0
5.3976884,4.8
5.4836197,6.0
5.322988,6.5
5.422446,4.8
5.4636917,5.0
5.378999,4.5
5.400789,4.5
5.470141,6.1
6.9531875,5.8
7.0158043,6.0
5.4416595,5.8
5.3764963,4.8
5.382208,6.6
5.377261,6.5
5.46132,6.0
5.45291,6.2
5.428057,6.6
5.469028,4.5
5.424858,5.0
5.318466,4.5
6.979399,6.6
5.3990746,4.5
5.428216,5.7
7.048802,6.6
5.350465,6.2
5.4978237,6.1
5.3784933,5.8
5.3737783,6.0
5.3709693,6.6
5.453322,6.2
5.4345026,4.0
5.4052815,4.8
5.3898907,6.6
5.406532,6.5
5.4008803,6.5
5.408143,6.2
5.4466877,6.5
5.3937163,6.6
5.438908,6.6
6.8322787,6.2
5.3623166,6.5
5.378228,6.2
5.41715,6.0
5.3252378,6.5
5.4385576,4.8
5.340697,5.7
5.426575,3.5
5.478301,4.5
5.415244,4.5
6.91984,5.7
5.385886,4.8
5.375081,3.5
5.361597,4.5
6.953489,6.2
5.392996,6.2
6.95731,5.7
5.435759,3.5
5.437472,5.7
5.465735,3.5
5.4312506,5.0
5.4396553,4.8
5.4796433,5.7
6.8088517,8.2
5.3708835,4.5
5.426671,6.1
5.3509097,5.7
5.4215975,3.5
5.4206247,6.6
5.3229566,6.2
5.401894,4.5
5.309511,5.8
5.41341,6.1
5.332462,4.5
5.376187,6.0
5.3620386,5.8
5.430396,3.5
5.3992324,6.0
5.3974094,4.0
5.4398184,3.5
5.3821087,5.0
5.3938923,5.0
5.395399,6.0
5.421088,6.5
6.9520836,6.6
7.0028353,7.5
5.375873,6.5
5.440082,6.1
5.415977,4.8
5.4276614,4.8
5.4100666,3.5
5.351889,4.5
5.4133463,4.8
5.327657,6.2
5.4433975,5.7
5.363016,6.2
5.3978744,6.2
5.434875,4.5
5.44791,4.0
5.435379,6.6
7.0017796,8.8
5.4183254,5.8
5.416529,6.1
5.387868,5.0
5.312354,6.5
5.374328,4.8
5.4187675,5.8
5.420187,5.0
5.355581,6.2
5.3879724,5.8
6.877551,5.8
5.3607016,6.2
6.9004164,6.5
5.413385,6.5
5.3672266,6.5
5.4008307,4.8
5.3858685,4.0
5.417899,6.2
5.358286,5.8
5.4131303,6.2
5.375081,5.8
5.4047847,5.0
5.3150277,5.7
5.4593697,6.6
5.4257874,6.5
5.39967,4.5
5.397498,6.5
5.434982,5.8
5.382919,6.2
5.4344435,6.5
7.0730762,6.8
5.4423475,5.7
5.2870727,6.5
5.4425507,5.7
5.3805456,4.5
6.9517875,8.8
5.4241924,6.0
6.9604154,6.0
6.897344,6.0
5.3818126,6.6
5.512501,5.7
5.430663,4.0
5.3768477,6.0
5.4197116,5.7
5.443508,6.1
5.3823204,4.8
5.371387,4.5
5.387089,5.0
5.3856287,4.0
5.3893876,6.2
5.4334474,6.1
5.3514056,5.8
5.447881,6.5
5.44701,4.8
5.4043427,6.6
5.423427,4.0
5.443515,4.8
5.3820086,6.5
5.3976007,6.6
5.344592,6.0
5.468808,6.5
5.3244967,6.2
5.384673,6.0
5.3898654,4.0
6.926527,6.6
5.378856,4.5
5.443,6.6
5.389275,4.8
5.412294,4.0
6.8575625,9.0
5.379263,6.0
5.370645,6.2
5.3530197,4.5
6.8700724,7.0
5.398163,4.8
5.429552,6.0
5.3600636,6.1
5.3786297,4.0
5.429463,4.0
5.3788285,5.0
5.4344254,4.8
5.3434677,4.8
7.011764,6.6
6.9527774,6.6
5.4154167,6.5
5.3895817,3.5
5.382713,6.5
5.406348,3.5
5.3871584,4.0
5.342658,6.1
5.3641624,6.1
5.3766084,6.0
6.9061384,5.7
5.410098,4.8
5.3178754,4.8
5.3661923,6.6
5.386625,4.0
6.946387,8.8
5.3660083,5.0
5.366462,3.5
7.1021304,8.2
5.4482417,4.5
5.4161997,4.5
5.378452,6.2
6.9737434,6.1
5.3644605,3.5
5.3328896,5.8
5.393075,3.5
5.3915024,6.1
5.4123435,6.1
5.3576465,4.8
5.4528975,5.8
5.3975434,6.1
5.4384756,6.0
5.353469,6.2
5.3937125,6.1
5.3723235,6.1
5.424122,5.8
5.4223466,4.5
5.372197,5.8
5.3673224,4.8
5.4322953,6.6
5.314093,3.5
5.449516,6.5
5.3985186,4.8
5.345711,6.0
5.4292216,4.0
5.4488726,6.2
5.390048,6.0
5.46946,4.8
5.339751,3.5
5.3526115,4.8
5.4094176,6.6
5.3801637,5.0
5.410931,5.0
5.35181,6.0
5.390652,4.5
5.383988,4.0
5.4054966,5.8
5.3500695,6.5
7.0324388,5.7
5.371569,5.7
5.3698087,4.0
5.402419,6.0
5.360471,4.8
5.4136047,5.0
5.386602,3.5
5.3494916,4.8
5.3801703,4.5
5.4819965,6.6
5.397292,6.2
5.3509097,6.2
5.4855886,6.6
5.3814054,6.2
5.7647796,4.5
5.4093485,6.6
5.4985766,6.6
5.429552,5.7
5.46643,6.2
6.851242,5.7
5.3280873,6.2
5.409545,3.5
5.355883,5.7
6.823968,6.8
5.369217,6.6
6.953137,7.5
6.8636007,6.8
5.4137836,4.0
6.8950105,8.2
5.374771,6.0
5.4133463,4.5
5.3291373,5.8
5.3774815,4.8
5.3802776,5.8
5.406484,6.0
5.419801,3.5
5.3557444,6.5
6.869833,6.2
5.4452734,5.7
5.4148116,6.2
5.3551483,6.2
5.4197783,5.7
5.338814,6.1
5.3663325,6.2
5.38556,3.5
5.3585443,6.5
5.3845086,6.5
5.431155,3.5
5.3663626,6.6
5.384832,6.0
6.9002185,7.5
5.316559,6.0
5.437104,5.7
5.4267673,5.8
5.447385,5.8
5.4133463,5.7
6.966955,5.8
5.441005,4.8
5.410079,6.2
5.456751,5.0
5.4727664,6.2
5.3571744,5.7
5.3310575,5.7
5.3574944,5.7
6.9418964,8.2
5.392408,6.1
5.3109984,6.2
5.3900414,6.2
5.3629904,3.5
5.283771,5.7
5.411824,5.8
5.424911,5.7
5.388205,5.0
5.403843,5.8
5.4053574,5.8
5.450406,3.5
5.4082623,6.0
5.3830833,6.1
6.8565254,6.5
5.4412794,6.5
5.4047384,3.5
6.7548237,8.2
5.398057,5.0
5.4686413,4.5
5.3831344,5.0
6.8636713,6.5
5.3593397,6.6
6.9611316,5.8
5.3628163,6.2
5.334905,4.0
5.4466877,3.5
5.386663,4.8
5.4251366,6.2
5.4465036,6.6
5.4957623,5.7
5.402708,6.5
5.39234,6.1
5.401549,6.1
5.4741955,6.5
6.861359,6.1
5.358201,4.5
5.3948627,4.5
5.4145956,4.0
5.3976173,5.0
5.400282,6.6
5.465488,4.5
5.4280667,6.6
5.408432,4.0
5.4601126,3.5
5.3768606,6.0
5.399209,6.5
5.3795443,5.8
5.3863463,3.5
5.3418684,4.8
5.378661,4.0
5.3882375,6.6
5.4115415,6.2
5.3771753,4.0
5.42185,5.7
5.365281,5.0
5.4432406,3.5
5.453582,6.6
5.464465,6.1
5.365614,4.0
5.4461865,5.8
5.4454207,6.6
5.3936377,6.5
6.6994934,6.8
5.388929,6.2
5.2778873,4.5
5.3786874,4.8
5.4494033,5.8
5.432291,6.0
5.3790746,4.8
5.589992,6.1
5.417253,4.8
5.4227667,6.0
5.4315343,5.7
5.371537,6.6
5.3741674,5.0
5.407632,3.5
5.3827124,6.5
5.3941064,6.0
5.375168,6.5
5.4236693,6.6
5.374899,5.0
5.3973317,3.5
5.3938117,5.8
5.4146533,6.0
5.3772163,6.2
5.4421988,6.6
5.424364,5.7
5.410596,4.0
5.4051027,6.5
5.365476,4.0
5.461738,6.1
5.4128957,5.8
5.409494,3.5
5.444849,6.2
5.5118194,3.5
5.37407,5.8
5.3556857,5.7
5.418288,4.0
5.441748,3.5
5.4312587,3.5
5.3749776,6.6
5.3947277,6.6
5.288943,3.5
5.343132,4.8
5.415046,5.7
6.9265666,5.8
5.3316154,4.0
5.435684,5.0
5.4018507,6.5
5.414519,6.5
7.0100408,6.6
5.4274755,6.5
5.4623003,6.1
5.4324207,6.0
5.4052277,6.1
5.3944244,6.5
5.384973,6.0
5.369996,5.8
5.3538513,4.0
5.4199996,5.0
5.4520507,4.0
5.3610735,6.0
5.381719,5.8
5.3662844,3.5
5.356127,6.2
5.4180064,5.8
5.387454,6.1
5.4507904,6.2
6.9651804,8.2
5.443136,5.8
5.3813596,6.5
5.4425783,4.0
5.449888,6.5
5.39843,6.0
5.34863,3.5
5.3835373,6.1
5.392141,5.7
7.004804,6.8
5.430109,6.0
5.3923697,5.7
5.4428205,4.8
5.388354,3.5
5.4018507,5.7
5.3474607,6.1
5.3665876,4.5
5.430711,6.5
6.9094324,5.7
7.087038,6.6
5.435761,5.0
5.4096174,4.5
5.3884606,3.5
5.39137,6.1
5.3726654,6.5
5.4219036,5.8
5.391488,4.0
7.1910653,8.8
5.467723,3.5
5.403424,6.2
5.4132867,5.8
5.3744974,6.0
5.385902,5.7
5.410098,5.0
5.415907,6.5
5.410298,6.0
6.8538127,8.8
5.361317,4.8
5.373249,4.5
5.4396453,6.0
5.384176,3.5
5.398811,6.1
5.4397845,4.0
5.4245453,6.2
5.404619,4.5
5.432799,6.1
5.458871,5.0
5.404925,6.0
5.4327283,6.5
5.376502,6.0
5.3901463,6.6
6.927949,9.0
6.93156,6.5
5.3868484,3.5
5.51571,4.8
6.9301414,6.0
5.4226537,6.0
5.369494,6.6
5.418247,5.0
5.435129,5.0
5.409653,6.2
5.449358,6.1
5.43115,5.0
6.9771976,5.8
5.438975,5.8
5.402765,6.5
5.374796,4.5
5.417082,6.0
5.4205017,4.5
5.3881745,6.2
5.4376626,6.6
5.3709598,5.0
5.461911,5.0
5.3953986,6.6
5.3615365,5.7
5.426915,4.5
5.3877864,6.1
5.426778,5.7
5.3920007,6.1
5.4600306,5.8
5.3450413,5.8
5.4241414,5.0
5.373769,6.5
5.399072,4.8
5.45565,3.5
5.3865185,4.8
5.3902283,6.6
5.3351126,5.7
5.3827353,6.6
5.315229,6.0
7.00161,8.2
5.4506483,5.0
5.4465036,6.2
5.4134593,6.6
7.021034,6.1
5.3610473,4.5
5.4081235,6.6
7.0337076,9.0
5.388752,5.0
5.3772373,4.8
5.4063845,3.5
5.4294386,4.8
5.4677496,4.5
5.3599863,6.1
5.4231467,6.1
5.390857,6.6
5.370552,6.2
5.4268036,4.5
5.386612,4.5
5.410093,4.0
5.3800287,6.0
5.409801,4.0
5.436766,5.8
5.4736357,5.8
5.411388,4.0
5.4097166,6.5
5.4200745,6.1
5.2703075,4.8
6.8048654,6.6
5.411143,6.5
5.4144945,5.8
5.43658,6.1
5.4886775,4.8
5.391592,4.5
5.3517776,4.5
5.399353,6.2
6.71474,6.0
5.4105225,6.5
5.3906097,4.8
5.425293,6.5
5.441761,6.1
5.476682,4.8
5.40763,4.8
5.3795886,6.2
5.413698,6.6
5.394197,4.5
5.36912,6.0
5.3894134,4.5
5.389676,4.8
5.392082,6.2
5.410371,4.8
5.3960004,4.5
5.3613567,4.8
7.1028776,6.1
5.404059,6.6
5.356794,6.5
5.3550725,4.5
5.3506722,4.5
5.3802776,4.5
5.3833,6.1
5.3579855,4.5
5.400852,6.5
5.488422,6.1
5.3956566,5.7
5.433687,5.7
5.363227,4.8
5.313907,5.0
5.4272695,6.6
5.4464216,6.6
5.3905463,6.2
5.423232,6.0
5.3267393,5.7
5.3860927,4.8
5.455071,3.5
5.4374685,6.5
5.3747344,5.0
5.3645124,6.6
5.4817476,5.8
5.43816,5.0
5.383988,5.0
5.4195986,3.5
5.405309,6.5
5.3865232,5.7
5.3459263,6.2
5.33331,4.8
5.4319544,4.0
5.373085,5.8
5.3846407,4.8
5.398335,4.8
5.354196,4.5
7.0319295,8.8
5.4121323,6.0
5.381933,4.8
5.3300633,5.0
5.3795247,4.0
5.479327,6.5
6.8503947,5.7
5.3951287,6.6
5.407878,5.7
5.480905,4.0
5.388144,5.8
5.344921,5.8
5.268952,4.5
6.8470416,5.7
5.3912463,3.5
5.3135834,6.1
5.395321,5.8
5.4351816,4.5
5.4143553,6.1
6.923369,8.2
5.4356723,4.5
5.3974214,6.2
5.392981,3.5
5.4052176,6.0
5.365849,4.0
5.4012423,3.5
5.377591,3.5
6.939078,9.0
5.3759766,4.8
6.88703,8.2
5.432309,3.5
5.3559823,4.8
6.9193015,5.8
5.3809185,5.7
6.94696,6.5
5.371767,6.0
5.4128304,4.8
5.3958664,4.8
5.4085937,5.8
5.4381957,3.5
5.449476,5.0
5.395932,6.1
5.452049,4.8
5.342017,4.5
5.412754,4.8
5.3700094,6.6
5.390676,5.0
5.3526125,6.5
5.4219484,4.0
5.428915,6.1
5.383014,6.0
5.429738,6.6
5.6252575,5.0
5.4490175,4.8
6.9790006,6.8
5.404787,5.8
5.3654666,6.0
5.386019,3.5
5.3765965,6.1
5.4035635,6.1
5.4417276,3.5
5.339856,4.8
5.36515,6.5
6.884651,6.1
5.439555,4.0
5.460572,5.7
5.3614163,5.8
5.3756223,4.5
5.3718076,6.5
5.33705,5.0
5.362737,4.0
5.3024874,6.2
5.4882116,6.5
5.4057207,4.8
5.3999066,4.0
5.421573,5.7
5.4133816,3.5
5.4701843,6.0
5.3936014,5.0
5.330613,5.7
5.4157166,5.7
5.390073,3.5
5.376497,5.0
5.4567304,6.2
5.4251633,6.1
5.4285626,5.8
5.4314556,5.0
5.413977,5.0
5.3975735,5.0
5.3965383,5.0
5.450361,6.2
5.27962,6.2
5.3754,4.5
5.465735,5.7
5.3866367,6.6
5.441304,4.5
5.428731,6.2
5.3438272,4.8
5.3908696,5.0
7.0179605,6.6
7.1101303,9.0
5.4040065,5.7
5.375547,6.6
5.4871764,4.0
5.343562,5.8
5.394515,6.6
5.4303865,6.2
5.3728156,4.8
5.3834624,5.7
5.4017115,5.0
5.3474927,3.5
5.370906,4.8
5.3665156,5.0
6.8388085,7.5
5.4115415,5.0
5.3720927,5.8
5.372537,6.5
5.466612,6.1
5.4336843,5.0
5.412072,4.8
5.367181,4.0
5.4250216,4.5
5.3775697,5.0
5.429814,4.8
5.3479123,4.8
5.3618417,6.6
6.859247,6.5
5.51423,6.2
6.8812175,7.5
5.3633504,6.2
5.3212047,4.5
5.42438,5.0
5.387172,4.5
5.3408732,6.5
5.356786,5.7
5.4158754,4.5
5.3540397,5.7
5.4144096,4.0
5.4253745,5.0
5.401187,4.8
5.405109,5.0
5.426621,6.6
5.3700404,5.8
5.4197435,4.5
5.3717537,6.2
5.43366,4.0
5.4406195,4.5
5.4217477,5.7
5.460967,6.0
5.38839,6.0
5.3525,4.8
5.400011,3.5
5.4062414,5.0
6.9008136,7.0
5.3526115,6.2
5.4347067,3.5
5.381184,6.0
5.417994,5.8
5.3812995,4.8
5.4241295,5.0
5.4099035,5.8
5.4148273,5.0
5.4196224,4.0
5.397731,4.0
5.3434677,4.0
5.368213,5.0
5.3508644,5.7
5.3993106,5.0
5.380173,6.2
5.45337,5.0
5.419402,5.8
6.6770587,6.6
5.363083,6.5
5.4398174,6.1
5.512578,4.5
6.7005615,5.7
6.9619646,8.8
5.4195914,3.5
5.4248776,4.0
5.3058667,6.6
5.384973,4.8
5.4022384,4.8
5.368114,5.0
5.393383,6.6
6.852788,6.6
5.409203,6.1
5.393113,5.8
5.4632425,6.0
5.4158754,3.5
5.4358587,4.0
5.4016623,6.1
5.457998,5.0
5.338365,5.8
5.3714275,6.5
5.4482417,5.7
5.3720126,5.8
5.359146,4.0
5.3960056,6.2
5.4306297,5.7
5.4222775,6.6
5.494118,4.5
5.38486,6.6
5.363888,6.0
5.390291,5.0
5.4208384,4.8
5.3920035,6.6
5.498894,5.7
5.4142175,5.8
5.451456,4.5
5.445217,5.7
5.4006605,6.6
5.344559,4.5
5.368729,4.0
5.3956366,5.8
5.3695707,5.7
5.3767376,4.0
5.380691,6.5
6.9472523,9.0
5.3794804,4.0
5.4631824,4.0
5.3731894,6.5
5.420457,5.0
5.41437,4.0
5.4423437,5.7
5.373161,5.7
6.8108625,5.8
5.3209815,6.0
5.4244647,4.5
5.4156895,5.0
5.4285555,6.2
5.396776,4.0
5.3877764,5.0
5.4320345,4.8
5.4090104,5.7
5.4087415,5.0
5.2879605,6.1
5.375928,4.0
5.475949,5.7
5.4144034,5.0
6.9343386,9.0
5.374681,4.0
5.3371015,6.0
5.3747606,4.0
5.4279,6.5
5.480364,4.5
5.3821034,6.6
5.421498,3.5
5.3524666,3.5
5.390624,4.8
5.4422174,5.7
5.421307,4.5
5.3714585,6.5
7.074558,7.0
5.463038,6.6
5.3991714,6.1
5.407928,4.0
5.385437,5.8
5.400026,5.0
5.42631,6.0
5.389206,4.8
5.4139414,6.5
5.406992,4.0
5.33364,6.5
7.016901,9.0
5.425021,4.0
5.4285693,6.2
5.41543,5.8
5.4003344,5.7
5.4413977,6.2
5.39248,5.8
5.400489,6.2
5.5277524,6.2
5.42713,6.5
5.428069,3.5
5.3888245,6.6
5.401816,3.5
5.323029,3.5
5.399044,4.8
5.3985085,4.8
5.3951235,4.8
5.3618054,3.5
5.354504,4.5
5.3913293,6.0
5.377155,5.0
5.468613,6.2
6.9413996,6.8
5.3539186,6.0
5.4144945,5.7
5.3898907,6.0
5.425671,4.0
6.974067,6.5
7.028918,9.0
5.4243574,6.6
5.4093,4.5
5.426707,5.0
5.340119,4.8
5.4204626,5.8
5.436578,6.5
6.9146423,6.8
5.427076,4.8
5.500754,6.5
6.956523,6.1
5.318119,4.8
6.9480977,6.2
5.4846745,5.0
5.3768277,5.7
5.351306,6.1
5.39396,6.0
5.4141464,3.5
5.328356,4.5
5.425401,3.5
5.367022,5.7
5.3809066,6.1
5.3993015,6.5
5.4105954,6.6
5.483268,6.2
5.3568096,6.5
5.4180584,5.8
5.3948565,6.5
5.4227796,3.5
5.3694344,5.7
5.406348,6.2
5.414519,4.5
5.3667426,4.5
5.383474,5.0
5.318657,6.0
5.388145,4.0
5.4008503,5.7
5.4202924,3.5
5.4128075,5.7
5.439627,3.5
5.4223785,6.5
5.4165254,6.0
5.406978,6.5
5.354109,5.8
5.450156,6.2
5.2987304,6.0
5.373679,6.5
5.497578,6.0
5.419383,5.7
5.4494505,6.1
5.3549542,4.8
5.413271,4.8
5.394622,3.5
5.3986497,6.5
5.3644013,6.2
5.4028335,6.5
5.4086647,6.6
6.735358,7.0
5.3729706,4.0
5.3802266,4.0
5.3740807,6.1
6.9445615,5.8
5.4170156,3.5
5.415999,4.8
5.395472,4.5
5.431628,4.5
5.428529,6.1
5.369635,3.5
5.3665156,6.0
5.4328213,6.0
5.474362,6.2
6.894481,8.8
5.2672315,5.8
5.3034344,4.5
5.3719416,6.2
5.392985,6.1
5.4301257,6.0
5.419783,6.5
5.4189262,6.2
5.386987,4.8
5.384933,6.0
5.333256,5.7
5.3563857,4.5
5.3795567,5.7
5.3400264,6.6
5.3798075,3.5
5.3792896,4.0
5.396242,5.7
5.2667165,6.0
5.417813,4.5
5.433772,6.6
5.389765,5.7
5.3507185,5.7
5.346089,6.2
5.466486,4.0
5.3763137,6.1
5.4579773,6.1
6.927089,6.8
5.3968463,3.5
5.418511,4.0
5.3474927,6.2
5.3769703,4.0
5.370257,5.7
5.396356,3.5
5.40446,6.1
5.3995495,4.0
5.385224,4.0
5.4899583,4.8
5.365447,4.8
5.2562933,5.8
5.390291,6.6
5.4196,6.0
5.439775,6.2
5.4195004,6.6
5.4670696,6.6
5.4081306,5.0
5.4028745,6.5
5.428542,4.0
5.2674165,3.5
5.498904,6.0
5.3633704,5.7
7.002924,8.2
5.3436837,6.5
5.4904447,6.5
5.364462,5.7
5.3647656,6.1
5.419256,3.5
5.482884,5.0
5.448703,4.5
5.353401,4.5
5.3984504,6.1
6.9526563,6.8
5.3420143,6.1
5.361082,4.5
5.396526,6.0
6.932765,5.8
5.3869762,6.1
5.40798,6.0
5.4249125,4.5
5.4085646,5.7
5.3740983,6.1
5.389303,6.6
5.4234266,5.7
5.331215,6.1
5.351744,6.5
5.360951,6.6
5.4321613,6.6
5.391921,5.7
5.3730583,4.5
6.780114,8.2
7.329695,6.5
5.419523,6.5
5.3133397,4.8
5.3621116,5.7
5.4160476,6.6
5.419299,5.0
5.428,5.0
5.3732815,6.2
5.3479586,6.2
5.4528017,6.6
5.3367243,3.5
5.3601837,5.8
5.408478,6.0
5.3410635,6.0
5.4063516,4.8
5.4273744,5.0
5.365911,6.0
5.3948245,6.2
5.4222054,4.5
5.4186053,4.8
5.4390497,3.5
5.4013443,4.8
5.406522,5.0
5.403684,4.8
5.401085,4.8
5.448571,4.5
5.367288,6.0
5.3992467,3.5
5.4103,6.2
5.3947625,5.7
5.535924,6.2
5.3772874,4.8
5.350757,6.0
5.3098435,4.0
5.371675,5.8
5.3779683,4.5
5.366898,3.5
5.44058,4.8
5.437597,4.0
6.9722357,6.0
5.4028244,4.0
5.4083853,6.0
5.391673,4.8
5.4818616,6.6
5.447881,4.8
5.288512,4.0
5.309142,3.5
5.4620323,5.7
5.380652,6.2
5.4239,6.5
5.3923984,4.0
5.3910303,4.0
5.39908,3.5
5.401657,6.5
5.395641,4.8
5.414241,5.8
5.377721,5.8
5.4329085,4.8
5.561869,6.1
5.3727994,5.7
5.3836765,5.7
5.390686,5.7
5.4151006,6.0
6.900052,6.1
5.3791895,6.1
5.410354,6.5
5.4263296,4.0
5.3888807,5.8
6.9202952,5.7
5.389959,6.6
6.9638047,8.8
6.7873006,5.7
5.387497,6.6
5.405654,3.5
5.496587,4.5
5.331503,3.5
5.4247932,6.2
5.4861865,6.6
5.3930693,5.8
5.381291,5.7
5.420514,4.5
6.752157,8.8
7.047719,8.8
5.487449,4.0
5.415606,4.5
5.4101872,5.0
5.392227,6.2
5.4524355,6.1
5.357204,5.7
5.385389,6.0
5.410247,5.7
5.389835,5.8
5.411504,5.0
5.4067044,6.1
5.3336034,6.0
5.4256587,4.0
5.4611363,4.5
5.3939667,5.8
5.3999863,3.5
5.4905252,4.0
5.4172034,5.7
5.3697925,6.1
5.3938723,5.8
5.442177,6.6
6.9310265,5.7
5.3774467,6.5
5.3511457,4.0
5.4327283,5.7
5.438945,4.5
5.3623023,6.6
5.3873158,3.5
5.377634,4.8
5.500597,4.0
5.414949,5.7
5.399624,4.5
5.3648715,4.5
5.4150424,5.8
7.1260114,8.8
5.3711443,6.6
5.3711443,5.8
5.3900924,5.7
5.3831825,6.5
5.412987,4.5
5.3094063,4.8
5.4039845,4.5
5.4092264,6.6
6.974538,6.0
5.4206157,6.5
5.323975,5.8
5.329997,4.8
5.4431133,5.8
5.490822,4.0
5.4053574,6.0
5.3901463,4.5
5.3888326,6.1
5.389423,6.2
5.449696,6.1
5.4166164,4.5
5.411023,6.2
5.3843055,6.5
5.430819,5.7
5.4151387,5.8
5.371217,5.8
6.89159,6.6
5.2753434,5.0
5.391977,6.0
5.4346232,3.5
5.47551,6.2
5.4262705,6.1
5.4018927,4.8
5.401683,5.0
5.3065257,6.1
5.3715715,4.8
5.3689246,3.5
5.407632,6.5
5.3911057,6.1
5.3943443,4.5
5.4376826,6.1
5.480239,4.0
5.449482,5.8
5.377046,6.5
5.378022,5.0
5.4778695,5.7
5.46001,6.1
5.4528008,5.7
5.377064,4.0
5.416863,6.2
5.345995,6.5
5.3737783,6.0
5.3588305,6.0
5.4113283,6.5
5.3059855,4.8
5.387489,4.0
5.387431,3.5
5.4266076,6.5
5.423164,4.8
5.2943907,5.0
5.407175,6.0
5.3942842,5.8
5.3900886,6.2
5.4381905,5.8
5.441169,4.5
5.36337,4.0
5.4111466,6.2
5.4056854,5.7
5.4122562,5.0
5.419853,4.8
5.4658065,5.7
5.4213347,4.8
5.402455,3.5
5.388858,5.8
5.3683577,6.0
5.4345384,6.5
5.4839087,5.8
5.470999,5.0
5.4488335,6.5
5.3322363,6.1
5.3858304,6.2
5.4394603,5.0
5.4182196,4.8
5.424942,6.5
5.3932705,5.7
5.3745275,6.0
5.4535804,4.0
5.4103093,5.0
5.421736,6.2
5.3722124,6.5
5.419192,5.8
5.4520106,6.6
5.425672,6.1
5.4689617,6.5
6.9621744,8.8
5.4003496,5.0
5.4782968,6.1
5.419555,5.0
5.4386206,6.6
5.387266,5.8
5.364803,4.8
5.541038,4.0
5.3700404,4.8
5.375641,6.2
5.3788204,6.5
5.386964,6.6
5.446007,4.5
5.2815943,6.0
5.3795905,4.8
5.458007,5.8
5.452235,6.2
5.456543,6.2
6.7688923,6.5
5.4396453,4.8
6.896543,6.6
5.397952,5.7
5.430602,4.0
5.4006486,6.1
5.4014277,6.6
5.3645144,5.8
5.3102355,6.6
5.410239,5.7
5.310913,5.0
5.3401537,4.5
5.3762617,6.1
5.3972435,4.8
5.4002604,4.5
5.416519,5.8
5.3819513,5.8
5.398709,6.1
5.443969,6.6
5.3926487,6.6
5.4532924,6.5
5.3185725,3.5
5.4443493,6.1
5.387689,6.5
5.403113,5.0
5.3801074,6.2
5.395135,4.5
6.9694533,5.7
5.469986,5.8
6.905985,7.0
5.3838453,6.1
5.392297,3.5
5.3454676,5.0
5.4161444,4.8
5.4414473,6.6
5.3522773,6.6
5.338453,5.7
5.372381,4.8
5.3328443,4.0
5.445429,6.5
5.3826423,5.7
5.3745356,6.1
5.3865743,4.0
6.8980064,5.7
5.399497,3.5
6.876685,9.0
5.4046063,4.8
5.4540095,4.5
5.43627,4.0
5.398644,6.6
5.4599547,5.7
5.395732,6.2
5.388816,4.0
5.4032707,4.0
5.3831096,6.2
5.428492,3.5
5.468045,5.0
5.3744974,6.1
5.4321046,4.5
5.4465036,4.0
5.4077086,4.8
5.4551744,4.8
5.406786,3.5
5.453955,4.0
6.7973804,8.8
5.4154854,6.1
5.4572716,4.5
5.3783026,6.0
5.451244,6.6
5.4061513,6.0
5.485442,6.2
5.41507,5.8
6.8794794,5.7
5.414513,6.0
5.376689,4.0
5.359598,4.5
5.4199343,6.6
5.4033017,4.5
6.879916,6.5
5.4470987,6.1
5.393203,4.5
5.383935,5.0
5.383465,4.5
5.373051,4.8
5.345405,6.2
5.4317055,4.5
5.393695,4.5
5.452903,4.0
7.0878177,9.0
5.3495398,6.1
5.383974,6.1
5.4139495,6.1
5.383226,4.0
5.414157,5.8
5.3767653,6.0
5.367677,4.5
5.374967,4.8
5.3798213,4.8
5.4383535,4.8
6.7640567,6.0
5.4411125,5.8
5.4162054,3.5
5.476945,5.8
6.860723,6.6
7.0450015,6.0
5.412114,3.5
5.3830004,4.8
5.378371,6.1
6.920838,6.8
5.4182734,6.1
5.369549,6.0
6.96432,6.1
6.8810244,6.6
5.3152533,6.0
5.425434,6.6
6.9378304,8.8
5.483246,5.8
5.3680663,6.0
5.409427,4.0
5.4817476,3.5
5.4492035,6.2
5.376192,6.2
5.3585434,4.8
5.373417,6.1
5.368946,4.0
5.448993,4.5
5.4169087,4.5
5.4157276,6.2
5.3628006,6.6
5.428175,6.6
6.939341,6.5
5.377081,5.0
5.490347,4.5
5.404351,6.5
5.429385,5.0
5.3533607,6.5
5.3950405,6.0
5.3956165,6.1
5.448288,5.7
5.4263716,4.5
5.419354,6.5
5.408557,5.7
5.5251737,4.5
5.382306,4.0
5.3944697,6.2
5.3265004,6.2
5.387489,6.6
5.401657,6.1
5.347488,6.0
5.40744,4.0
5.3981037,3.5
5.4356766,4.0
5.329479,5.0
5.3564405,5.8
5.4419875,5.0
5.4294405,6.2
5.422426,4.0
5.491839,4.5
5.385044,6.1
5.3319564,6.1
6.907037,8.8
5.3652124,5.0
5.4153485,6.1
5.4039636,4.8
6.9048657,9.0
5.4000473,6.0
5.42178,4.5
5.375372,6.5
5.412977,6.5
5.4097233,4.5
5.379246,3.5
5.3891087,5.0
5.3612614,4.5
5.378461,5.7
5.400873,6.5
5.314641,6.0
6.931519,6.1
5.3921957,6.5
5.4421706,4.8
5.382928,6.2
5.3957105,4.5
5.391178,4.8
5.385509,4.5
5.386987,5.0
5.4331675,4.0
5.431635,6.2
5.384212,4.0
5.3950505,4.5
5.4333134,6.2
5.3678656,6.0
5.403806,5.8
5.579354,4.8
5.3733006,6.6
5.366639,4.0
5.423558,5.8
6.909744,5.8
5.3709598,6.6
5.4183054,5.0
5.4348054,4.5
5.302291,6.6
6.874999,8.2
5.40744,4.0
6.9528832,6.8
5.427443,5.7
5.3754005,6.0
5.404724,6.6
5.3413396,6.1
5.5472536,3.5
5.386882,6.0
5.4200754,5.0
5.4052176,6.1
5.3955154,6.5
5.4092503,6.0
5.438975,6.2
5.4673095,6.5
5.3738995,4.8
5.373558,5.7
5.448923,6.0
5.508899,6.5
6.8761253,6.0
5.4265666,6.1
5.488591,6.6
5.4340243,6.5
5.3643723,6.1
5.4627023,6.6
5.4334836,6.2
5.4340353,4.0
5.397684,4.8
5.3903894,5.7
5.3541794,4.8
5.414024,4.5
5.4457293,4.8
5.390756,6.5
5.385173,4.8
6.956625,6.8
5.370513,3.5
5.4505935,6.1
5.364462,5.7
5.4851623,4.8
5.4310064,6.0
5.377558,6.2
5.437992,5.8
5.398011,4.0
5.363412,4.5
5.4164205,3.5
5.3657703,4.5
6.8346486,6.8
5.3408637,6.0
5.399858,3.5
7.0523143,6.2
5.36775,6.5
5.4162054,4.0
5.3558855,5.7
5.3847938,5.7
6.91079,6.8
5.4224887,6.6
5.404539,6.5
5.4168606,6.6
5.3867126,4.8
5.403342,4.8
5.3818216,6.0
5.350898,5.8
5.4258957,6.1
5.4333854,6.6
7.090377,6.5
5.460327,4.8
5.371656,6.0
5.449069,6.0
5.4117723,5.7
5.3382597,5.0
5.3975286,6.0
5.380157,6.2
5.38447,6.1
5.4184265,6.6
6.958656,6.0
5.3783526,6.0
7.206593,6.5
5.4077754,5.7
5.4492283,4.5
5.4136157,6.0
5.3748064,5.8
5.389136,5.7
5.247541,6.2
7.008493,6.5
5.3605924,6.5
5.3958244,5.7
5.4291043,4.0
5.438137,5.8
5.3849173,3.5
5.372187,4.8
5.373865,6.1
5.4246793,6.5
5.393903,3.5
5.3709617,4.5
5.44847,5.7
5.441362,5.7
6.913152,7.0
5.3346763,4.5
5.338907,4.0
5.4596567,6.1
5.4221363,6.5
5.366247,4.0
6.903256,5.8
5.414322,4.0
5.5299892,6.0
5.5183105,4.8
5.4439526,6.5
5.4956694,6.0
5.4253745,4.5
6.942415,7.5
5.363847,4.0
5.411228,6.0
5.3621564,3.5
5.367314,6.2
5.4066625,3.5
5.34678,4.8
5.4102273,6.2
5.4940248,5.7
5.349498,6.6
5.453043,6.6
5.4392676,4.5
5.402421,6.6
5.4091334,4.5
5.4007196,6.5
5.4338055,3.5
5.3646083,4.8
5.417182,4.8
5.44202,6.0
5.428993,6.5
5.4763937,4.0
5.4499073,5.8
5.3982058,4.8
5.381457,6.1
5.3568454,4.5
5.429259,5.8
5.3822327,6.6
5.3850794,6.6
5.4168687,5.8
5.4343996,5.0
6.9015326,6.5
5.4066205,6.0
5.392555,5.0
5.2894754,6.0
5.415399,3.5
5.3857617,6.2
5.4222083,4.5
5.3839884,6.5
5.439261,6.2
5.3636007,4.5
5.334905,5.8
5.3319435,3.5
5.469028,5.7
5.3949866,6.5
5.3998895,3.5
5.3066697,4.8
5.4095826,6.1
5.377366,6.0
5.3965187,3.5
5.3831096,5.8
5.3650017,6.0
5.44835,4.5
5.4429445,6.1
5.4214425,6.5
5.4032493,4.8
5.356565,6.2
5.394983,6.2
5.3911386,5.0
6.8774996,9.0
5.4382343,3.5
5.451244,6.2
5.4151297,4.0
5.401282,5.7
5.3391395,5.7
5.404418,6.1
5.380602,5.8
5.36907,3.5
5.4492736,5.7
5.465021,4.5
5.3835096,6.2
5.3883624,6.6
5.423494,6.5
5.546824,6.2
5.3891754,6.1
7.0503597,8.8
5.385582,3.5
5.3729706,5.8
5.4312954,4.0
5.3605876,6.2
5.4622464,4.0
5.447569,6.6
5.4159513,6.6
5.392737,6.2
5.371693,4.5
5.393587,5.0
5.4114513,5.7
5.3997355,5.0
5.6256895,3.5
5.409995,6.5
5.4322863,5.8
5.3847384,4.8
6.9568453,6.8
6.9906673,6.2
5.4010277,6.0
5.435902,5.8
5.406625,5.0
5.389693,6.1
5.556292,5.8
5.4826064,5.7
5.3649116,5.7
5.3845744,5.7
5.408693,6.5
5.3985806,6.2
5.4136724,4.8
5.3578377,6.6
5.415745,4.8
5.408016,4.8
5.41022,6.0
5.4092374,4.5
6.8965592,6.5
5.337675,5.0
5.416381,5.0
5.3709426,5.8
5.403497,4.5
5.406484,3.5
5.444175,5.0
5.3330717,4.8
5.388654,4.0
5.4065576,4.0
5.37407,4.8
5.3548374,6.0
5.374435,6.1
5.388801,5.0
5.420457,4.5
5.3883533,5.0
5.4517064,4.8
5.39208,6.6
5.365001,5.0
5.486644,4.5
5.386987,5.0
5.3690944,6.2
5.3901463,5.0
5.3671293,6.0
5.4909496,6.6
5.4860373,5.0
5.374118,5.7
5.3927374,5.8
5.4077663,4.0
5.3372006,6.0
6.9123235,8.2
5.372898,4.0
5.4325967,4.0
5.421871,5.0
5.3811393,4.0
5.404424,6.1
6.912778,6.2
6.9119425,7.5
5.4658732,4.5
5.3297706,5.8
5.425139,5.8
5.4422665,6.6
5.4449954,6.1
5.4837213,4.8
5.4260793,5.8
5.3459735,5.7
5.3770833,4.5
5.3539968,5.7
5.384916,5.0
6.8942122,6.6
5.4083138,5.8
5.3772135,4.5
5.4343653,5.8
5.3928204,6.5
5.4430904,5.7
5.402339,6.1
5.428681,6.5
6.9058256,7.0
5.368533,3.5
5.420063,5.8
5.416714,5.0
5.178177,6.6
5.4009647,6.5
6.844733,6.2
5.4219637,4.8
5.4008675,6.1
7.0853825,5.7
5.378793,6.2
5.459704,3.5
5.401072,6.0
5.392985,6.0
5.41433,4.0
5.3144855,4.8
5.3078327,6.2
5.3346076,4.8
5.422987,6.6
5.335168,6.1
5.3791575,5.0
5.435943,6.0
5.4115725,3.5
5.395903,6.0
5.4635267,5.0
5.404901,5.8
6.930488,5.8
5.387669,5.7
5.33479,5.8
5.4254036,5.7
5.410371,6.5
5.4373326,6.0
5.4578304,4.0
5.470793,5.0
5.4327374,6.1
5.377747,5.8
5.402067,6.0
5.37807,4.0
5.4613714,6.0
5.3775625,5.8
5.4444165,5.0
5.3485656,4.0
5.3950224,6.0
5.377437,6.5
5.4473147,6.2
5.375961,6.1
5.371917,6.5
5.4416595,6.5
5.3809953,6.5
5.3868046,5.0
5.417846,4.8
5.4078965,4.8
5.3778853,5.8
5.374378,3.5
5.419195,5.7
5.449829,6.6
5.314248,6.2
6.941892,6.1
5.3700404,6.1
5.347983,3.5
5.4718266,5.0
5.387712,3.5
5.3967896,5.8
5.3964014,5.8
5.4088025,4.8
5.4080396,3.5
5.418467,5.8
5.4369965,6.5
5.3582606,4.5
5.360421,5.0
5.376525,6.0
5.4177537,6.1
5.3865542,6.2
5.4365196,6.0
7.0952086,8.8
5.3963213,6.0
5.457608,6.5
5.4158263,5.7
5.482967,5.7
5.3619037,3.5
6.996207,6.2
5.42416,4.8
5.35503,4.0
6.871235,6.5
5.370673,5.8
5.336417,6.1
5.357357,5.0
5.3708005,5.7
5.3604727,6.2
6.826272,5.7
5.367558,4.8
5.407777,6.5
5.38482,6.5
5.415754,6.0
5.3984923,5.0
7.0275784,8.8
6.913287,6.5
5.384797,5.8
5.401479,5.0
5.387026,3.5
5.399916,5.8
5.3532066,6.5
5.408407,3.5
5.4013004,5.0
6.8799167,5.7
5.440317,6.5
5.3831825,4.8
5.4137077,5.0
5.3982787,6.1
5.4043145,6.6
5.386018,5.0
5.374442,6.0
6.7658267,6.8
5.4408092,6.2
5.476231,6.6
5.3973327,5.0
5.3434677,6.6
5.308318,5.0
5.3764086,3.5
5.38375,6.2
5.370645,4.0
6.930221,6.8
5.3680177,6.1
5.4589148,3.5
5.4251165,5.7
5.3911214,3.5
5.398193,4.0
5.414634,4.8
5.3667803,3.5
5.355035,4.5
5.4025064,6.0
5.364521,5.7
5.374956,6.6
5.3685627,4.5
5.3649006,6.5
5.381725,6.1
5.4341764,6.0
5.449383,5.8
5.447061,4.5
5.3913145,5.8
5.3895817,6.6
5.379862,5.7
5.3958917,4.5
5.4370356,4.8
5.4358983,4.8
5.4135714,6.5
6.894603,6.8
5.3656683,4.5
5.378739,5.7
5.4865494,6.5
5.3756247,4.5
5.4294662,5.7
6.9389186,6.8
6.940583,6.5
5.2830687,4.8
5.354577,4.5
5.486038,6.2
5.4172497,6.1
6.946116,6.8
5.4325223,5.8
5.450319,6.1
6.8794794,8.2
5.397689,5.0
5.4309998,6.0
5.3923864,5.7
5.4186363,4.5
5.460089,6.6
5.427215,6.2
5.478923,5.7
5.427315,6.6
5.390637,5.8
5.378402,6.0
5.4199405,6.0
5.382855,5.7
5.3279867,4.0
5.4362516,3.5
5.4267006,6.5
5.4231324,6.0
5.377303,4.5
5.3614087,4.0
5.3559604,5.8
5.3649364,6.0
5.4085603,3.5
5.385341,5.8
5.4205074,6.2
6.9110208,6.8
5.3788795,6.0
5.4425993,6.5
5.381897,4.0
5.4136996,6.0
5.3702197,4.8
5.366339,3.5
5.35646,5.7
5.389031,4.0
5.4390497,3.5
5.3618474,5.7
5.3473516,6.0
5.4387693,5.0
5.365492,6.1
6.9464183,6.6
5.347206,3.5
5.422387,3.5
5.434095,6.5
5.439627,4.5
7.0760965,9.0
5.367185,6.5
5.4416037,6.5
5.487,5.0
5.414488,6.6
5.4334974,6.2
5.3928814,6.2
5.3193083,5.8
5.4042926,4.8
5.3753366,5.7
5.367291,6.5
5.3112845,4.5
5.385237,6.1
5.392737,6.0
5.4616275,4.5
5.3326607,5.0
5.425098,6.5
5.453544,6.6
5.4387226,4.0
5.5417175,3.5
5.400889,5.8
5.341858,6.2
5.3527365,6.2
5.3709693,5.0
5.426938,5.7
5.402689,3.5
5.379647,6.0
5.454005,6.6
5.431994,6.5
5.3947434,6.1
5.4447064,5.8
5.3633046,5.7
5.3269725,4.0
5.4254956,4.5
5.4149733,4.5
5.394639,4.8
5.330338,3.5
5.407356,6.2
5.4882817,5.7
5.4248133,6.2
5.401016,4.0
5.3973694,5.7
5.4686327,6.0
5.3653755,6.1
5.4589553,5.7
5.4417458,3.5
5.399142,4.5
5.4299345,6.5
5.374327,4.8
5.3615108,6.6
5.352934,6.1
6.879743,6.8
5.404441,5.0
5.410716,3.5
5.395963,5.7
5.462842,5.0
5.3672748,5.7
5.3845787,6.0
5.3897815,5.8
5.3720665,5.8
5.3908668,6.2
5.368645,6.2
5.409047,4.0
5.4059024,4.5
7.0197783,6.5
5.4148684,3.5
5.377125,5.8
5.408842,5.7
5.409434,4.8
5.423689,4.8
5.452731,4.5
5.3937426,4.0
5.390892,6.6
5.391501,6.6
5.372161,4.8
5.4585347,5.8
5.4579067,4.5
5.3801627,6.0
5.416003,6.1
5.3625135,4.5
5.332921,6.0
5.395734,6.2
5.3959293,6.5
5.3825407,4.8
5.3928814,5.8
5.4258766,6.5
5.380322,5.7
5.391109,5.0
5.3824506,6.0
5.390137,6.1
5.4088106,4.5
5.35189,5.0
5.345779,6.5
5.423018,6.5
5.417885,3.5
5.427365,6.6
5.3998294,5.7
5.364877,6.2
6.980007,5.8
5.394397,6.1
5.4032707,4.5
5.3209257,6.6
5.340206,4.5
5.375966,5.7
5.4933324,6.6
5.4325223,6.5
5.3146896,4.8
5.4463973,5.7
5.3782196,4.8
5.3446035,5.7
5.4008784,3.5
5.4191995,6.0
5.44228,6.2
5.3415976,5.8
5.462426,4.0
5.3514056,5.7
5.3341694,4.5
5.3891087,4.8
5.3862624,4.5
5.4253097,4.0
5.374952,6.2
5.454273,4.8
5.4320774,6.6
5.4072065,4.5
5.374794,6.2
5.3335037,5.0
5.407926,6.6
5.369645,3.5
6.9233346,6.6
5.4017506,6.6
5.3742747,5.8
5.4171615,5.7
5.3850927,6.0
6.8910737,8.8
5.406348,4.5
5.3817906,4.5
5.4036393,4.0
5.3584404,6.6
5.402413,6.0
5.404857,5.0
5.397796,6.2
5.414879,6.6
6.938479,8.2
5.4686413,5.7
5.405251,6.6
5.3736258,4.0
5.30567,3.5
6.884644,5.7
5.380587,6.2
5.3789544,4.0
6.9197435,7.5
5.414073,5.7
5.419771,6.1
6.8569365,6.5
5.3773775,4.0
6.8633065,5.7
5.4686413,6.0
5.37436,6.5
5.3837385,5.8
5.381184,6.5
5.4354606,5.0
5.678689,5.7
5.382381,6.0
5.379412,6.2
5.348033,6.5
5.3347554,3.5
5.3391395,4.8
5.3683443,6.5
5.463062,5.0
5.489374,4.5
5.3579855,4.0
5.366456,5.8
5.3911343,6.1
5.4441895,3.5
6.9338245,7.5
5.49434,3.5
5.382209,5.0
5.3974085,5.0
5.3916197,6.6
5.379896,6.5
5.383336,5.0
5.393615,6.6
5.4065194,4.8
5.46132,6.2
6.943963,6.1
5.3537855,5.7
5.344071,5.7
5.39625,6.1
5.382619,5.0
5.43871,5.7
5.4401517,4.8
5.3744926,6.6
5.3632445,3.5
5.3742795,6.0
5.4005,6.1
6.936258,7.0
5.4046774,3.5
5.4067492,4.0
6.9816694,5.7
5.381997,6.2
5.3761024,6.2
5.4328804,5.8
6.9729066,5.8
5.480305,5.0
5.401448,6.0
5.4007196,6.0
5.3922553,4.0
7.10561,6.2
5.3190804,6.0
5.429552,4.0
5.415536,6.6
5.4073105,5.8
5.387493,6.1
5.363378,6.6
6.891981,5.7
5.430899,5.0
5.3547897,4.8
5.4680166,3.5
5.4036326,6.0
5.413503,6.0
5.38686,6.6
5.40699,6.5
5.3216343,4.5
5.399092,3.5
5.4781756,3.5
5.3624315,6.2
5.3686748,5.0
5.453971,4.0
6.9759884,6.6
5.4013004,3.5
5.360353,5.8
5.3871384,6.0
5.428725,5.0
5.4641604,6.6
5.424417,4.0
5.3775377,6.2
5.3886037,6.5
5.3398542,3.5
5.418379,5.7
5.341109,6.5
5.3915114,6.1
5.3833075,5.8
5.3686748,6.6
5.3810234,6.0
5.3941355,4.5
5.3507185,6.5
5.37326,6.5
5.451244,6.2
5.484175,4.8
6.9763575,6.5
5.4150405,3.5
5.4353642,6.0
5.4234037,6.1
5.4246807,5.7
5.426711,6.2
5.42665,6.0
5.410172,5.7
5.3353043,4.8
5.3720746,4.5
5.402559,4.5
5.33701,5.0
5.369922,6.0
5.4290104,3.5
6.888367,5.7
5.4470987,3.5
5.3307586,5.0
5.315184,5.8
5.3911123,6.6
5.3334036,5.8
5.375519,6.5
5.3512783,4.8
5.4949126,5.7
5.405107,6.5
5.3873954,6.1
5.3733335,4.0
5.3822317,6.1
5.433359,6.1
5.431544,6.6
5.4199224,4.8
5.4051843,6.2
5.447652,5.0
5.3671293,5.0
5.3665156,6.2
5.408844,4.5
5.430459,4.0
5.46856,6.2
5.327774,4.8
5.38846,4.5
5.3861213,5.7
5.4471316,4.5
5.3623514,6.2
5.3789544,3.5
5.3867383,6.2
5.4335494,4.5
5.397826,4.5
5.4223466,6.0
6.9516225,6.2
5.373156,6.1
5.38131,6.0
5.3922796,6.2
5.356039,3.5
5.416421,3.5
5.4038057,6.1
5.4007187,6.1
5.4147134,5.7
5.4273186,5.8
5.393005,6.0
5.389734,5.0
6.930295,9.0
6.9263735,6.1
6.8565207,5.8
5.436578,5.7
5.385686,6.2
5.471633,6.5
5.3607035,4.8
5.335949,4.0
5.4313107,6.2
6.9518504,6.0
5.3820996,6.6
5.383548,4.0
5.3914156,4.5
5.4353642,4.5
5.426575,5.7
5.428285,4.0
5.401722,6.6
5.3867235,6.1
5.4299273,6.6
5.355973,5.8
5.364659,6.1
5.439578,3.5
5.452742,4.5
5.3908067,5.7
5.4017115,3.5
5.40318,6.6
5.3620896,6.2
5.3666058,3.5
5.444506,3.5
5.4302206,6.0
5.4159513,6.2
5.427949,6.0
5.399274,5.8
5.4050403,4.8
5.431968,5.0
5.420733,4.8
5.402413,4.5
5.3846493,5.7
6.9388065,6.0
5.3941045,5.7
5.4131465,5.0
5.3774724,6.5
6.892268,5.8
5.389801,5.0
5.412814,6.0
7.089271,9.0
5.3552895,4.8
7.0457687,6.0
5.4714637,6.1
5.420158,3.5
5.3846445,4.8
5.4129257,3.5
5.289573,3.5
5.3845725,5.8
5.3172407,5.7
5.4530983,5.0
5.3766823,4.5
5.3766613,4.8
5.422428,3.5
6.8760056,7.5
5.4462757,6.2
5.3692884,6.2
5.258042,5.8
5.363413,4.8
5.4148645,3.5
5.433253,5.8
5.45061,6.6
6.926584,5.7
5.4265285,4.0
5.3367243,4.5
5.530173,5.8
6.873268,6.2
5.4064693,6.6
5.420797,6.0
5.371422,5.7
5.3969116,5.0
5.4060044,6.6
5.442896,4.0
5.366615,5.7
5.3756995,4.0
5.4118347,5.7
5.3368077,5.7
5.4213123,6.2
5.40911,4.5
5.3816624,6.6
5.407258,6.1
5.3808675,6.6
5.5765233,5.0
5.435415,4.8
5.404288,4.0
5.3961034,6.2
5.462701,4.5
5.3671293,6.1
5.3623476,6.1
5.374952,5.8
5.411824,4.8
6.8812175,9.0
5.421999,6.2
5.4536796,6.2
5.4067073,5.7
5.4471765,5.8
5.452952,6.6
5.414999,6.6
5.432454,6.6
5.3944335,4.0
5.3511,6.5
5.3677225,5.0
5.3701935,4.5
5.3727994,5.8
5.3541665,3.5
5.403342,4.8
5.393057,6.6
5.398999,6.2
5.3656683,4.5
5.3757763,4.8
5.3649354,4.5
6.8547277,7.5
5.4214687,5.0
5.3702574,5.0
5.396227,4.0
5.4301314,3.5
5.3626466,6.0
5.430133,5.8
5.4138365,6.0
6.9059067,7.0
5.399026,3.5
5.3801174,6.5
5.439165,6.2
5.28903,5.7
5.3631697,6.1
6.9336734,6.8
6.831118,6.8
5.4134154,4.0
5.4314556,6.5
5.4334607,6.6
5.416661,5.8
5.3480515,3.5
5.4033275,5.0
5.3821173,3.5
5.4167256,6.2
5.5021267,4.0
5.443977,4.8
5.46001,6.2
5.334905,5.0
5.3909397,6.1
5.3814225,4.5
5.43828,5.8
6.905973,6.2
5.4778337,6.1
5.3541512,4.5
6.9213977,6.0
5.4268036,5.8
5.3368096,4.5
5.3853054,6.5
5.3864965,6.1
7.12103,5.8
5.469757,5.8
7.0114846,6.1
5.399493,6.1
5.3911104,6.6
5.390287,6.5
5.2852945,6.1
5.3137827,6.6
5.424716,5.8
5.403229,6.2
6.966234,7.5
5.38596,5.7
5.411655,6.5
5.418996,5.8
5.4028783,6.1
5.4308434,3.5
5.3613677,4.8
5.421006,6.1
5.3652086,6.5
5.43233,6.1
5.336636,4.0
5.387958,4.5
5.436651,4.5
5.414185,4.0
5.396623,4.8
6.960734,8.8
5.413837,5.8
5.391807,5.0
6.9094067,6.5
5.4408183,6.6
5.391688,4.0
7.0779104,9.0
5.3224254,4.0
5.4048834,6.1
5.439316,5.7
5.3533945,6.6
5.431965,6.2
5.485294,6.2
5.4914575,5.0
5.4149823,6.0
5.4386206,5.7
5.3825355,6.0
5.4083047,4.5
6.880939,6.8
5.36782,4.8
5.3888807,6.2
5.3891087,6.6
5.435245,3.5
5.393096,6.5
5.4099336,6.0
5.431729,5.0
5.4067845,4.8
6.9043217,6.6
5.3833823,3.5
5.40832,3.5
5.4140277,5.8
5.373522,6.6
5.4256506,4.0
5.3966126,6.0
5.3916736,5.0
5.4920216,6.0
5.3535376,3.5
5.399103,6.2
5.4013877,6.5
5.4147177,6.0
5.368729,3.5
5.425379,4.5
5.348986,6.5
5.3426914,5.8
5.4044814,5.0
5.3775444,3.5
5.428939,6.5
5.4222627,6.5
5.409168,6.6
5.500597,6.5
5.3895535,6.1
5.341961,4.5
5.454746,4.0
6.9649863,6.6
5.4099565,5.7
5.4247932,3.5
5.42172,5.0
5.4594374,6.2
5.41943,6.0
5.4978237,5.0
5.340946,3.5
5.363044,3.5
5.4642434,6.5
5.4136834,3.5
5.3749475,5.8
5.387756,6.1
5.393184,6.1
5.415305,6.2
5.468941,4.0
5.4489694,5.7
5.428374,5.8
5.382324,4.0
5.3669086,6.0
5.33708,5.8
5.4235706,3.5
5.4599547,5.8
5.359279,4.5
5.4193745,4.8
5.538852,5.8
6.82472,6.0
6.889011,6.8
5.494777,6.2
5.3966246,5.0
5.445397,6.2
5.365254,6.6
5.524155,6.1
5.3641458,4.5
5.355338,6.6
6.8619995,5.8
5.3714557,4.0
5.420872,5.8
5.3697176,4.8
5.3355737,4.5
5.3617005,5.8
5.4140735,6.5
5.393363,6.2
5.375813,5.0
5.418298,6.2
5.4374657,4.0
5.390629,4.5
5.368375,4.5
5.4172835,5.8
5.3535047,6.5
5.3923655,6.1
5.3753552,6.5
5.395996,6.2
5.377584,5.7
5.291986,6.2
5.3920536,5.0
5.3492002,3.5
5.325879,5.8
5.407648,6.2
5.3548956,6.0
5.3955297,6.6
5.398904,6.5
5.4463954,4.5
5.3891087,6.6
5.4116364,6.5
5.3621736,6.0
5.415462,5.7
5.3978987,4.0
5.3803763,5.7
5.389369,5.8
5.3974743,5.0
5.419824,6.1
5.464738,5.0
5.411228,5.8
5.3535213,6.2
5.3989863,5.7
5.363819,6.1
5.396379,3.5
5.3925214,5.0
5.3439717,6.2
5.3826084,6.5
5.412814,5.8
5.4056215,4.5
5.40145,6.6
5.3802414,4.5
5.409715,5.0
5.3579755,5.7
5.423619,3.5
5.439995,6.1
5.3749194,6.6
5.3468723,6.6
5.4487085,5.7
5.4504957,4.0
5.396579,6.1
5.3725376,5.8
5.414912,6.1
5.4240775,4.5
5.3156343,6.5
6.8602495,8.8
5.3809013,5.0
5.37781,4.5
5.4865494,4.0
5.452075,4.8
5.352609,4.5
5.447659,4.8
5.4566,3.5
5.413101,5.7
5.3707967,6.0
5.403509,5.8
5.3507185,6.0
5.3830104,5.8
5.416541,6.1
5.3979554,5.0
5.3640704,5.0
5.419614,6.1
5.4164114,6.0
5.458211,6.2
5.432034,6.6
5.4399977,4.8
5.4278555,4.5
5.4077086,4.5
5.414407,5.8
5.4026346,5.8
5.39567,6.2
5.356579,5.0
5.4299555,5.0
5.3124585,6.0
5.422043,4.0
5.4660506,5.0
5.449683,5.7
5.405887,5.8
6.9303145,6.8
5.382046,4.0
6.8759108,8.8
5.3684387,6.2
5.4771247,4.5
5.4055924,3.5
5.4194994,4.8
5.393391,4.5
5.389029,4.8
5.409496,5.8
5.3361,6.2
5.378034,6.1
5.391737,5.7
5.510272,4.0
5.3727145,6.0
5.4304,3.5
5.338455,5.0
5.4175534,4.8
5.396206,6.6
5.536882,6.0
5.446624,3.5
5.3902917,4.5
5.394115,5.8
7.062268,5.8
5.3724265,4.0
5.424219,6.0
5.4012375,4.0
5.4973965,4.5
6.9844317,8.2
6.940396,6.8
5.411991,6.5
5.3493915,6.5
6.9679685,8.2
5.36599,6.5
5.439797,6.0
5.409484,6.0
5.351725,5.8
7.0025544,7.5
5.135379,4.0
5.391115,6.5
5.3694863,6.2
5.4544044,3.5
5.4883842,5.0
5.5096,5.7
5.431177,6.2
5.4323845,5.7
5.4136853,5.8
5.345067,5.7
5.4376316,6.5
5.394219,6.2
5.3410635,6.1
5.3804703,3.5
5.3920736,6.0
5.4064693,3.5
5.4736967,6.0
5.458277,4.8
5.3720455,6.5
5.3708115,3.5
5.3486633,4.8
5.3713717,6.0
5.368761,5.0
5.364462,6.1
5.3915334,6.0
5.437725,4.0
5.374343,5.8
5.4142613,5.7
6.9395285,6.0
5.3877754,3.5
7.181692,8.8
5.4325347,4.5
5.405035,4.5
5.379301,4.5
6.7717476,5.8
5.425375,6.6
5.3503165,4.0
5.397751,5.7
5.396366,6.6
5.4127502,6.0
5.4566965,6.6
5.388145,6.2
5.3775992,3.5
5.398821,6.5
5.430185,5.7
5.4360385,4.0
5.3857174,6.1
5.410238,5.0
5.3789773,6.2
5.4000716,4.5
6.962183,8.2
5.4088464,5.7
5.360187,6.2
6.8565254,6.8
5.4835577,5.8
5.3911343,6.2
5.419403,4.8
6.939421,6.0
5.4140377,4.0
5.38398,6.1
5.426972,5.8
5.4300556,6.0
5.3993015,5.0
5.3482037,3.5
5.4027967,6.6
5.3850684,6.6
5.3847513,5.0
5.402078,6.0
5.5025163,3.5
5.3727255,5.0
5.3930926,6.6
5.3967314,6.1
5.362738,5.8
5.411541,4.5
5.363714,4.8
5.3458247,5.7
5.425545,5.7
5.3729887,6.0
5.446135,3.5
5.357142,4.0
5.4344416,4.8
5.417858,5.0
5.411225,6.2
5.386917,6.2
5.415758,3.5
5.4167104,6.1
5.3744655,6.1
5.4616275,6.5
5.4013104,6.6
5.4193873,6.0
6.9294844,6.0
5.383935,6.6
5.4648457,5.8
5.378903,5.0
6.9991674,6.5
5.4401765,4.8
5.440038,5.0
5.3711443,4.5
5.3569255,5.0
5.37926,5.7
5.4174166,5.8
5.441959,6.6
5.382401,4.0
5.4942684,5.0
5.402737,3.5
5.3784366,3.5
5.3735943,5.0
5.430819,6.5
5.407524,6.0
5.3709598,6.5
5.505731,6.1
5.3557773,4.8
5.472294,5.8
5.399261,5.7
5.399304,4.8
5.431743,5.7
5.4113297,5.0
5.4616275,4.8
5.4049788,4.0
5.3701763,3.5
5.4282246,4.5
5.3855853,6.2
5.4318113,6.2
5.4022474,6.2
5.521288,6.1
5.268715,4.5
5.2907104,6.5
5.331298,6.0
5.409107,4.0
5.5259295,6.2
5.3894672,5.7
5.388816,4.8
5.410971,6.2
5.3349323,6.2
5.4639087,3.5
5.371309,5.7
5.4145045,4.0
5.4218187,5.0
5.4846745,4.5
5.386554,4.5
5.380928,4.8
5.318385,4.8
5.424203,5.0
5.4107,5.7
5.4270453,6.5
5.3736963,4.8
5.4362545,6.0
5.3980145,5.8
5.370555,6.0
5.4594393,6.0
6.8770514,7.0
5.3334017,3.5
5.3659587,4.5
5.369762,6.6
5.396271,6.6
5.3430996,4.8
5.389375,6.0
5.294119,5.8
5.427443,5.0
5.31955,4.0
5.419972,5.8
5.3992953,4.0
5.3599787,4.5
5.4158263,6.6
5.4070144,4.0
5.3970675,4.5
5.3914146,4.8
5.386698,5.0
5.4674296,3.5
5.400857,6.2
5.3626933,6.2
5.382896,5.8
5.3994393,4.5
5.4227076,6.1
5.4475837,4.5
5.42133,6.1
5.3988156,4.0
5.3369775,4.5
5.454955,6.1
6.944412,6.2
5.406062,6.5
6.9960403,8.2
5.333314,5.7
5.479241,6.1
5.4114923,5.7
5.38988,4.5
7.026395,6.8
5.3956966,4.8
5.3930106,6.6
5.4095283,6.1
5.3968635,6.5
5.386298,5.0
5.361111,5.0
5.4258537,4.8
5.3164926,6.0
5.396693,4.0
5.468243,5.0
5.35281,6.2
5.363214,6.5
5.420403,5.7
5.3558855,4.0
5.33176,4.5
6.9554653,7.5
5.345646,6.6
5.3711553,4.5
5.483267,6.5
5.437651,6.1
6.924817,5.7
5.3152633,4.0
5.429537,4.0
5.475363,4.0
5.3675203,4.8
5.4469333,5.8
5.425139,5.8
5.380614,6.5
5.427107,6.6
5.406245,4.0
5.387064,3.5
5.331206,5.0
5.397534,6.5
6.9437575,6.0
5.3946624,6.6
6.8968077,5.7
5.439217,4.8
5.42397,5.7
5.393125,6.0
5.4029236,4.8
5.375081,5.0
5.4595885,5.8
5.3623857,5.8
5.395197,5.0
5.4570427,5.0
5.3739343,4.8
6.894431,6.5
5.4105763,6.5
5.365513,4.0
5.441725,4.5
5.437027,5.8
5.3886395,4.0
5.4881153,6.6
5.4055758,4.5
5.4339147,6.0
5.3804398,6.0
5.4051027,5.7
5.3880043,6.1
5.374557,6.1
5.4865494,5.7
5.387449,6.6
5.3780103,5.7
5.3862624,6.0
5.416473,6.0
6.8746204,5.8
5.42542,5.7
5.3667803,6.1
5.372436,6.6
5.405288,5.7
5.357738,6.5
5.4102106,6.5
5.3812995,6.2
5.391314,6.1
5.3952036,6.1
5.4115415,4.0
5.3250756,5.7
5.399864,4.0
5.423164,6.1
5.376709,6.1
5.402143,5.7
5.46465,6.5
5.421911,6.5
5.4176044,5.0
5.4700017,6.5
5.4380403,6.6
6.9743104,5.8
5.382702,6.5
5.4102454,4.5
5.354131,4.8
5.2781563,6.1
5.4182825,5.8
5.3937345,5.0
5.406103,6.6
5.4309087,4.8
5.4407277,6.6
5.4137177,6.5
5.352193,6.6
7.033668,9.0
5.459866,5.0
5.39696,6.1
5.447569,5.8
7.0036244,7.5
5.4329276,6.6
5.3849626,4.5
5.48703,5.8
5.4015527,3.5
5.3594017,6.5
5.4138675,6.6
5.3599463,6.5
5.402242,4.5
5.419021,5.7
6.9077587,6.2
5.5186963,6.0
5.524865,4.5
5.381854,5.8
5.36411,4.0
5.388031,6.0
5.4110556,6.2
5.403743,5.0
5.420609,6.5
5.351187,6.6
5.409418,5.0
5.4497986,4.8
5.4051,4.8
5.4009137,5.0
5.375976,4.5
7.0450783,6.2
5.3640637,4.5
5.4016533,6.0
5.355132,6.2
5.278871,4.8
5.4339676,3.5
7.022979,5.8
5.456221,6.2
5.404518,4.5
5.4002547,5.0
5.4097385,5.8
5.4006066,6.2
5.4347153,4.8
6.926219,6.8
5.3852353,5.7
5.3488045,6.0
5.437021,4.8
5.37811,4.0
5.3668385,5.0
5.2730303,6.1
7.0910587,6.6
5.3969064,6.5
5.464862,4.5
5.4134116,4.0
5.4008856,5.0
5.436836,6.1
5.4051266,6.2
5.3873553,3.5
5.3805566,3.5
5.349009,6.5
5.380295,4.5
5.3837137,3.5
5.368308,4.8
6.844551,7.5
5.4422693,6.1
5.3936415,5.8
5.4380136,6.5
5.3888974,6.0
5.4328365,5.7
7.072475,5.7
5.39673,4.8
5.4133368,5.7
5.373525,6.2
5.399925,4.0
5.36928,6.6
5.434205,5.7
5.355818,4.0
6.952489,7.0
5.497524,5.7
5.4307942,4.5
5.4046817,5.7
5.4352245,6.6
5.369549,6.1
5.432996,3.5
5.4383616,5.8
5.459572,5.7
5.4163647,5.0
5.361307,6.5
5.414486,6.1
5.4128237,4.8
5.412284,4.8
5.2792587,4.0
5.420342,6.0
5.425855,4.0
5.405933,6.5
5.430459,4.8
5.443081,6.2
5.447107,6.5
5.3948793,3.5
5.427123,4.5
5.393641,6.0
5.372262,3.5
5.4124765,5.8
5.4234266,5.0
5.370552,6.0
5.3932524,4.5
5.388506,6.6
5.4052176,6.0
5.370906,6.1
5.4391336,5.0
5.426268,4.5
5.390552,6.1
5.4666686,3.5
5.340741,6.1
5.439861,5.8
5.3944373,6.6
5.416934,6.6
5.4035287,6.6
5.422936,6.6
5.3965383,6.6
5.3472004,6.6
5.383904,5.0
5.4304495,4.8
5.4107037,6.6
5.4324756,5.0
5.330702,5.7
5.3640237,6.5
5.398529,4.8
5.3390837,4.5
5.414033,4.5
5.4270196,5.0
5.439165,3.5
5.4564004,5.0
5.3449283,5.7
5.3831825,5.7
5.3869076,5.8
5.422955,6.2
5.336563,4.8
5.4356833,6.0
5.276046,6.1
5.3763328,3.5
5.3831286,6.2
5.4168396,4.0
5.4018526,6.5
5.426192,5.8
5.3930025,4.5
5.3193965,4.5
5.316069,6.1
5.4177547,6.2
5.386835,4.0
5.4052176,6.2
5.4343915,5.8
5.3979235,3.5
5.3781633,5.0
5.380902,5.0
5.4879313,5.0
5.380223,4.8
5.3551316,6.1
5.3514056,4.0
5.420752,6.6
5.32158,3.5
5.451456,5.7
5.395895,5.0
5.3923984,6.6
5.422428,6.1
5.413146,4.0
5.4427223,6.1
5.3164,6.2
5.4234176,6.2
5.3709693,4.0
5.3859944,6.1
6.9841356,9.0
5.434026,5.8
5.3831067,5.7
5.368436,4.8
5.336827,6.6
5.4118576,5.8
5.409707,3.5
5.302708,4.8
5.414519,6.0
5.483844,6.6
5.3956165,4.8
5.398806,6.0
5.397762,5.8
5.376145,4.8
5.391913,4.8
5.408691,6.1
5.4001484,6.2
5.4096127,5.0
5.3363643,5.8
5.421815,4.8
5.4290457,4.0
5.435839,3.5
5.477943,6.6
5.42827,6.0
5.3875318,4.8
5.4300094,4.8
5.390269,5.8
6.8301563,6.6
5.49573,5.8
5.433365,4.0
5.4270077,6.5
6.9174366,6.2
6.9177504,6.6
5.416236,3.5
5.4273973,5.7
5.3961663,3.5
5.4165325,6.5
5.446899,4.8
5.3502617,4.8
6.818561,8.2
5.375761,5.0
5.428149,5.8
5.3749776,3.5
5.3704267,6.2
5.352141,4.5
5.424163,5.8
5.4123206,4.8
5.4312143,5.0
5.427371,6.6
5.4222817,6.5
5.3747454,4.5
5.34809,6.6
5.4092374,5.7
5.3929596,6.2
5.3253593,5.0
5.453172,6.2
5.4234805,5.0
5.4132295,3.5
5.3915257,5.7
5.4221015,5.8
5.446462,5.7
5.374005,5.8
5.430094,4.5
5.385117,6.6
5.3929415,6.6
5.387252,3.5
5.427815,6.5
5.4540997,5.7
5.403435,6.2
5.399517,4.0
6.889063,6.6
5.3943977,4.5
5.417838,6.1
5.3822536,4.0
5.390784,4.0
6.8433995,9.0
5.418856,5.0
5.402703,5.7
5.451816,6.1
5.3097806,5.7
5.4027686,6.0
6.7131515,9.0
5.3945785,4.8
6.8812175,6.5
5.425139,6.2
5.515576,6.2
5.4206624,5.7
5.404196,3.5
5.3752503,3.5
5.42178,6.5
5.37651,4.0
5.4153366,4.8
5.4125304,6.6
5.4315557,5.8
5.3722463,6.2
5.326046,5.7
5.4227266,6.6
5.330791,6.0
5.338315,6.5
5.3770194,6.0
5.4248357,6.6
5.3143134,4.5
5.3930926,5.0
5.4091206,6.6
5.368533,5.8
5.4753094,6.6
5.410307,6.6
5.3121095,4.5
5.436937,6.0
5.402317,3.5
5.32237,6.1
5.4465036,3.5
5.3872724,4.0
5.373797,5.8
7.121537,8.2
5.444934,6.1
5.378034,4.0
5.380042,6.2
5.415462,6.0
5.470573,4.8
5.416289,6.6
5.3754005,4.0
5.4303617,5.8
5.411136,3.5
5.4084873,4.8
5.428089,6.5
5.4375057,5.7
6.9054737,6.0
5.3338637,6.5
5.397706,3.5
5.2774944,4.0
5.424199,6.1
5.3709598,5.0
5.4092836,5.8
5.389477,6.0
5.426767,6.5
5.414052,5.0
5.385264,6.1
5.3543196,4.0
5.3747973,4.5
5.3958716,6.5
6.9317594,6.2
5.3807545,6.5
5.417631,6.2
5.4544773,5.7
5.4128113,4.5
5.4584045,6.0
5.487934,6.5
5.406038,4.0
6.812047,5.8
5.4050384,4.0
5.3678026,4.8
6.941871,5.7
6.8636723,5.7
5.4087505,5.0
5.402961,4.8
5.358779,6.2
5.3966427,6.5
5.3801637,5.0
5.378415,6.2
6.764038,6.2
5.372811,5.0
5.421853,5.8
5.4447637,4.8
5.4382296,4.0
5.510539,4.5
5.4486074,5.0
5.406033,3.5
5.4037986,4.5
5.393197,6.2
5.407084,6.5
5.439627,6.5
5.3674855,4.5
5.389602,6.0
5.409417,4.0
5.3549542,3.5
5.415629,5.8
5.4030843,5.8
5.4043403,4.8
5.3782125,5.7
5.42132,4.5
5.380809,5.0
5.4228573,5.0
5.4009275,5.0
5.429484,4.0
5.3563766,4.8
5.4184732,6.6
5.3549337,6.6
6.8692183,7.0
5.378897,4.0
5.389375,6.2
5.3990273,4.8
5.405864,6.6
5.3085585,4.8
5.414925,4.0
6.949533,7.0
5.291226,6.6
5.4428706,5.7
5.3889837,3.5
5.4160843,5.8
5.353073,4.0
5.296731,6.2
5.3521895,4.8
5.4341083,6.5
5.415343,6.1
5.3636074,4.0
5.460746,6.6
5.4257,3.5
5.4116273,6.2
5.4043217,3.5
5.398488,4.8
5.3949957,4.0
5.376352,6.1
6.965967,6.6
5.3829675,6.0
5.390291,4.0
5.356901,5.0
5.411104,6.5
5.4310064,6.1
5.383248,6.6
5.387717,4.8
5.309939,4.5
5.4118066,4.5
5.414965,4.8
5.4039617,6.6
5.3906517,5.8
6.9388437,5.8
5.4201555,6.2
5.390351,4.0
5.381221,6.1
5.5284853,3.5
6.9560347,8.8
5.3640165,4.5
5.3972855,3.5
5.4638286,3.5
5.3996787,5.0
5.468912,6.1
5.392227,6.1
5.3956523,6.0
5.359849,3.5
5.41029,3.5
5.3970213,4.8
5.431177,4.5
5.3811426,6.6
5.3552637,5.8
5.530651,3.5
5.333123,6.6
5.3694835,6.5
5.4035325,5.7
5.4348764,3.5
5.4297857,4.0
7.019705,5.7
6.9270067,5.8
5.393959,4.5
5.327641,6.6
5.440121,4.8
5.4678116,6.2
5.400156,5.7
5.4075284,6.2
5.396688,6.0
5.3501034,6.0
5.2768893,6.5
5.468731,3.5
7.0247416,6.8
6.900684,5.7
5.4346385,5.7
5.372354,6.1
5.4396453,6.0
5.4081955,4.0
5.370884,5.7
6.9118958,5.8
5.39387,6.1
5.367419,4.8
7.030529,7.5
5.3815126,6.6
5.4255295,5.0
5.443711,6.1
5.403016,6.6
5.405804,5.8
5.4459205,4.0
5.437597,4.8
5.380322,6.6
5.4395156,6.1
5.4550138,5.7
5.447892,5.8
5.3564005,5.7
5.3796296,4.8
5.3884306,5.0
5.406282,4.0
5.4381266,4.8
5.4428706,6.2
5.404839,6.5
5.322762,6.5
5.3613567,5.7
5.468564,4.8
5.3735805,4.5
5.4076295,5.8
5.4307137,4.5
5.503391,5.8
5.415861,3.5
5.385014,6.5
5.3681602,4.5
5.3998694,4.0
5.452904,4.5
5.44865,6.5
5.4151196,4.8
5.3683777,6.6
5.3819513,6.0
5.407954,6.6
6.963768,6.2
5.3801703,6.0
5.451458,5.7
6.8688207,8.2
5.432609,6.1
5.3754244,5.0
5.451534,4.0
5.395876,6.6
5.4214425,6.2
6.969903,7.0
5.403172,6.2
5.374529,4.8
5.3452153,5.7
5.3759794,4.0
5.3847413,5.0
5.3988466,5.0
5.338257,6.0
5.4744396,6.6
5.33857,4.8
5.4180775,3.5
5.4449954,5.8
6.8967137,5.8
5.3559623,4.5
5.413411,6.5
5.3199506,6.2
5.4425597,4.8
5.3923097,5.7
5.3998256,5.8
5.4292903,4.0
6.855873,6.5
5.442756,5.8
7.010411,7.5
5.38822,4.0
5.450018,4.8
5.381065,6.1
5.4319754,6.1
5.3947487,6.1
6.9896116,6.1
6.9207535,6.1
5.376608,6.5
6.9323416,6.5
5.3447914,5.8
5.3327317,6.5
6.9592733,8.2
5.401749,5.0
6.8895483,6.0
5.3975368,6.5
5.436367,5.0
5.411889,5.7
5.401704,5.0
5.356269,4.8
5.415299,3.5
5.406348,4.0
5.4254675,5.7
5.325169,6.6
5.3925424,5.7
5.456545,5.8
6.9266043,6.8
6.9450583,5.7
5.4025984,5.0
5.394951,4.5
5.379552,6.2
5.4672503,4.8
7.015111,6.6
5.3909664,4.5
5.3420124,6.6
5.366573,4.8
5.352943,4.0
5.399803,5.8
5.4387703,5.7
5.39234,4.8
5.429724,6.5
5.4511566,5.7
5.347542,6.1
6.874972,8.8
5.416353,6.2
5.4379992,6.2
5.4093,6.1
5.407894,6.5
6.9106026,6.8
5.4280195,6.6
5.4182825,6.5
6.903884,6.1
5.4010663,4.0
5.4482636,6.5
5.3723063,6.0
5.4350863,5.7
5.4026165,4.8
5.5852585,4.0
5.375488,4.0
5.34396,3.5
6.8717303,6.6
5.361764,5.8
5.371641,6.2
5.4736834,4.8
5.4242883,5.7
5.4140635,5.0
5.4004035,6.6
5.342907,6.5
5.431469,6.2
5.4177723,6.6
5.390741,5.0
5.414236,5.8
5.42361,6.5
5.3783956,5.7
5.473845,5.0
7.0627246,5.8
5.3586073,5.7
5.4637876,4.0
5.4192257,3.5
5.386801,6.5
5.494777,6.6
5.4202003,6.6
5.450484,4.0
5.324267,5.8
5.3793445,4.8
5.3775444,5.0
5.4126663,4.0
5.4038343,6.2
5.378583,6.0
5.3865986,4.0
5.410564,5.0
5.4326105,3.5
5.4455795,4.8
5.450652,4.0
5.3865194,5.0
5.420552,6.1
5.352104,5.7
5.4088964,6.0
5.424776,6.2
5.3806357,4.0
5.4454885,5.7
5.4428706,5.7
5.4165244,5.8
5.386471,6.0
5.45166,4.5
5.4420185,4.0
5.3989763,6.6
5.4137325,6.5
5.3591866,6.0
6.9554033,7.5
5.4817476,6.1
5.40558,6.6
5.45794,5.7
5.4423475,6.5
6.8750777,6.0
5.347692,6.2
5.4414334,6.0
5.430775,5.8
5.410751,5.7
5.385529,4.0
5.4316773,4.8
5.419073,4.8
5.392414,5.7
5.4079576,5.8
5.390315,4.0
5.3640265,5.7
5.381705,3.5
5.4138756,4.0
5.4487705,4.0
5.3612614,6.6
6.9372673,5.8
5.414665,5.8
5.4955754,4.0
5.382702,6.2
6.876458,6.6
5.372859,5.7
5.3731937,5.0
5.4320035,5.8
5.39836,5.8
6.8666615,6.8
5.402516,5.0
5.509982,4.8
5.350651,5.7
5.403861,6.0
5.3545756,6.1
5.3681636,6.0
5.3032427,3.5
5.3444815,6.5
5.368489,3.5
5.4134083,4.0
5.292114,6.5
5.388032,6.2
5.4004397,6.5
7.0273147,6.6
5.381118,5.7
5.3796115,6.5
5.617106,6.2
5.457414,6.1
5.423377,3.5
5.3779297,6.2
5.539299,6.2
5.4162054,4.0
5.4081364,6.1
5.3963027,5.7
5.40072,4.0
5.3707695,6.6
5.376001,6.6
7.065321,7.0
5.39241,6.0
5.414714,5.7
5.5145197,4.8
5.3837442,4.8
6.9460235,6.5
5.408605,4.8
5.4370995,4.0
5.4785733,4.5
5.381546,6.2
5.385963,6.2
5.3560047,6.1
5.4187274,6.5
5.3558855,5.8
5.428324,6.0
5.430775,4.5
5.4354324,6.6
5.4146695,4.0
5.3771834,5.8
5.2675743,4.5
5.3729706,6.2
5.3746977,5.0
5.481571,6.6
5.3238053,4.0
5.4207344,6.1
5.289097,3.5
5.449407,5.0
5.3475857,3.5
5.403591,4.0
5.398558,6.2
5.440167,4.5
5.352766,3.5
5.3701673,6.2
5.33825,3.5
5.4012985,4.0
5.399768,5.8
5.374699,4.8
5.4055247,4.8
5.3695107,5.7
6.767833,6.0
5.3866334,4.8
5.505969,5.0
5.4274898,6.0
5.4115415,6.1
5.408753,4.5
6.8953667,7.0
5.363934,6.0
5.3864303,3.5
5.436196,4.5
5.4242616,6.5
5.313838,3.5
5.3858356,6.6
6.896918,6.0
5.400959,4.8
5.394758,6.5
5.3575454,3.5
5.401978,5.0
5.4578304,5.7
5.4509125,6.2
5.384973,6.6
5.3696437,6.6
5.3875103,5.8
5.399306,5.0
5.385012,5.8
5.33081,4.5
5.325706,3.5
5.3977814,5.8
5.4973965,4.0
5.3754044,3.5
5.400895,5.8
7.057784,6.8
5.395193,6.6
5.3844934,6.1
5.3813877,5.0
5.3964148,6.5
5.412036,5.7
5.392067,5.7
5.4048047,5.7
5.4363117,4.5
5.42033,6.6
5.40172,5.7
5.397715,6.5
5.39576,4.8
5.391821,5.7
5.361429,5.8
5.3693814,4.5
5.393283,6.1
5.4922934,4.8
5.486825,4.5
5.3775697,4.5
5.37835,6.6
5.4030137,6.6
5.4126835,4.0
5.3956246,6.0
5.4264393,5.8
5.3554144,5.8
7.041051,8.8
5.425709,5.7
5.4340243,3.5
5.4109116,4.0
5.4142656,6.0
5.387408,3.5
5.423975,6.2
5.4326124,5.0
5.396101,3.5
5.393295,5.0
5.462508,3.5
5.3625455,4.8
5.4348493,5.8
5.419266,6.1
5.364757,6.5
5.3141375,4.0
5.3725214,4.8
5.399026,6.0
5.3988523,5.7
5.3500023,6.0
5.42796,5.8
5.3753004,6.5
5.4210186,4.5
5.314745,3.5
5.34988,6.1
5.424466,4.8
7.0201216,5.8
5.4021153,5.8
5.335789,6.5
5.375942,4.0
5.4023905,4.8
5.448703,6.1
5.4043226,6.0
5.370857,5.7
5.3921957,5.8
5.351724,5.7
5.369217,5.8
5.383067,4.5
5.43774,3.5
6.978749,6.2
5.344461,4.0
5.411228,5.8
5.4961987,5.0
5.4064755,5.0
5.4325466,5.8
5.2861814,4.8
5.337727,5.8
5.398369,4.8
5.508899,4.5
5.350051,4.8
5.417905,5.0
5.4157047,3.5
5.3949647,3.5
5.420731,6.2
5.4071803,4.0
5.396938,4.0
5.38661,6.0
5.4036326,4.0
5.356119,6.5
5.416337,5.0
5.434187,5.0
5.4003363,4.5
5.387815,5.0
5.406712,5.8
5.358844,4.0
5.337518,4.5
5.413993,4.0
5.437481,5.7
6.868751,8.8
5.371118,5.0
5.495687,6.5
5.428249,6.6
5.402921,4.5
5.3921776,5.0
5.424945,4.8
5.43584,6.1
5.390148,5.0
5.4337506,3.5
5.4137034,4.5
5.387454,6.2
5.4031873,6.1
6.8414125,6.5
5.379137,6.5
5.4321465,5.7
5.374872,5.7
6.860153,9.0
5.357146,4.5
5.395759,4.8
5.349327,6.0
5.3740044,6.1
6.9221773,6.1
5.451403,6.2
5.3676906,5.7
5.3957143,6.6
5.3325133,5.7
5.4040728,4.5
5.409484,6.1
5.430374,5.8
5.3613324,5.8
7.34812,7.0
5.4343514,6.5
5.441467,6.2
5.4787526,3.5
5.3336406,6.5
5.4346232,4.8
5.335721,4.5
5.4639087,6.1
5.4792542,4.5
5.4091377,4.8
5.381616,5.0
5.3976326,6.2
5.4155855,4.0
5.4501534,5.0
5.3316503,4.5
6.883607,7.5
5.322947,3.5
5.385924,6.6
5.445708,6.1
5.424063,6.1
5.41154,4.0
5.3514924,3.5
5.363011,6.1
6.974036,7.5
5.4140425,5.0
5.418578,6.6
5.4753222,6.0
5.4414554,5.8
5.410625,5.7
5.4375315,6.1
5.4290743,6.2
5.4070807,6.5
5.4092264,6.6
5.3901463,6.6
5.48055,4.0
6.912905,9.0
6.966845,6.1
5.487449,4.5
5.3835783,6.5
5.4871254,6.6
5.4736834,3.5
5.4198813,6.2
5.5353518,6.5
5.4437146,4.8
5.390857,6.2
5.411802,6.2
5.3787413,6.0
5.38981,6.5
5.4176416,4.8
5.4423227,5.7
5.2885966,4.0
5.470478,3.5
5.3777294,5.8
5.433859,6.1
5.3979745,6.1
5.408753,4.8
5.41536,4.5
5.409801,6.5
5.4228406,6.1
5.4355597,5.8
5.477943,4.5
5.406813,6.2
5.4128366,4.0
5.472279,4.8
5.437785,6.2
5.3846445,4.5
5.3616714,4.0
5.3734603,5.7
5.3356533,6.6
5.4692492,4.8
5.4376035,5.7
5.3948936,6.6
5.4199796,4.8
5.3353376,6.1
5.3320456,6.6
5.457435,6.2
5.4044313,5.8
5.4028974,4.5
5.4139185,6.1
5.454556,5.8
5.370281,6.2
6.899565,6.2
5.4120464,4.0
5.343975,6.2
5.408147,6.0
5.4723673,5.7
7.0279207,6.8
5.404899,6.6
5.3292522,6.1
5.3990374,6.0
5.372436,4.8
6.935094,8.2
5.387489,6.5
5.437261,6.0
5.423849,5.0
5.3705454,5.7
5.302629,6.1
5.4005575,5.0
5.3444138,6.0
5.405202,6.5
5.3798575,6.6
5.438166,4.8
5.4413824,5.0
5.3625364,4.5
5.3817377,6.5
5.386911,6.6
7.0185337,6.0
5.3975835,4.0
5.431971,5.0
5.344486,4.5
5.413503,4.8
5.430459,5.7
5.4103384,3.5
6.927132,6.0
5.4367037,5.0
6.8070583,6.1
5.477684,5.0
5.361499,6.2
5.402328,6.0
5.3827,5.0
5.374147,4.0
5.4071345,6.6
5.310835,5.0
5.4187436,6.1
5.408232,3.5
5.4397945,6.1
5.3761067,4.0
6.9409447,7.5
5.3229494,5.0
5.4214425,4.5
5.4081273,5.7
5.3975554,6.6
5.3861103,6.0
5.3410635,4.0
6.887495,6.2
5.418463,3.5
5.3935432,4.8
5.373541,6.1
5.5135136,4.0
5.3686676,4.8
5.344423,4.8
5.3922615,6.6
5.4282985,4.0
5.4019976,3.5
5.4132676,4.8
5.3690066,6.2
5.410883,6.5
5.3490305,6.6
5.455212,5.7
5.347992,5.8
5.4053597,6.6
5.4596252,5.8
5.4294825,6.2
5.441598,6.2
5.398949,5.7
5.363138,3.5
5.3718715,5.7
5.4111485,6.0
5.336908,6.2
5.380918,6.5
5.3601756,6.5
5.406623,5.0
5.3532796,4.0
5.4451194,6.0
5.457809,4.0
5.4298263,5.7
5.279163,3.5
5.3622212,4.5
5.3834343,6.2
5.434268,5.0
5.442686,4.8
5.453544,3.5
5.398011,4.8
5.395481,6.0
5.377485,4.0
5.4120955,5.8
7.0108895,6.5
5.4099464,6.1
5.4081836,6.0
5.420736,6.1
5.338102,6.6
7.0066633,6.6
5.375334,5.7
5.456915,6.6
5.435684,6.2
6.7076225,7.5
5.3630714,6.0
5.3901196,6.5
5.474433,4.0
5.420022,6.0
5.3750067,4.0
6.8888035,8.8
5.373962,4.8
5.440975,6.2
5.350988,6.6
5.77899,5.8
5.4290357,5.8
7.004199,9.0
5.3777256,5.7
5.397667,4.5
5.4639454,4.8
5.4298134,4.5
5.424827,6.0
5.4097934,4.8
5.422337,4.8
5.39891,6.6
5.4241924,4.5
5.3899565,6.2
5.368533,6.1
5.3922367,3.5
5.306045,5.8
5.3679066,6.1
5.3906364,6.2
5.3446913,6.0
6.7757673,7.0
7.0813236,7.5
5.3477383,6.2
5.401988,3.5
5.4299755,6.5
5.387756,5.8
5.3345804,4.8
5.3528733,6.0
5.490477,5.8
5.3926263,6.6
5.4043145,6.5
5.3699694,4.0
5.410098,4.5
5.3637176,4.0
5.434349,6.2
5.3795013,6.2
5.4406576,5.8
5.322751,5.0
5.448571,6.5
5.4235625,6.0
5.3830647,4.5
6.975415,8.2
5.3541555,5.8
5.4338202,6.2
5.4093475,5.8
5.368718,6.6
5.372044,6.0
5.3960085,6.6
5.426586,6.5
6.95296,6.0
5.48703,4.5
5.3966126,4.0
5.369991,5.7
5.3405275,4.0
5.398991,5.8
5.4598894,4.0
5.399757,5.7
5.411957,5.8
5.369998,6.6
5.4044905,5.7
5.419354,6.0
5.402742,6.2
6.8733234,6.6
5.400271,6.5
5.398369,5.0
5.3717484,4.5
5.335014,6.0
5.436744,6.1
5.399829,5.8
5.4281373,6.0
5.382505,4.5
5.431903,5.8
5.3012357,6.1
5.3844786,6.0
5.3725357,6.2
5.429581,5.0
5.3998275,6.2
5.311663,4.8
5.374202,6.5
5.38142,4.5
5.4212527,6.0
5.4063225,6.6
5.381198,5.0
5.355027,4.8
5.383797,6.6
5.4570427,6.5
5.3658113,6.1
5.333096,5.7
5.4433074,6.5
5.381566,3.5
5.3305616,6.2
5.4053407,6.6
5.399218,4.8
5.4321613,6.0
5.4490647,3.5
5.430819,3.5
5.3664775,6.1
5.3684072,5.7
5.389895,3.5
5.3521523,5.8
5.467084,4.0
5.3709598,4.5
5.4146533,5.8
5.4580045,6.0
5.356546,5.8
5.1952095,4.8
5.4819064,3.5
5.4359694,3.5
5.3705683,3.5
7.0278983,6.8
5.404256,4.5
6.9683013,6.6
5.392886,4.8
5.398528,5.8
5.501226,5.8
5.3907776,6.1
5.4559,6.1
5.3829775,4.5
5.412373,6.5
5.3625455,5.0
5.474414,6.5
5.4101934,4.5
5.419918,4.8
5.362629,5.8
5.366323,3.5
5.4427943,4.8
6.95101,9.0
5.3950505,6.6
5.370449,5.0
5.4305096,6.1
5.431311,3.5
5.4659715,4.5
5.3944697,5.0
5.439401,6.1
6.9942584,6.2
6.953197,6.8
5.3671293,5.7
5.5004396,3.5
5.3994713,6.5
5.371981,4.8
5.4309754,5.8
5.375996,5.0
5.379054,5.7
5.385141,5.8
5.3453584,3.5
5.419299,5.7
5.418513,6.0
5.4064693,6.1
5.388344,5.7
5.435476,4.0
5.4794426,6.0
5.408898,6.0
5.4596653,6.2
5.408781,5.8
5.410035,6.0
6.900242,6.6
6.886402,6.5
5.4104414,5.7
5.3666854,4.5
6.1709385,6.1
6.880209,5.7
5.481669,4.0
5.362069,6.0
6.9422536,6.2
5.3672285,4.8
5.614522,6.0
5.4284897,5.7
5.406269,5.0
5.411228,5.8
5.3864994,6.2
6.9210186,6.6
5.3833675,4.5
5.3910074,4.5
6.9737277,6.6
5.4006734,4.5
5.4392147,4.0
5.4144025,5.8
5.432267,5.0
5.4296384,6.2
5.3585443,5.8
5.4936233,4.5
5.3622212,3.5
5.3992977,5.8
5.403119,6.6
5.3811564,6.6
5.4169326,4.5
5.381109,6.0
5.4392886,5.8
5.4173265,6.6
5.4108915,4.0
5.412409,6.5
5.383249,5.8
5.356788,6.6
5.407913,6.0
5.4353642,5.7
5.410128,5.8
7.0726037,6.6
5.4032493,6.1
5.3153872,5.8
5.377641,6.0
5.380645,6.5
5.354249,6.2
5.3819904,5.8
6.8687663,7.0
6.9342666,6.1
5.4160695,5.7
5.272091,5.7
5.3810663,4.8
5.4015474,6.1
5.4250154,5.8
5.4079432,6.5
5.4300776,5.7
5.4154854,6.0
5.416531,6.1
5.3420997,6.2
5.4108586,6.0
5.4384513,4.8
5.431654,6.2
6.934099,5.7
5.3642,6.0
5.385137,6.2
5.4411926,4.8
5.4558744,4.5
5.3622212,5.7
5.4284186,4.0
5.349636,6.2
5.349614,6.6
5.3108773,4.5
5.4325457,6.0
5.477943,5.0
5.382702,5.8
5.4311156,6.5
5.3723125,5.8
5.3975835,6.2
5.423286,6.1
5.451385,6.6
6.859416,7.0
5.370592,5.0
6.9361873,6.5
5.5046053,6.5
5.346219,5.0
5.369427,5.7
5.408341,6.0
5.3548512,5.8
5.399878,6.1
6.7969084,8.8
5.438602,5.8
5.3930387,4.0
5.459382,5.8
5.4612093,6.5
5.4770713,6.0
5.4296455,4.0
5.4242973,5.8
5.37578,4.8
5.3623023,5.0
5.3779125,5.8
5.4452634,4.0
5.3905087,5.7
7.0063195,8.8
5.359675,4.5
5.398884,5.0
5.4366655,6.2
5.410857,6.6
5.4333525,5.7
5.362396,6.0
5.355579,6.2
6.937803,7.5
5.4340644,4.0
5.430982,3.5
5.4221253,5.7
5.3870425,5.0
5.457386,6.0
5.4158754,5.7
5.4737835,6.5
5.3750553,6.0
5.4203143,6.0
5.402733,6.5
5.4140635,6.6
5.4672294,4.0
5.361794,5.0
5.492724,6.2
5.3652105,6.5
5.442492,6.1
5.4176116,6.1
5.3881187,6.6
6.9219956,8.2
5.326305,4.5
5.435446,4.5
5.4185677,4.5
6.8502564,8.2
5.4244547,6.6
5.410962,5.7
5.415783,5.7
5.3429117,5.7
5.36337,3.5
5.4116144,4.0
5.4237237,5.8
5.4465036,5.8
5.370912,4.0
5.384109,6.6
5.3958774,6.6
5.4598064,5.7
5.3854437,5.0
6.989023,6.6
5.3944187,4.0
5.373962,4.0
5.3765035,4.5
5.3963394,5.8
5.434265,6.2
5.192002,4.5
5.391895,6.5
5.3924437,6.5
5.373371,5.8
5.4040403,4.5
6.8695016,6.8
5.460803,3.5
5.3942337,4.5
5.4837213,6.1
5.3474374,4.8
5.4482417,6.1
5.397847,4.0
5.433832,5.8
5.3764024,6.1
5.400708,6.1
5.37929,6.0
5.3435307,5.7
5.4113297,5.7
5.4167404,4.8
5.4791594,5.7
5.531094,4.5
5.4593697,5.7
5.4205236,3.5
5.374215,3.5
5.425434,5.8
5.3900847,3.5
5.3928146,4.5
5.3649364,6.0
5.412266,4.0
6.9433336,5.8
5.407012,6.5
5.41719,6.0
5.315648,5.8
5.3918095,5.7
5.404586,4.0
5.3448997,4.8
5.4447637,6.2
5.386635,3.5
5.4074893,4.8
5.3932366,3.5
5.429081,3.5
5.449464,4.0
5.3744974,5.7
5.3651543,6.0
5.4221573,6.1
5.3052335,4.0
5.3743973,5.8
5.460744,6.2
5.4019847,4.8
5.4600725,5.8
5.446076,5.7
5.4169836,5.7
5.4114604,4.8
7.010694,6.1
5.3831825,3.5
5.429748,6.1
5.3930693,3.5
5.3592534,5.0
6.9112043,6.0
5.419405,6.6
5.4194155,5.7
5.4463453,6.5
5.4293494,6.0
5.4294114,5.7
5.390491,6.2
5.401758,6.0
5.3982143,4.5
5.4302416,6.6
5.32778,5.8
5.419034,6.5
5.3684964,4.0
5.3718066,5.0
5.4121494,6.2
5.4140854,4.0
5.3447633,5.7
5.31454,5.0
5.387725,5.7
5.3475084,6.2
5.440214,4.5
5.3594017,5.0
5.37481,6.0
5.390357,5.7
5.382576,6.1
5.4036326,6.5
5.339954,6.5
5.4881153,6.1
5.382167,6.5
5.3898196,4.0
5.3759127,4.0
5.3391304,5.8
5.3817363,3.5
5.4313364,5.0
5.393891,5.7
5.333306,5.8
5.365232,4.5
5.470658,4.8
5.4191775,4.5
5.378744,6.1
6.9126306,8.2
6.753876,6.0
5.3956056,6.1
5.3754997,4.5
5.3863406,5.8
5.3936105,6.0
5.3622665,4.5
5.431729,4.8
5.3583765,5.7
5.448503,6.2
5.4600725,6.6
5.4089994,6.2
5.3878136,6.2
5.343956,4.0
5.429481,6.1
5.570656,6.1
5.445291,6.2
5.44271,3.5
5.3951216,6.0
5.390706,5.7
6.9303207,5.8
5.3736815,6.5
5.3673477,5.7
5.3256197,6.2
5.3827515,5.8
5.4028783,4.8
5.372052,6.5
5.4173265,5.7
5.39094,3.5
5.4112215,4.0
5.3697386,6.5
5.3802204,5.7
5.3491282,6.2
5.406142,6.6
5.4095936,3.5
5.4256587,5.8
5.407084,6.0
5.395442,5.8
5.4147573,5.8
5.319046,4.8
7.071573,6.5
5.389651,6.2
6.946533,6.6
5.3473535,6.5
5.2839932,4.5
5.3865542,4.0
5.3847885,5.7
5.4358206,6.0
5.3875356,4.5
5.4362054,4.0
5.434963,5.7
5.3860173,4.8
5.432105,6.5
5.4152474,6.2
5.4345694,4.5
5.4175377,5.7
6.890939,7.0
5.3628006,6.1
5.424238,5.7
5.384421,5.7
5.4310265,6.2
5.3653593,6.6
5.416382,5.7
5.3771553,5.7
6.881335,8.8
5.345228,6.6
5.38849,4.0
5.3422465,6.6
5.348236,4.8
5.3526115,5.0
5.490745,6.1
7.370445,8.8
5.391019,4.0
5.427288,5.7
5.374036,3.5
5.376802,4.5
5.3642406,6.0
5.388139,6.5
5.3933687,6.2
5.3942494,6.2
7.022962,6.6
5.4087415,5.8
5.3941536,6.1
5.408221,4.8
5.4083405,6.6
6.9023776,5.7
7.0847826,6.5
5.4638076,4.0
5.383746,5.7
5.4018784,5.0
5.4636707,3.5
5.426368,5.0
5.247052,6.2
5.4289646,5.8
5.3982644,6.1
5.4291325,3.5
5.3772717,6.0
5.418954,5.7
5.456447,4.0
5.464819,4.5
5.411706,5.0
5.4846745,5.8
5.4508266,5.8
5.413118,6.1
6.948291,7.0
5.352371,6.1
5.3493433,6.0
5.4186983,4.8
6.8584003,6.5
5.3328595,6.1
5.404527,4.8
5.3753624,6.1
5.468278,6.0
5.4112306,4.0
5.3739057,5.8
5.425234,5.7
5.3451405,6.2
5.387564,3.5
5.3904147,6.2
5.3349643,4.5
5.39967,3.5
5.444212,4.0
5.4234266,5.8
6.844078,6.8
5.3656087,4.0
5.488422,6.2
5.2772393,5.7
5.422732,5.7
5.4023647,5.7
5.4341383,6.0
5.4193454,5.8
5.5556884,3.5
5.37612,4.0
5.438995,6.1
5.4412794,5.8
6.87677,6.6
6.8928447,5.7
6.96054,6.5
5.4023695,6.2
5.362376,6.2
5.448917,6.1
5.3831096,6.1
5.3764744,4.5
5.4076653,6.5
5.33001,4.5
5.3768377,3.5
5.337509,6.5
5.4842076,4.8
5.4691215,5.8
5.43348,4.0
5.3371944,5.7
5.375754,5.0
5.4360347,4.0
5.422971,5.7
5.397542,6.1
5.4184265,6.1
5.389786,6.2
6.944714,5.8
5.2703075,4.0
5.4631605,6.1
5.38132,6.0
5.428059,6.2
5.354921,5.0
5.4274073,6.1
5.2648516,3.5
5.399045,4.0
5.390784,5.7
5.341106,6.2
5.41363,4.0
5.385928,6.5
5.4205422,4.0
5.4389005,6.2
5.403773,3.5
5.432317,4.5
5.380202,6.5
6.9223404,7.5
5.365623,6.0
5.380138,6.6
5.4096117,4.0
5.4441757,6.0
5.326534,5.0
6.9251027,9.0
5.3676257,6.0
6.863926,5.7
6.962015,6.6
5.3954706,4.0
5.438697,4.8
5.42047,3.5
5.405978,5.7
5.4220605,6.2
5.389734,6.2
6.9233375,5.7
5.392227,4.5
5.4036155,4.5
5.3707867,5.7
5.3896747,6.6
5.3623943,4.0
6.891482,8.2
5.366792,6.0
5.4280667,6.5
5.3627486,6.1
5.532161,5.7
5.428116,6.0
5.381448,6.0
6.9527183,6.2
6.817641,6.0
5.4515157,5.0
5.4101315,5.8
5.403486,4.0
5.416473,3.5
7.0450783,8.2
6.9771996,6.5
5.455486,6.6
5.414067,6.6
5.4112434,4.0
5.4111757,3.5
5.3960385,4.0
5.3801174,6.1
5.3115683,5.8
5.4092255,5.7
5.3158917,6.5
5.4056225,6.5
5.3909397,4.5
5.4036345,4.8
5.350151,6.5
5.4044247,4.5
6.905774,6.2
5.3835874,4.5
5.385902,4.5
5.3820243,4.8
7.1964626,8.8
5.518192,6.1
6.890538,6.2
5.3886037,5.7
5.4053383,3.5
7.026823,8.2
5.4432116,4.0
5.415512,5.0
5.4200473,3.5
5.4720736,6.0
5.4158754,5.7
5.4143186,6.5
6.922775,6.5
5.420811,6.1
5.443781,6.0
5.3491783,6.2
5.4847417,3.5
5.4102106,5.7
5.4059753,4.0
5.5627127,6.6
5.345802,6.6
5.394397,5.8
6.7895393,9.0
5.4654584,4.0
5.340897,4.8
5.387318,4.8
5.379003,6.0
5.384386,6.1
5.3848324,4.5
5.51013,6.2
5.3890743,4.5
5.4480834,6.1
5.320962,5.8
5.3014164,6.5
5.4327507,6.2
5.425222,5.7
5.325492,3.5
5.4030843,6.2
5.387294,6.0
5.3860574,6.6
6.9372735,7.0
5.3837976,6.2
5.391624,3.5
5.406595,5.7
5.4353642,4.8
5.4183984,4.0
5.46247,5.0
5.388164,5.8
6.9043865,7.0
5.4187665,5.8
5.4136705,3.5
5.682388,4.8
5.384534,5.8
5.3415723,4.5
5.443638,6.1
5.417786,6.2
6.9489045,7.0
6.91874,6.8
5.4512377,5.7
5.411055,4.5
5.372488,4.0
5.411214,6.6
5.3096786,6.5
5.4088984,6.0
5.3488865,6.1
5.4639087,5.8
5.34425,6.6
5.330963,6.2
5.404958,5.7
5.4015794,6.2
5.384818,3.5
6.998097,6.2
5.395808,4.8
5.3974795,4.8
5.413413,6.2
5.355105,4.8
5.419523,5.0
5.4322953,5.0
5.3798804,3.5
5.3951993,5.8
5.4083242,5.0
5.43207,3.5
5.42178,5.0
5.301325,6.6
6.960491,5.8
5.4278235,6.6
5.4078317,4.0
5.419555,6.5
5.390148,5.8
6.957308,6.1
5.3966813,4.0
5.365198,5.0
5.4363112,5.8
5.361943,3.5
5.4077735,6.0
5.461503,6.5
6.8817306,6.8
6.905131,8.8
5.3912334,6.2
5.4201255,6.6
5.47741,6.1
5.42561,6.2
5.4322534,6.0
5.283068,6.6
5.3991184,6.0
5.379135,6.0
5.384345,4.8
5.3261685,6.2
5.4736834,6.6
5.383336,6.5
6.948257,7.5
5.3908114,5.0
5.4316072,6.2
5.452204,3.5
5.386089,6.5
5.386537,4.5
5.389395,3.5
5.385312,6.1
5.398096,5.7
5.375334,6.5
5.377206,6.1
5.386477,6.6
5.4607987,5.7
5.384821,6.6
5.4249787,5.8
5.362105,4.5
5.406087,4.5
5.4739017,5.0
5.3881145,6.5
6.926351,8.2
5.421088,6.6
5.381572,6.5
5.358177,6.5
5.2917275,4.0
5.4470797,5.7
5.4052353,6.1
5.477548,6.5
5.3844585,4.0
5.415285,6.0
5.41189,5.0
5.4014173,6.2
5.410682,4.8
5.4258194,4.8
5.390481,6.6
5.3502455,5.0
5.3549666,5.8
5.588897,4.0
5.4571123,6.1
5.340533,4.5
5.398108,6.1
5.390979,6.5
5.44847,5.8
6.947574,5.8
5.376727,6.1
5.419523,6.2
5.391909,6.6
5.3977404,5.0
5.419557,5.7
5.3751388,6.5
5.477684,6.0
5.3890815,3.5
5.3807554,6.0
5.3933144,4.0
5.3858852,4.5
5.382771,6.6
5.3834586,6.2
5.360991,5.8
5.398189,6.2
5.413128,5.8
5.410171,4.5
5.418784,5.7
5.367717,6.2
5.3820014,5.8
5.410659,4.8
5.4017467,4.0
6.9723654,9.0
5.3692193,6.2
5.406139,5.8
5.398369,6.5
5.3472123,6.6
5.4725976,6.0
5.412689,6.5
5.4604874,5.7
5.401231,4.8
5.395518,6.6
5.437829,6.1
5.305686,6.2
5.4357715,5.8
5.4295144,3.5
5.541846,6.2
5.4119368,5.7
5.403945,4.5
5.4489765,5.7
5.40715,4.0
5.4517064,6.0
5.45715,6.5
5.3490977,6.6
5.369603,6.6
5.3704267,5.8
5.418594,4.0
5.443817,6.6
5.406531,5.8
5.4073443,5.8
5.404921,3.5
5.422193,5.8
6.859931,8.8
5.401455,6.0
5.3837914,6.6
5.4278345,4.0
5.367004,4.5
5.42134,6.5
5.3862815,5.0
5.3348866,5.8
5.3927407,4.5
5.408178,6.1
5.411762,4.0
5.3258305,5.8
5.3927364,5.0
5.438998,6.1
5.360438,5.0
5.395457,3.5
5.3596187,4.8
5.4475627,5.7
5.3856444,6.1
5.371254,5.8
5.3907256,6.0
5.3917227,4.8
5.3821344,6.0
5.4158263,3.5
5.297541,4.0
5.41046,4.5
5.3913445,6.0
6.9228272,5.7
5.4562597,6.1
5.4188895,5.0
5.3567944,5.0
5.447881,6.5
5.3884387,4.5
5.3792944,6.5
5.4595923,4.8
5.4123816,5.7
5.391369,5.8
5.4359074,4.5
5.374551,6.6
5.417772,6.0
5.38546,3.5
5.3036876,3.5
5.382219,6.1
5.4030585,6.2
5.3782563,4.8
5.400955,3.5
5.2781563,6.0
5.396328,6.6
5.4191036,6.0
5.371191,4.0
5.4317136,4.0
5.398083,3.5
5.332642,4.0
5.4307942,5.7
6.837605,6.2
6.7947907,6.0
5.385486,5.0
6.9486065,6.2
5.4835577,6.5
5.397801,3.5
5.4570203,5.0
5.312639,4.0
5.3645124,6.5
5.3482485,6.5
6.8685136,6.8
5.374952,6.1
5.394622,6.5
5.3230767,5.0
5.364928,6.6
6.925663,6.8
6.9515014,6.6
5.4154854,6.5
5.401711,6.6
5.575953,5.8
5.3684196,5.8
5.432311,4.8
5.39359,6.6
5.3317504,5.8
5.4585214,4.0
5.405668,6.6
6.8076878,7.0
5.4211726,5.7
5.3531375,6.1
5.3471704,6.6
5.491409,6.5
5.3751283,3.5
5.3210006,4.8
5.381699,6.1
5.392501,5.7
5.4601183,6.5
6.8565054,6.6
7.0493608,8.2
5.370724,6.6
5.42184,4.5
5.461049,6.1
5.2775917,6.1
5.395967,6.0
5.381107,5.8
5.42908,5.7
5.412539,6.0
5.3495636,6.2
5.3809047,6.1
5.3606105,5.8
5.3937845,4.5
5.480016,6.5
5.3708186,4.8
5.3915763,6.6
5.271443,5.7
5.3441105,5.0
6.940584,7.5
5.420333,5.8
5.3129225,5.8
6.9743,5.7
5.387859,6.5
5.388035,6.2
5.49141,5.8
5.448329,5.0
5.4234123,6.6
5.4348764,6.2
5.411502,5.0
5.3836412,4.0
5.373436,6.6
5.3663716,6.6
5.4464216,5.8
5.3998947,4.0
5.364189,6.1
5.3619967,6.0
5.4008417,6.6
5.4185753,5.0
5.3029695,4.8
5.428542,5.8
5.411094,5.8
5.3987455,4.8
5.4137187,5.0
5.427586,4.8
5.3666215,4.8
5.396739,4.0
5.384375,6.2
6.9996877,5.7
5.469028,5.8
5.4467006,6.1
5.4238663,6.0
5.3694863,6.6
5.459662,3.5
6.8849983,9.0
5.3966045,4.5
5.4464736,6.2
5.386185,6.2
5.4072537,6.5
5.3939924,4.5
6.901628,6.8
5.3571777,5.8
5.424466,6.0
5.352028,5.8
6.8952284,7.5
5.443265,6.2
5.430097,4.8
6.8765955,8.2
6.8721123,7.5
5.4146686,6.1
5.3966126,6.0
5.4172554,6.5
5.366587,6.2
5.3365026,4.8
5.4790945,5.8
5.4015174,5.0
5.4455914,6.5
5.435079,6.6
5.4080997,6.1
5.459677,6.2
5.463038,4.5
5.454556,4.8
6.986505,5.7
5.4135923,6.2
5.386492,4.5
6.9143157,6.6
5.3407655,5.7
5.3792305,3.5
5.340797,3.5
5.502239,3.5
5.3140125,5.7
5.414151,6.5
5.419201,6.6
5.4434,6.5
7.011926,7.0
5.3812995,6.1
5.4251,6.6
5.416366,6.1
5.3727784,6.0
5.429582,5.0
5.4569545,6.6
5.4197783,6.6
6.815526,5.7
5.4413695,5.0
5.401017,6.0
5.415536,6.5
5.263806,5.0
6.70986,5.7
6.963417,7.0
5.34605,5.0
5.330332,6.5
5.3882704,3.5
5.3909397,5.8
5.3293014,6.5
5.487189,5.0
5.415852,6.2
5.420261,4.8
5.3642797,5.0
5.401364,3.5
5.417345,5.8
5.490477,6.2
5.390357,6.6
5.3964744,4.8
5.3860817,4.8
5.334419,6.6
5.406208,3.5
5.401657,4.0
5.399317,5.0
5.3933578,4.0
5.3718333,6.0
5.37311,5.0
5.457943,5.7
5.447323,4.0
5.387719,5.8
6.895833,6.8
5.4257765,4.5
5.420437,3.5
5.3796654,5.8
5.484465,6.0
5.4445963,4.0
5.3625455,5.8
6.9882584,7.0
5.3631854,6.5
5.474704,4.5
6.9234443,6.8
5.4058557,5.0
5.358549,6.6
5.3957763,4.5
5.3651657,6.2
5.429981,5.8
5.490477,4.8
5.399461,6.5
5.4996204,4.0
5.3772163,6.1
5.4284334,4.8
5.3034334,6.5
5.4220386,6.1
5.394886,4.0
5.372488,3.5
5.333378,6.6
5.3627415,6.0
5.4488845,6.1
5.399532,5.0
5.4524245,5.8
5.4526386,6.2
5.3483987,6.2
5.3655815,5.8
5.3567696,4.5
5.372417,6.6
5.454044,3.5
5.415977,3.5
5.3870077,6.5
5.3890576,6.0
6.9324074,7.5
5.4092264,4.5
5.433129,5.8
5.3624315,6.0
5.409082,4.0
5.450376,5.8
5.4099994,5.7
5.3992705,5.8
5.3803215,6.1
6.7476687,5.8
5.36383,5.0
6.8993735,5.7
5.4226656,6.2
5.391937,3.5
5.3805485,5.8
5.4179225,6.6
5.3111844,6.0
5.3820214,6.1
6.92794,8.8
5.374101,4.0
5.4781175,6.1
5.375334,4.8
5.295829,4.0
5.3886733,6.2
5.453172,6.0
5.4861865,6.6
5.3814383,6.1
5.4387374,5.7
5.2949467,3.5
5.4146104,6.2
5.450153,4.8
5.3049035,6.1
5.394275,6.5
5.35161,4.8
6.951632,6.0
5.349888,4.5
5.4167037,6.6
6.981119,7.0
5.3711224,5.7
5.3633986,4.5
6.9375978,8.8
5.3901067,6.6
5.448818,5.7
5.345151,6.1
5.46108,5.0
5.431022,6.5
5.449889,6.5
5.4471316,4.8
6.8194537,6.1
5.4651895,6.1
5.406303,6.0
5.4398565,6.6
5.441953,6.2
6.9148865,9.0
5.426506,4.8
5.386025,4.5
5.4233785,6.0
7.13517,5.7
6.8207717,7.5
5.3930926,6.0
5.3569665,6.0
5.3932743,5.7
7.0992155,6.1
5.35921,3.5
6.934196,6.1
5.4359717,6.5
5.4612455,6.0
5.3726974,5.8
5.3117657,5.0
5.367324,3.5
5.200236,3.5
5.4463463,5.0
5.482008,6.0
5.354143,6.6
5.4544954,4.5
7.0005064,7.0
5.438887,5.7
5.3830457,6.1
5.3707967,6.6
5.4052405,6.2
5.4017205,6.1
5.427589,4.0
5.402341,5.7
5.374909,5.7
5.4039845,6.2
5.398056,3.5
5.4317613,6.1
5.4234266,3.5
5.427705,4.5
5.3830986,4.5
5.3922715,4.5
5.3870006,4.5
5.3318176,5.8
6.872689,6.6
5.4194374,4.8
5.4173265,4.8
5.40631,4.8
5.3949003,5.7
5.5070353,4.0
5.366577,5.8
5.3958964,6.5
5.3655834,6.6
5.443293,6.2
5.354403,4.0
5.3925233,4.0
5.36596,6.0
5.385042,5.7
5.4120812,4.8
5.4514537,4.8
5.4226537,6.2
5.3799863,6.2
5.3899193,5.8
5.365331,6.2
5.3672075,6.5
6.99602,8.8
5.3603587,6.6
5.372365,4.8
5.385524,6.1
5.4043174,5.8
5.3829446,4.8
5.4036913,6.6
5.370246,4.5
5.4133735,6.2
5.3769283,6.2
5.369677,5.0
5.5147467,6.6
5.3771863,3.5
5.4142942,6.0
5.408863,6.6
5.42641,6.6
5.336076,6.1
5.445819,6.0
5.4140596,3.5
5.4428763,4.8
5.386964,5.7
5.3836846,6.2
5.371949,6.1
5.4330797,3.5
5.3963532,6.0
5.382281,4.5
5.386309,4.5
5.4317064,4.0
5.3978314,6.0
5.454514,6.0
5.44315,6.1
5.2834454,6.5
5.4186773,4.8
6.9595294,6.1
5.3201356,6.6
5.2877254,3.5
5.4037347,4.5
5.347352,6.2
5.4687095,6.2
5.3750486,6.0
5.340925,3.5
5.413191,4.8
5.430742,6.1
5.3891244,6.1
5.3993015,6.6
5.363876,6.6
6.9034204,6.5
5.4312754,5.8
6.9403224,6.5
5.4196987,6.6
5.4136477,4.8
5.3656683,6.1
6.878154,9.0
5.3672347,4.5
5.4235544,4.8
5.362438,5.8
5.3923144,4.8
5.348279,4.5
5.43335,4.5
7.010282,8.2
7.088648,6.5
5.45066,6.1
5.3581686,5.0
5.358645,6.1
5.393391,6.5
5.438548,5.0
5.449875,4.5
7.0306606,6.2
5.458645,4.5
5.4369736,4.5
5.38046,4.5
5.401597,4.0
5.4274073,3.5
5.443544,5.8
5.436554,3.5
5.4506483,5.0
5.4123435,6.5
5.474513,4.8
5.4152923,6.6
5.4336486,6.1
5.415559,5.8
5.4149766,6.5
6.934634,8.2
5.415462,5.0
5.382576,3.5
5.392985,5.0
5.3781896,4.8
6.9063215,7.0
6.875233,9.0
5.380785,6.6
5.4158664,6.0
5.425115,4.8
5.4175005,6.2
5.4444203,6.0
5.37757,4.5
5.4041743,6.0
5.3013706,5.0
5.395894,6.6
5.34229,4.8
5.3731823,5.0
5.367021,5.8
5.366266,3.5
5.5641003,6.6
5.4359827,6.0
5.4428997,3.5
5.3905463,6.1
5.361749,5.0
5.430207,6.0
5.3975725,6.6
5.359079,4.0
5.461586,6.0
5.3773146,6.0
5.3995285,6.5
5.4401984,6.6
5.45366,6.6
5.440176,4.5
5.453058,6.1
5.3855624,3.5
5.4115415,5.0
5.3068533,5.7
5.4605,5.0
5.430663,5.7
5.4648457,3.5
5.384349,4.0
5.443781,5.7
5.3978987,6.1
5.380636,5.0
5.405516,5.0
5.415382,6.0
5.4385257,6.2
5.263857,6.6
5.423248,6.5
5.4234266,6.2
5.4654016,6.6
5.5510035,5.0
5.412689,6.0
5.366562,6.1
5.428633,4.8
5.475324,4.8
5.3978567,5.8
5.3332534,5.7
5.3953695,4.0
5.4226027,3.5
5.283665,5.7
5.534077,5.8
5.3950934,6.6
5.3815866,6.0
5.383822,5.0
5.4009542,4.5
5.384695,5.7
5.294987,5.7
5.3769445,6.0
5.410371,3.5
5.436612,6.1
5.398408,6.5
5.3915086,4.5
5.389966,4.5
5.414636,6.1
5.41769,5.7
5.413103,6.0
5.3562355,5.0
5.3422127,6.6
5.391742,6.1
5.3902764,5.7
5.3995204,5.0
5.3724117,4.0
5.3664455,4.0
5.4070067,6.2
5.3918276,6.0
5.388013,6.6
6.7909675,9.0
5.434687,6.5
5.4013386,6.5
5.4210153,5.0
5.4240236,6.0
6.9248857,7.5
5.435775,5.7
5.4383836,6.2
6.9607434,5.7
5.41724,4.0
5.398689,6.0
5.3867035,4.5
5.42332,6.0
5.382463,5.8
5.380228,5.0
5.3620057,6.5
5.4897003,5.8
6.896348,6.0
5.428185,5.8
6.846819,6.8
5.4047875,6.0
5.428973,6.6
6.938523,6.8
5.386954,6.1
5.408886,3.5
5.414051,5.0
5.4291096,3.5
5.4432106,6.1
5.4571137,5.7
5.41974,4.8
5.4020214,4.5
5.376943,6.2
5.358372,6.0
5.390307,6.6
5.411302,4.5
5.38268,4.0
5.4340587,6.1
5.3348,5.8
5.345605,6.0
5.3739047,6.1
5.4086647,6.2
5.36456,4.8
5.3947377,5.0
6.9100637,6.6
5.489139,4.5
5.3832707,4.8
5.403246,6.5
5.385908,6.6
5.402591,5.8
5.3883777,5.8
6.9331346,6.0
5.3699403,5.0
5.394825,3.5
5.38146,5.8
5.431653,6.5
5.4056945,4.5
5.400011,6.0
5.4105473,4.5
5.4184265,6.0
5.427949,5.8
5.325618,3.5
7.01277,6.6
5.3695173,6.5
5.281621,6.5
5.384582,6.0
5.455213,5.0
5.395623,4.0
6.9781303,6.2
5.389234,4.0
5.3375745,4.5
5.364987,6.2
6.8981514,6.8
5.4312696,4.8
5.3653374,3.5
5.312705,6.5
5.3593845,4.5
5.3708186,5.0
5.4410243,5.7
5.427254,5.0
5.3953643,4.8
5.4609056,4.5
6.9106755,8.2
5.494777,5.8
6.9241395,9.0
5.450345,3.5
5.3974853,6.6
5.3528194,3.5
5.371839,3.5
5.4029074,3.5
5.370151,4.5
5.4114795,6.2
5.3944783,5.8
5.414867,5.8
5.408414,6.0
5.3996787,5.8
5.448433,6.2
5.4317737,5.7
5.3731256,6.5
5.378361,6.5
5.4443846,6.5
5.371685,5.7
6.9632235,7.5
6.906574,6.8
5.3362274,6.6
5.306168,6.0
5.372614,4.8
5.403684,4.8
5.3947353,3.5
5.4245276,5.7
5.413961,4.0
5.420027,5.7
5.410784,3.5
5.376379,5.0
5.3729725,5.0
5.414763,6.5
5.3647733,4.5
5.4075947,5.0
5.511909,5.7
5.388584,6.2
5.423666,6.6
5.3832865,6.6
5.3653593,5.0
5.3793826,5.7
5.4138536,4.8
5.4467864,5.7
5.4203677,5.0
5.4123745,6.6
5.408912,4.5
7.1476746,6.6
5.325298,6.1
5.4435015,4.8
5.408642,5.7
5.4591117,4.0
5.3578978,6.2
5.4281306,4.0
5.316104,6.6
5.3935604,6.6
7.132004,6.1
5.4217587,4.0
5.4593697,4.5
5.375372,4.8
5.4353647,5.8
5.372425,6.5
7.0392475,5.7
5.4036345,4.0
5.382652,4.8
5.3558855,6.2
5.3624682,6.2
5.3991847,3.5
5.3412247,6.2
5.3784795,4.8
5.4139943,4.0
5.4415793,5.8
5.4609413,5.0
5.420457,6.0
5.3604875,5.8
5.375821,6.5
6.8839493,9.0
5.4064,4.5
5.4345026,3.5
6.8995194,5.8
5.3923745,4.8
5.3747764,4.0
5.381063,6.2
5.48696,6.5
5.376352,6.6
5.3794427,6.2
5.525557,6.2
6.7996683,8.8
5.4455237,6.2
5.333314,4.5
5.403146,6.1
5.390156,3.5
6.9271107,6.8
5.388176,6.0
6.928916,8.8
5.389119,6.0
5.3996167,6.2
5.3968177,6.6
5.4296956,5.7
6.8646803,5.7
5.496828,4.5
7.0699677,9.0
5.439256,5.7
5.3818955,6.0
5.421618,6.1
5.379424,5.7
5.3923845,4.5
5.3940477,4.0
5.378203,4.8
5.3831825,6.5
5.4106174,4.0
6.8998857,8.2
5.450029,3.5
5.3537073,6.2
5.450368,5.8
5.4691215,5.7
5.390666,4.5
5.468045,6.1
5.4071946,6.1
5.408819,4.8
5.4437428,4.0
5.4845424,4.5
5.401851,6.5
5.4124126,6.2
5.387806,4.8
5.434358,5.7
5.4580555,4.5
5.4547343,6.6
5.4457355,4.5
7.1163435,8.2
5.493123,4.8
5.414245,6.1
5.4093,3.5
5.392574,4.0
5.3753133,3.5
5.406625,6.6
5.2729154,6.6
5.402727,6.5
5.391531,4.5
6.92587,5.8
5.4189982,3.5
5.4070415,5.7
5.302317,3.5
6.633237,5.8
5.412918,6.6
5.3198066,5.0
5.354866,4.8
5.388254,6.5
5.4226456,5.7
5.348582,3.5
5.3705845,3.5
5.4099035,4.0
5.3794074,4.8
6.911861,6.2
5.4403205,6.6
5.4215803,5.8
5.3967285,5.8
5.4092007,6.2
5.3301764,6.1
6.884644,6.6
5.3650427,5.7
5.42123,6.5
5.410118,3.5
5.4254684,6.0
5.4046326,4.0
5.4042544,5.7
5.391386,5.0
5.404687,5.0
5.270966,5.7
5.382855,4.8
5.3594832,6.2
6.8347273,6.8
5.486601,6.5
5.319764,5.0
5.4570427,6.1
5.4049077,6.1
5.342389,3.5
5.376127,6.5
5.405063,6.1
5.4025984,4.0
5.3664446,5.0
5.371105,6.0
6.859433,5.8
5.3706346,4.0
5.360708,4.5
5.4108667,6.5
5.357061,4.5
5.2845793,6.1
5.3541794,4.0
5.410236,6.6
6.9416275,6.2
5.487449,5.0
5.40906,6.0
6.806224,5.7
5.387375,6.0
5.415423,6.2
5.4069858,5.8
5.412739,6.1
5.489191,6.6
5.4344573,6.1
5.384232,5.0
5.4296713,4.8
5.381037,3.5
5.38939,4.0
5.4013147,6.6
5.384673,6.6
5.445811,4.0
6.923867,8.2
5.3863516,5.7
5.4382706,4.0
5.395099,4.0
5.3804827,6.2
5.375334,5.7
5.392099,4.8
5.411818,5.8
5.412894,6.6
5.264958,3.5
6.9779305,5.7
5.355615,4.8
5.4275975,4.5
5.4253945,3.5
5.396961,5.0
5.396938,4.8
5.326486,4.5
5.4087415,3.5
5.4103274,5.8
5.318124,6.0
5.3671703,6.0
6.968818,7.5
5.4040103,4.0
5.377172,5.7
5.3987603,6.1
5.2722416,6.2
5.452273,6.1
5.4085727,6.0
5.4323215,6.6
5.3900886,4.0
5.4723516,4.0
5.3849587,6.2
5.309219,5.7
5.4487543,6.6
5.3450046,4.8
5.447285,6.1
5.4125376,6.2
5.366483,6.5
5.427373,6.5
5.4018607,6.0
5.327864,6.2
5.361515,6.0
5.3674655,3.5
5.3830166,4.5
5.4061704,6.2
5.3298674,5.7
5.4097276,4.0
5.3453007,6.5
5.405995,6.5
5.3982396,5.0
7.16845,6.0
5.421274,6.0
5.4466877,4.8
5.4203267,6.2
5.422628,4.8
5.442202,6.1
5.383031,6.5
5.3609786,4.5
6.8526573,5.8
5.4465036,4.5
5.4162054,5.0
5.3476295,6.6
5.3808475,6.6
5.4334016,5.0
6.9445815,6.0
5.471052,6.6
5.4058695,4.5
6.9694395,6.1
5.47636,4.0
5.384886,6.6
5.3940473,4.8
5.3835826,6.0
6.7716646,6.5
5.4124484,6.5
5.340068,4.5
5.316154,3.5
5.378387,6.5
5.375334,6.6
5.406058,5.7
5.378881,6.2
6.887901,8.8
6.9433002,5.7
5.4067426,5.0
5.403591,6.6
5.362941,6.2
5.37695,6.0
5.3962193,4.5
5.38494,3.5
5.3993015,5.0
5.368533,5.8
6.7934675,9.0
5.4289207,4.0
5.3944263,6.2
5.4825306,6.2
5.4449954,6.0
5.4835577,4.8
5.3569345,4.5
5.4618974,3.5
5.426776,5.0
5.3821616,4.0
5.4335346,3.5
5.4439774,6.2
5.4346194,5.8
5.3884606,5.0
5.427425,4.5
5.410638,5.0
5.4614525,4.0
5.3782096,3.5
5.3899984,6.6
5.4179697,6.2
5.362581,6.0
5.365641,3.5
5.43383,6.1
5.3357506,6.1
5.367467,4.8
5.4157495,6.5
5.322382,6.5
5.3921514,6.6
5.424323,6.6
6.895679,8.2
5.3357453,6.5
5.437845,6.5
5.4140635,5.8
5.4407763,5.7
5.4350686,6.5
5.348148,6.6
6.887391,6.1
5.4783444,6.5
5.3571863,6.5
5.4032393,4.5
5.4603,6.6
5.4875565,5.0
5.383412,5.7
5.356947,5.7
5.26459,4.8
5.4295635,4.0
5.3702974,3.5
5.399517,5.8
5.448768,6.5
5.3951554,4.5
5.318934,3.5
5.402708,3.5
5.380663,6.2
5.3840427,6.0
5.4154778,6.1
6.93204,9.0
5.4297233,6.2
5.4839087,6.6
5.4273944,6.1
7.0789056,7.5
5.431986,4.8
5.3628006,3.5
5.36567,5.7
5.4316792,6.5
5.488667,6.0
5.395321,4.0
5.458181,6.5
5.408143,5.0
5.376184,6.0
5.395742,6.1
5.3817887,6.6
5.421088,6.5
5.401388,4.0
5.415034,5.8
5.36173,6.6
5.4386096,3.5
6.9282556,5.8
5.3767376,5.7
5.3840966,5.0
5.40011,6.5
5.429269,6.5
5.527758,6.2
5.3846755,4.8
5.4077888,6.6
5.394155,4.5
5.4372954,6.5
5.3699117,6.5
5.411254,3.5
5.385211,4.0
5.4087696,6.2
6.924464,6.0
5.422433,6.0
5.3705916,3.5
5.433359,6.6
5.422903,5.8
5.3076453,6.2
5.4092264,5.8
5.3194284,6.6
5.4133377,4.8
5.398759,4.8
5.4127483,6.1
5.3913684,6.1
5.3470283,6.6
6.960068,6.5
5.4197783,4.0
5.3884606,6.1
5.4169135,5.8
5.369876,3.5
5.314774,6.6
5.39483,5.7
5.4415016,4.8
5.4379215,6.6
5.530049,6.0
5.3913307,5.7
6.8888826,6.2
5.4216247,6.5
5.4363723,3.5
5.376394,6.2
5.417351,4.8
5.4812927,5.8
5.413188,6.6
5.3778315,6.1
5.385452,3.5
5.3948383,5.8
6.8816376,8.8
5.391649,6.6
5.4345727,6.2
5.3859086,3.5
5.4102106,6.0
5.2973785,6.5
5.3960743,6.0
5.4155602,4.8
5.4258337,6.6
5.4040346,6.1
6.9664884,6.2
5.5313315,6.2
5.4165416,6.6
5.4138584,6.5
5.4507875,5.0
5.3594017,6.1
5.4115996,3.5
5.4723754,6.6
5.3322215,6.1
5.420047,5.0
5.378036,6.5
5.396495,5.0
5.3675246,4.5
5.3876004,5.0
5.382576,6.6
5.422576,6.1
7.04648,5.8
5.4839087,6.2
5.398867,4.5
5.3594947,6.5
5.380538,6.5
5.361109,4.0
5.3689594,4.0
5.4978237,4.8
5.4791517,5.7
5.2979813,5.8
5.42057,5.0
5.441485,6.6
5.4297132,4.8
5.431249,6.1
5.4383535,5.7
5.3835683,5.7
5.4381394,6.2
5.4073834,5.7
5.4139,6.5
5.420452,4.8
5.40501,4.5
5.395053,4.5
5.393545,4.5
5.3097,5.0
5.4130344,6.2
6.9764543,5.8
5.311008,4.5
5.4087644,6.5
5.418328,4.0
5.33857,4.0
5.4202094,5.0
5.3730917,4.0
5.384811,6.2
5.4215894,6.5
6.9546494,5.7
5.3893075,6.5
5.4245048,6.6
5.4054465,3.5
5.3774414,6.5
5.392627,4.8
5.40744,4.0
5.282689,3.5
5.3195424,6.6
5.3692307,6.0
5.4070935,6.0
5.3558855,6.6
5.3561544,6.6
5.375888,4.0
5.414519,6.1
5.4217634,3.5
5.4455786,3.5
5.3783274,6.5
5.395383,6.5
5.430207,5.7
5.4815574,5.8
5.4514565,3.5
5.334878,6.0
6.915414,8.8
7.0739765,6.8
5.3926425,3.5
5.418017,6.6
5.4118237,5.7
5.3633184,6.5
5.386528,3.5
5.36821,5.0
5.4133863,4.5
5.3745303,5.7
7.0532894,9.0
5.4196873,6.6
5.405552,4.0
5.3851633,5.8
5.368182,4.8
6.9882455,5.8
5.4454694,6.6
5.37125,5.0
5.5433645,6.0
5.331655,5.0
5.303147,4.8
6.9349933,6.0
5.347016,5.7
5.4464216,6.5
5.4648156,4.5
5.345351,4.5
6.9740806,8.2
5.386772,6.5
5.4218173,6.0
5.3910513,5.0
5.4463606,6.5
5.4133015,6.5
5.3643527,6.5
5.4508815,3.5
5.4407263,5.8
5.417899,4.0
5.435448,6.6
5.364982,4.5
5.513803,6.6
5.3516684,6.5
5.40539,4.5
5.4338527,5.8
5.463565,5.0
5.397161,6.6
5.3634496,3.5
5.446143,6.2
5.28589,4.5
5.386778,6.0
5.3685346,6.2
6.8225837,8.2
5.383935,5.7
5.4296637,5.0
5.3780603,6.1
5.3754826,5.7
5.3730373,4.0
5.4247932,3.5
5.4313703,6.0
5.3995023,6.0
5.4354563,5.8
5.353314,4.5
5.3782787,3.5
5.396593,4.8
5.364773,4.0
5.376209,5.7
5.388052,6.1
5.432924,4.5
5.3515472,6.6
5.388536,5.8
5.3740144,3.5
5.3620524,5.7
5.3936977,5.7
5.404514,5.7
5.4129033,6.6
5.3245387,4.0
6.9809318,6.8
5.41854,6.2
5.3955903,3.5
5.4443874,3.5
5.394223,6.5
5.3822536,5.8
5.377672,3.5
5.373963,5.0
5.38653,3.5
5.461473,5.8
5.3718333,3.5
5.364308,6.6
5.3686204,5.7
5.3538485,6.6
5.4712877,4.0
5.4352646,5.0
6.8723645,5.7
5.3934584,5.8
5.3463936,6.5
5.356981,6.2
5.4712787,6.1
5.4206457,5.7
5.427918,5.8
5.3612614,6.0
5.3484993,5.8
5.4928637,6.5
5.488667,5.0
5.4360476,6.5
5.368114,5.0
6.8389654,8.8
6.965067,8.2
5.4861865,6.0
5.432786,4.5
5.3644457,6.1
6.8375864,7.5
5.431141,6.2
5.3854246,6.1
5.4452734,4.0
5.3738465,5.7
5.40805,4.8
5.4102983,6.1
5.4165096,5.7
5.2773714,6.5
5.400356,6.5
5.3127375,5.8
5.408534,6.1
5.3335576,6.1
6.91703,8.8
5.3757586,4.8
5.4384747,5.8
5.3904114,6.1
5.3855844,3.5
5.4228373,4.8
5.3975835,4.0
5.3859315,6.0
5.447564,3.5
5.5864577,6.5
5.428249,4.5
6.9323344,6.1
5.382046,6.6
5.427225,6.1
5.406194,4.8
5.3718095,5.0
5.4369435,6.2
5.3522844,4.5
5.336916,6.1
5.368645,4.5
5.428681,6.6
5.4382157,6.0
5.3267736,6.6
6.9967237,6.2
5.37585,4.5
5.386318,4.8
5.4299755,4.5
5.462609,6.6
5.3747973,6.1
5.424517,6.2
5.416684,6.0
5.439858,4.8
5.4102106,6.6
5.408537,4.0
5.4773154,5.0
5.407355,6.6
5.381265,4.0
6.916385,8.2
5.453462,6.0
5.464819,6.1
5.41452,4.0
5.3991623,4.5
5.356121,6.2
5.389137,6.2
5.3838263,5.7
6.9579077,6.0
5.3942127,5.8
5.407724,4.8
5.430185,3.5
5.434853,6.2
5.4210544,5.7
5.3979106,5.0
5.3946714,5.8
5.3464656,6.6
5.4665036,4.5
5.4585347,6.1
5.413346,6.5
5.3937006,5.7
5.318432,6.0
5.384695,6.1
5.3546515,4.5
5.5129585,6.1
6.932124,6.5
5.392985,3.5
5.432025,3.5
5.4270587,6.1
5.454121,6.6
5.328649,5.8
5.281186,6.0
5.495197,4.5
5.3724294,6.6
5.421896,5.0
6.9253216,5.7
5.389392,6.5
5.38822,5.8
5.3770604,6.1
6.922565,8.8
5.4071965,6.2
5.4241986,4.5
5.4416285,5.0
5.375081,5.8
5.4375033,6.1
5.3634934,3.5
5.370841,5.0
5.4550138,6.5
5.4237685,5.0
6.9661217,6.2
6.916936,6.0
5.3535385,6.0
6.8793187,5.7
5.419668,5.7
7.0035367,5.7
5.4070807,4.5
5.3340483,5.8
5.447654,4.0
5.423581,6.0
5.413657,6.5
5.406033,5.8
5.3664937,5.0
5.383548,5.7
5.386987,4.8
5.3784323,6.0
5.4648843,6.6
5.4162054,4.0
5.4360347,6.1
5.4198575,5.0
5.4386206,3.5
5.403593,5.8
5.3701878,6.0
5.410171,6.0
5.482768,6.5
5.404586,3.5
5.4187336,6.2
5.3410635,4.5
5.4017467,4.5
5.433832,5.7
5.370552,5.8
5.399851,6.0
5.346515,4.5
5.423714,6.6
5.424667,6.2
5.298099,4.5
5.436833,4.0
5.469386,4.8
5.3862085,6.1
5.4451876,4.8
5.385688,6.2
5.4184284,3.5
6.989997,8.8
5.4799,6.6
5.408534,6.5
5.378703,6.6
5.4233394,6.5
5.424884,4.8
5.390466,4.8
5.383217,5.0
5.4439645,5.8
5.4713926,3.5
5.4033127,5.7
5.5007343,4.0
5.341525,4.0
6.8761663,7.0
5.3842826,5.7
5.4042816,5.8
5.4101386,4.5
5.3590055,6.6
5.381566,6.5
5.3814473,4.5
5.524384,6.1
5.526455,3.5
5.361252,3.5
5.433707,5.0
5.384625,6.1
5.3825665,6.2
7.057924,9.0
5.352946,5.7
5.3439755,6.6
5.41749,4.0
5.408886,5.0
5.3745303,4.0
5.377962,5.7
5.3693333,6.0
6.9443183,5.8
5.4837213,6.1
5.445621,4.5
7.066524,6.8
5.3884025,6.2
5.4330006,4.0
5.3199472,6.0
5.379823,6.6
5.362351,6.1
5.3988514,6.5
5.423272,5.7
5.478051,6.2
5.366627,3.5
5.4317064,6.2
6.8984957,7.5
5.3734856,6.5
6.9592786,7.0
5.4393945,6.2
5.4380326,4.5
5.4437923,6.5
5.428581,6.2
5.4358206,5.8
5.4881134,6.5
5.3918414,4.8
5.3801236,6.2
5.4160476,6.2
5.3766384,3.5
5.449548,4.5
5.370915,6.6
5.417726,6.5
6.9450874,8.2
5.4164357,6.6
5.500597,6.5
5.3715134,5.8
5.360983,6.0
5.4531717,6.1
5.3904247,6.5
5.3731227,4.8
5.386388,6.6
5.373408,4.8
5.3758297,3.5
5.4013004,6.2
5.385173,4.8
5.2467227,3.5
5.4131465,4.8
5.377454,6.0
5.3910275,6.6
5.378068,5.0
5.3951235,6.1
5.4168687,6.1
5.349798,6.5
6.961606,6.5
5.339648,6.0
5.4851623,3.5
5.4417424,3.5
5.416473,5.8
5.4243917,6.2
5.432687,6.5
5.4600725,4.8
5.5153594,4.0
6.970703,6.0
5.34436,5.8
5.3830466,4.0
5.428725,6.1
5.4792314,6.0
5.3865542,5.0
5.4011955,4.0
5.3944693,4.5
5.4357095,4.5
5.548764,5.0
5.4230614,5.0
5.428249,5.7
5.3777494,6.2
5.3872457,6.2
5.4084873,4.5
5.323703,6.0
5.35135,6.1
5.475833,6.0
5.4203143,5.0
5.352888,5.0
5.4148197,5.7
5.3613787,6.5
5.4203143,6.2
5.4627156,6.5
5.444172,3.5
5.3717537,4.8
5.345277,6.0
6.824718,6.5
5.420027,6.2
5.387085,6.0
5.4636474,6.6
5.413993,3.5
5.3976007,6.1
5.34298,6.1
5.4063034,6.0
5.429506,4.0
5.41979,3.5
5.4351,6.6
5.3363013,3.5
5.448401,5.8
5.383105,5.7
5.325614,6.1
5.384408,6.5
5.3768277,4.8
5.42396,6.5
5.399188,5.8
5.368346,6.5
5.3361716,5.0
5.296141,3.5
5.3294687,4.5
5.36488,4.0
5.3888044,5.7
5.405816,6.2
5.401298,6.6
5.3579373,5.7
5.397444,6.2
5.368972,4.5
5.3938923,6.2
5.471622,4.8
5.39747,4.8
5.270335,4.8
6.85054,5.7
5.4570427,4.8
5.401825,5.8
5.435415,6.5
5.414898,6.0
5.3916225,5.7
5.413076,4.5
5.4263525,5.7
5.379344,6.1
5.362114,6.2
5.391428,4.5
6.931519,9.0
5.3689675,4.0
6.973855,8.8
5.3920507,6.0
5.369658,4.8
5.3974385,4.5
5.3873014,6.2
5.4391327,6.1
5.4133015,4.5
5.3704267,4.8
5.3860927,5.7
5.3772807,6.6
6.9735327,8.2
5.392667,3.5
5.4299784,5.8
5.385451,6.1
5.360179,6.6
5.326452,6.1
7.0034943,6.6
5.370436,5.8
5.3979735,5.7
5.389942,6.0
5.40441,5.7
5.408878,4.0
5.3831096,5.7
5.428652,6.5
5.388695,6.5
5.400055,6.2
5.3796983,6.0
5.4203525,6.1
5.406992,6.5
5.4235787,6.2
5.4034734,5.8
5.40482,5.8
5.4717755,4.0
5.379832,6.2
5.398254,4.0
5.39794,4.5
5.3077087,6.2
5.4458227,6.0
6.762899,6.0
5.390952,4.5
5.4051366,5.8
5.4381056,5.8
5.4122567,6.2
5.4172554,3.5
5.4065304,6.6
5.408518,4.5
5.3775167,6.1
5.4049735,6.2
5.3788357,4.5
6.9350557,6.0
5.393294,5.8
5.3891063,3.5
5.3369427,6.6
5.519289,3.5
5.407217,5.8
5.379719,4.0
5.3627205,5.8
5.4028416,6.2
5.3832564,4.5
5.473845,6.2
5.3850684,6.6
5.4234433,4.0
6.847018,5.8
5.40801,6.2
5.4854865,6.6
5.3958287,6.0
6.955641,5.7
5.3704515,6.0
5.283067,5.0
5.466427,4.0
5.480519,6.2
5.44605,6.5
5.484812,6.0
5.435524,5.7
5.3759766,4.5
5.386132,4.0
5.376539,4.5
5.4184384,4.5
5.337506,5.0
6.759984,8.8
5.380062,6.5
5.4142942,6.5
5.326023,6.5
5.3870625,6.6
5.4466877,6.6
5.395803,6.5
5.4249344,4.8
5.4216294,6.6
5.378757,6.2
5.447881,4.0
5.4700427,4.0
6.8799896,6.2
5.343411,5.8
5.483052,6.0
5.368832,6.5
