diabetes,diabetes_pred
0.0,1.748546e-06
0.0,3.8212875e-06
0.0,1.3015786e-07
0.0,0.011037678
0.0,0.04504346
0.0,0.024117231
1.0,1.0
0.0,4.61282e-14
0.0,0.00015163331
0.0,0.10642125
0.0,0.013495786
0.0,2.5479117e-06
0.0,4.343118e-07
0.0,0.1468027
0.0,3.304636e-10
0.0,0.017072517
0.0,8.0435544e-05
1.0,1.0
0.0,6.1898913e-07
0.0,0.00024462267
0.0,1.7917028e-18
0.0,6.662202e-06
0.0,0.00014311353
0.0,3.8756352e-15
0.0,0.016798958
0.0,2.9602905e-05
1.0,1.0
0.0,0.0107638035
0.0,0.023703597
0.0,2.3966213e-06
0.0,2.892833e-12
0.0,0.00010240744
0.0,5.2448423e-16
0.0,0.040832642
0.0,0.20507774
0.0,0.0014542644
1.0,1.0
0.0,0.010393201
0.0,1.25312e-09
0.0,0.03302001
0.0,2.0260979e-05
0.0,0.20124003
0.0,8.2817566e-16
0.0,0.062231515
0.0,0.0032097828
0.0,3.4570799e-06
1.0,0.097282626
1.0,0.48138195
0.0,0.06207177
0.0,6.926072e-08
0.0,6.013204e-21
1.0,1.0
0.0,6.928699e-16
0.0,0.008432331
0.0,0.073991396
0.0,3.31685e-17
0.0,0.014509492
0.0,9.561704e-09
0.0,5.580015e-06
1.0,1.0
0.0,3.2901853e-06
0.0,8.325294e-07
0.0,3.7831684e-09
0.0,0.0067900866
0.0,0.079187654
0.0,0.027778449
0.0,7.4230865e-11
0.0,4.2384007e-05
0.0,5.0851962e-18
0.0,5.806462e-09
1.0,0.68087274
0.0,3.5182815e-08
0.0,0.019919824
0.0,5.3715894e-06
0.0,1.1153852e-14
0.0,0.2733576
0.0,0.008505818
0.0,0.079746336
0.0,0.0030720325
0.0,5.935697e-19
0.0,0.00029804738
0.0,0.044778146
0.0,0.02652662
0.0,0.031127322
0.0,1.11923026e-10
0.0,1.2839825e-10
0.0,4.513669e-05
0.0,6.410434e-08
0.0,0.06516962
1.0,1.0
0.0,5.2967346e-07
0.0,1.01927134e-13
0.0,7.107295e-20
0.0,3.2296821e-12
0.0,0.047350753
0.0,1.4976905e-09
0.0,1.0174378e-13
0.0,0.42619595
0.0,0.029193552
0.0,2.8736578e-08
0.0,1.6502078e-07
0.0,0.00025424344
0.0,0.02931213
0.0,5.366618e-13
0.0,2.658569e-07
1.0,1.0
0.0,1.1601657e-12
1.0,1.0
0.0,0.012833
0.0,9.240925e-08
0.0,0.03471132
0.0,4.798218e-16
0.0,0.00019644748
0.0,5.7293964e-13
0.0,0.15761532
0.0,0.00021883842
0.0,0.022693545
0.0,1.8639672e-06
1.0,1.0
0.0,0.01866743
0.0,0.007090392
0.0,0.42947006
0.0,4.0977857e-06
0.0,0.04043722
0.0,5.8611427e-06
0.0,5.852316e-09
0.0,1.8174707e-05
0.0,0.011544546
1.0,0.13059546
0.0,3.927732e-07
0.0,1.961584e-05
0.0,0.050518665
0.0,1.5060799e-05
0.0,2.8450584e-08
0.0,3.3806336e-07
0.0,0.06850448
0.0,0.11924485
0.0,1.5999906e-06
0.0,1.5820076e-11
0.0,5.287655e-15
0.0,3.1835382e-15
0.0,3.95968e-12
0.0,0.0027430926
0.0,2.6092691e-06
0.0,6.490192e-07
0.0,0.005766493
0.0,0.27037188
0.0,0.0001797645
0.0,5.8155623e-05
0.0,2.8324402e-07
0.0,1.296805e-05
0.0,1.7385295e-06
0.0,5.0590204e-10
0.0,0.030607285
0.0,0.04113807
0.0,9.300059e-11
0.0,8.506483e-08
0.0,7.654678e-10
0.0,2.544015e-07
0.0,2.5393383e-15
0.0,6.1687e-07
0.0,0.0617779
0.0,0.040145006
0.0,0.010421576
0.0,2.88598e-14
0.0,3.4437097e-08
1.0,1.0
0.0,1.072578e-06
1.0,1.0
0.0,4.6214743e-07
0.0,0.039023016
0.0,0.09880549
0.0,3.6765585e-05
0.0,1.7829132e-19
0.0,1.8115088e-06
0.0,0.016645635
0.0,1.1490167e-05
0.0,0.0060598506
0.0,2.8375086e-06
0.0,9.681514e-07
0.0,1.2295488e-05
0.0,0.009096701
0.0,0.00071401184
0.0,0.20290935
0.0,0.24615683
0.0,0.15666637
0.0,5.2789423e-05
0.0,1.7972492e-05
0.0,4.0729778e-13
0.0,0.08314972
0.0,1.3193057e-06
0.0,5.698644e-19
0.0,0.13817593
0.0,2.108055e-07
1.0,1.0
0.0,0.057821006
0.0,0.087327294
0.0,0.038273323
0.0,2.4793876e-06
0.0,3.9307704e-07
0.0,0.013096545
0.0,2.0470951e-10
0.0,0.12869602
0.0,4.056198e-06
0.0,3.890291e-12
0.0,2.71452e-05
0.0,3.115857e-13
0.0,0.023989787
0.0,8.412375e-06
0.0,0.05748168
0.0,1.3777235e-05
0.0,1.8140268e-10
0.0,1.2621925e-09
1.0,1.0
0.0,0.017670186
0.0,0.09016294
0.0,4.9197204e-12
0.0,0.20563118
0.0,1.7485977e-06
0.0,0.0051773684
0.0,0.15728758
0.0,2.2087571e-13
0.0,0.008840176
0.0,0.28022012
1.0,0.99999064
0.0,1.4402976e-10
0.0,0.027802005
0.0,9.809868e-10
0.0,0.003731779
0.0,2.155479e-15
1.0,1.0
0.0,0.012726572
0.0,7.6157157e-06
0.0,1.1300282e-10
0.0,0.08082403
0.0,3.8246496e-11
0.0,0.20175432
0.0,1.3612956e-16
0.0,2.049406e-08
0.0,0.040102556
0.0,0.26436955
0.0,1.0309221e-10
0.0,5.447241e-07
0.0,3.8044942e-05
0.0,3.8301365e-05
1.0,0.9992396
0.0,1.8670179e-10
0.0,2.4996162e-16
0.0,2.5654333e-07
0.0,0.20258677
0.0,0.00011737019
0.0,0.0016519844
0.0,0.18572292
0.0,6.0587163e-06
0.0,0.10712511
0.0,0.0056839874
0.0,2.2655135e-07
0.0,0.0022137582
0.0,0.01876712
0.0,2.0865288e-08
0.0,4.090729e-05
0.0,1.7790094e-16
0.0,1.0444562e-05
0.0,1.1589555e-05
1.0,0.3798681
0.0,0.0508865
1.0,1.0
0.0,7.7218605e-16
0.0,0.043071095
0.0,2.1890074e-07
1.0,1.0
0.0,0.0089403
1.0,1.0
0.0,6.348979e-05
0.0,3.218794e-11
0.0,1.5507341e-05
0.0,0.0014589049
0.0,2.791877e-15
0.0,5.2673317e-06
0.0,9.118661e-16
1.0,0.26137644
0.0,0.002979104
0.0,4.0415716e-06
0.0,1.3015174e-11
0.0,0.007556426
0.0,0.019815983
0.0,0.0019685633
0.0,0.0021113774
0.0,8.707396e-08
0.0,3.5081237e-06
0.0,0.0017681045
0.0,7.8383176e-09
0.0,0.03752687
0.0,0.013708645
0.0,2.6516839e-08
0.0,2.2195825e-06
0.0,3.9871052e-13
0.0,0.005371447
0.0,5.024247e-05
0.0,7.988815e-05
0.0,9.924409e-09
0.0,0.01419549
0.0,1.5815215e-07
0.0,3.7899423e-07
0.0,4.0942885e-09
0.0,0.18400493
0.0,0.0985492
0.0,4.981882e-12
0.0,1.2537444e-07
0.0,6.733152e-06
0.0,6.789531e-09
0.0,0.107064165
0.0,0.08703996
0.0,7.226292e-15
1.0,0.08472193
0.0,1.1905145e-06
0.0,1.4745238e-13
0.0,0.027349845
0.0,1.4155632e-13
0.0,7.1056706e-06
0.0,0.3947012
1.0,1.0
1.0,1.0
0.0,1.260997e-16
0.0,0.0790266
0.0,1.207742e-13
0.0,5.4711737e-08
0.0,0.0033234998
0.0,1.2422595e-08
0.0,3.5346625e-17
0.0,1.2854987e-18
0.0,0.030612832
0.0,5.9699734e-16
0.0,3.5998455e-12
0.0,0.033877343
0.0,0.002036036
0.0,0.00397065
0.0,0.047487404
0.0,0.0060791615
0.0,6.9822045e-06
0.0,3.3642594e-10
0.0,1.742215e-14
1.0,1.0
0.0,6.456622e-19
0.0,3.4802753e-05
0.0,1.8236167e-09
0.0,0.46195176
0.0,0.023850556
0.0,1.8034328e-07
0.0,9.454058e-07
0.0,9.801936e-06
0.0,0.15983486
0.0,1.7690423e-15
0.0,8.580223e-06
1.0,1.0
0.0,0.024148043
0.0,0.0053382297
0.0,2.7900318e-10
0.0,0.03327588
0.0,1.226705e-07
0.0,0.06367829
0.0,0.0020353298
0.0,4.0785685e-06
0.0,5.424153e-06
0.0,0.10556171
0.0,1.7853903e-05
0.0,1.8559795e-10
1.0,0.34554476
0.0,0.03962223
0.0,0.03864196
0.0,0.004379672
0.0,8.5268476e-10
0.0,1.2592906e-16
0.0,1.333356e-05
0.0,0.0023293246
0.0,0.00015553976
0.0,0.0993878
0.0,0.013324006
0.0,8.616289e-07
0.0,0.08215252
0.0,4.7777665e-10
0.0,1.2682844e-11
0.0,8.258636e-11
0.0,3.566196e-08
0.0,0.007727807
0.0,2.878678e-07
0.0,0.06935713
0.0,3.953621e-07
0.0,6.05661e-13
0.0,0.4201652
0.0,9.9325175e-12
0.0,0.047629472
0.0,0.012682478
0.0,0.016396092
0.0,6.858549e-13
0.0,0.0034137147
0.0,2.8945428e-13
0.0,1.9191527e-06
0.0,0.026690476
0.0,0.018079717
0.0,5.424561e-15
0.0,8.404004e-07
0.0,3.6176368e-06
0.0,0.014345927
0.0,1.6587368e-10
0.0,1.4419758e-19
0.0,0.0027704104
0.0,0.09470929
1.0,1.0
0.0,0.0016502797
0.0,3.79992e-15
0.0,0.05315115
0.0,0.003613193
0.0,0.001470151
1.0,1.0
0.0,2.0999404e-07
1.0,1.0
0.0,1.8554559e-06
0.0,0.08108825
0.0,0.1901841
0.0,5.8739374e-11
0.0,7.615396e-06
0.0,1.2879126e-08
0.0,4.330198e-10
0.0,2.8995737e-05
0.0,7.449894e-06
1.0,1.0
0.0,0.04980533
0.0,2.9767405e-13
1.0,0.99964243
1.0,1.0
0.0,1.9669835e-07
0.0,4.5643035e-05
0.0,0.00648341
0.0,0.04505329
0.0,0.040024355
0.0,1.6409334e-06
0.0,4.8075592e-09
0.0,1.857566e-10
0.0,6.919058e-07
0.0,0.28176308
0.0,0.0018042434
0.0,1.8807735e-06
0.0,0.016614782
0.0,0.058966488
0.0,1.0368315e-07
0.0,2.8204749e-08
0.0,1.1249882e-06
0.0,1.69065e-07
0.0,5.8639675e-05
0.0,2.1308256e-08
0.0,0.14535747
0.0,3.509079e-05
0.0,6.0568673e-06
1.0,0.30810377
0.0,0.09151187
0.0,4.6315247e-08
0.0,5.993815e-06
0.0,0.005807711
0.0,0.095276326
0.0,0.0004166091
0.0,4.1424813e-16
0.0,3.1664233e-16
1.0,1.0
0.0,1.6921534e-07
0.0,0.11641999
0.0,0.0076550576
0.0,1.848495e-12
1.0,1.0
0.0,0.00030503058
1.0,1.0
0.0,0.03890391
1.0,1.0
1.0,1.0
1.0,0.99934363
0.0,0.014837705
0.0,1.3544478e-16
0.0,0.007311201
0.0,1.0230621e-16
0.0,0.015523063
0.0,0.059232134
0.0,0.13438864
0.0,2.372205e-10
0.0,1.4969337e-06
0.0,6.42201e-07
0.0,0.37720686
0.0,6.0219134e-07
0.0,1.2085571e-10
0.0,0.03323243
0.0,1.9686063e-06
0.0,1.0313932e-11
0.0,6.244832e-07
0.0,4.3610594e-08
0.0,1.03053535e-05
0.0,0.1540959
0.0,1.2161726e-06
0.0,0.027679246
0.0,8.364953e-05
0.0,1.6043022e-06
0.0,8.2659087e-17
0.0,9.685553e-19
0.0,0.026190983
0.0,6.654877e-07
0.0,6.7966334e-06
0.0,1.2560568e-12
0.0,0.09736017
0.0,0.116656736
1.0,1.0
0.0,1.3579017e-05
0.0,3.8196083e-07
0.0,4.1179824e-15
0.0,0.4479611
0.0,3.7357253e-14
0.0,6.499382e-05
0.0,1.0363863e-15
0.0,5.8920506e-14
0.0,2.7832447e-10
0.0,2.6618489e-08
1.0,1.0
0.0,3.687289e-07
0.0,0.019277724
0.0,2.1344709e-11
0.0,5.6579226e-19
0.0,0.028960215
0.0,2.6285172e-14
0.0,5.5671985e-06
0.0,3.870181e-13
0.0,8.7223976e-05
0.0,2.6701902e-05
0.0,1.0696742e-05
0.0,2.0724725e-08
0.0,0.0002634849
0.0,1.3398297e-09
0.0,0.05773313
0.0,0.2066974
0.0,6.8897654e-10
0.0,0.07577074
0.0,0.0042041116
0.0,0.035110734
0.0,0.3454924
0.0,0.046926335
0.0,5.369351e-09
0.0,1.3803412e-06
0.0,5.2065595e-08
0.0,0.04091466
0.0,0.009027415
0.0,0.22767796
0.0,5.983698e-16
0.0,6.3609224e-07
0.0,3.4942882e-10
0.0,0.14495873
0.0,0.29665962
0.0,0.05829551
0.0,0.0053051966
1.0,1.0
0.0,8.367305e-16
0.0,2.8174262e-07
0.0,2.4795228e-05
0.0,2.6559418e-11
0.0,4.4016782e-10
1.0,0.32644188
0.0,0.2546043
0.0,2.9064172e-15
0.0,3.293984e-05
1.0,1.0
0.0,8.724071e-12
1.0,1.0
0.0,0.0003222886
0.0,0.16024959
0.0,1.5582557e-08
0.0,7.8193386e-07
0.0,3.17955e-12
0.0,2.9075924e-08
0.0,0.021675413
0.0,0.00016799149
0.0,7.006923e-16
0.0,0.0028134298
0.0,3.082424e-13
0.0,2.7507221e-15
1.0,1.0
0.0,0.28763613
0.0,1.503408e-10
0.0,0.012124165
0.0,0.028910879
0.0,0.0550418
0.0,0.28292084
0.0,0.00028022623
0.0,0.117941946
0.0,1.08096035e-16
0.0,4.389593e-15
0.0,1.6224696e-08
0.0,0.11841722
1.0,0.20785852
0.0,0.07720453
0.0,6.937747e-12
0.0,3.0832848e-15
0.0,0.15117478
0.0,2.0415289e-08
0.0,0.005579858
0.0,3.5473626e-16
0.0,6.370778e-13
0.0,3.3579585e-07
0.0,0.020812403
0.0,0.00025295085
0.0,1.2747237e-06
0.0,0.04730853
0.0,0.0012881166
0.0,0.05725432
0.0,1.9987015e-14
0.0,4.90529e-13
0.0,4.8129345e-06
0.0,5.6089855e-10
0.0,0.014870579
0.0,3.9817573e-06
0.0,0.03222105
0.0,6.0369274e-07
0.0,4.986263e-09
0.0,8.961547e-09
0.0,1.0020793e-19
0.0,9.6708535e-09
0.0,0.00016712297
0.0,4.398772e-14
0.0,1.8820076e-05
0.0,2.1619159e-10
0.0,0.57572997
0.0,0.009959313
0.0,3.0777603e-06
0.0,1.3381388e-10
0.0,0.048079047
0.0,0.20654307
0.0,2.5045162e-07
0.0,5.553163e-10
0.0,1.5659921e-13
0.0,0.002086046
0.0,1.0019778e-05
0.0,3.5150714e-07
0.0,2.4887544e-07
0.0,2.1231258e-06
0.0,4.8214094e-08
0.0,0.00011619757
0.0,3.874504e-07
0.0,2.854355e-05
0.0,1.7188494e-14
0.0,0.0043474003
0.0,1.1615626e-13
0.0,0.015242466
0.0,7.077202e-05
0.0,4.2147823e-09
0.0,1.58812e-08
0.0,1.3650252e-14
0.0,0.059642397
0.0,1.9329811e-05
0.0,1.8694468e-19
0.0,1.2572236e-05
0.0,6.742899e-13
0.0,0.23118667
0.0,4.795679e-06
0.0,1.9292992e-17
1.0,0.17763889
0.0,9.066163e-07
0.0,1.6481776e-05
0.0,1.1936296e-10
0.0,6.1724145e-13
0.0,6.59454e-06
0.0,1.2402786e-05
0.0,2.8515242e-18
1.0,0.99901825
0.0,0.06852568
0.0,8.796736e-09
0.0,0.028903052
0.0,0.14214091
0.0,2.1149153e-06
1.0,1.0
0.0,0.004158812
0.0,0.3064857
0.0,2.0694197e-15
0.0,0.40224692
0.0,0.021486003
0.0,4.645165e-13
0.0,7.408934e-06
0.0,0.00015161668
0.0,9.810053e-05
0.0,2.0298843e-09
0.0,5.0079907e-06
0.0,3.4243395e-09
0.0,0.03288039
0.0,8.774602e-12
0.0,4.1135517e-09
0.0,0.09225889
0.0,1.5342764e-11
0.0,4.974651e-06
0.0,0.06718344
0.0,1.3028329e-06
0.0,1.3859276e-16
0.0,0.13504827
0.0,9.831937e-13
1.0,0.3002202
0.0,0.23006718
0.0,0.016210819
0.0,0.090708
0.0,1.8698216e-15
0.0,1.3635675e-15
0.0,2.2012502e-05
0.0,0.031814013
0.0,2.865754e-08
0.0,0.4577273
0.0,0.071998455
0.0,0.0025185428
0.0,3.2359515e-07
1.0,0.03128213
0.0,3.1042355e-14
0.0,7.891993e-16
0.0,0.15823945
0.0,0.2902889
0.0,0.027084697
0.0,6.237296e-09
0.0,1.8886687e-05
0.0,0.025417103
0.0,1.6830985e-17
1.0,1.0
0.0,1.8495166e-05
0.0,0.1480866
0.0,0.00023962335
0.0,1.9513674e-07
0.0,1.1971393e-06
0.0,0.014768919
0.0,0.009099165
0.0,2.072756e-06
0.0,6.3724045e-05
0.0,0.029702554
0.0,0.0006355812
1.0,0.9999999
0.0,0.002624759
1.0,1.0
0.0,3.52278e-08
0.0,0.00014262662
0.0,5.332161e-10
0.0,5.5345014e-13
0.0,0.05094818
0.0,2.183276e-15
0.0,0.0073052645
0.0,8.935443e-07
0.0,0.11994825
0.0,2.0246307e-15
0.0,2.3511271e-11
0.0,0.026925787
0.0,1.3436522e-06
0.0,5.8283654e-16
0.0,1.6110266e-15
0.0,3.0351837e-06
0.0,0.22245684
1.0,1.0
0.0,0.000166278
0.0,9.736373e-05
0.0,3.077204e-08
0.0,7.281799e-08
0.0,3.9674726e-09
0.0,0.08912857
0.0,1.2509732e-10
0.0,7.303863e-11
0.0,0.10255288
0.0,3.0642363e-07
0.0,0.010567371
0.0,0.10139815
0.0,0.00018583692
0.0,0.056341223
0.0,0.015764484
0.0,0.1531632
0.0,0.11148682
0.0,3.1329708e-10
0.0,2.377181e-07
0.0,2.0366117e-07
0.0,0.25791845
0.0,1.3042467e-05
0.0,0.010679384
1.0,0.1402865
0.0,0.012310041
0.0,1.6099053e-06
0.0,1.8309e-13
0.0,1.365707e-15
0.0,0.1622283
0.0,0.15363494
0.0,0.1934984
0.0,0.0123633295
0.0,1.3050293e-12
0.0,7.5428986e-08
0.0,0.016061233
0.0,3.177573e-06
0.0,0.0006716928
0.0,0.013339379
0.0,0.17994721
0.0,6.160324e-13
0.0,1.9398043e-07
0.0,0.040279847
0.0,1.849116e-08
0.0,5.9434745e-07
0.0,0.2824125
0.0,0.065520376
0.0,9.2113237e-07
0.0,0.010404537
0.0,0.0021924037
0.0,0.11095058
0.0,1.3040142e-08
0.0,0.0072629335
0.0,1.5434713e-19
0.0,0.26077595
0.0,3.824618e-13
0.0,0.21555462
0.0,9.06251e-10
0.0,0.07591143
0.0,4.5925025e-16
0.0,0.40321997
0.0,6.612199e-15
0.0,3.4475503e-10
0.0,0.23956265
0.0,0.0004939488
0.0,0.3510395
0.0,0.041970417
1.0,0.07153776
0.0,8.8616047e-16
0.0,4.0273954e-07
0.0,2.6228555e-15
0.0,0.09138713
0.0,0.063907295
0.0,1.9313493e-14
0.0,0.064392686
0.0,0.021177344
0.0,0.017713318
0.0,0.12853125
0.0,0.00040552323
0.0,0.013545973
0.0,0.041038033
0.0,2.152944e-11
0.0,2.4155506e-15
0.0,1.5710976e-12
0.0,0.0030185704
0.0,0.105744205
0.0,1.9729222e-07
0.0,0.24245739
0.0,1.672142e-18
0.0,0.011101198
0.0,4.3750325e-07
0.0,1.2366637e-16
0.0,6.3355246e-06
0.0,0.001320985
0.0,1.1934735e-06
0.0,9.261265e-06
0.0,5.314082e-08
0.0,0.00058869075
0.0,5.1597567e-06
0.0,2.5390367e-13
0.0,4.742693e-10
0.0,0.043077257
0.0,0.0875729
0.0,9.113787e-13
0.0,0.0058543882
0.0,4.940586e-13
0.0,2.3122308e-08
0.0,0.077279136
0.0,2.7617844e-11
0.0,1.16036174e-10
0.0,0.18397118
0.0,0.053337067
0.0,1.7650009e-12
0.0,0.16538356
0.0,0.061183088
0.0,5.358838e-07
0.0,0.00010445372
0.0,3.3043216e-14
0.0,5.2170947e-13
1.0,1.0
1.0,0.063027635
0.0,4.8443145e-13
0.0,1.6285228e-14
0.0,7.3845575e-07
0.0,6.276291e-05
0.0,0.045515887
0.0,0.061042298
0.0,2.5587844e-06
1.0,0.08414236
0.0,4.0478293e-10
0.0,0.009747876
1.0,1.0
0.0,4.1307985e-06
0.0,0.015000656
0.0,0.082881354
0.0,3.4022792e-06
1.0,0.19089258
0.0,0.3384856
0.0,1.0763376e-06
0.0,0.016673034
0.0,0.009999331
0.0,1.1980089e-05
0.0,2.805606e-12
0.0,2.3186555e-09
0.0,7.9570304e-07
0.0,1.0448816e-14
0.0,1.3802586e-12
1.0,1.0
0.0,0.022545265
0.0,2.0803569e-05
0.0,0.046568006
0.0,1.8298442e-06
0.0,0.022156356
0.0,3.474614e-08
0.0,1.940102e-05
0.0,3.4321663e-06
0.0,4.988939e-16
0.0,0.2076534
0.0,0.059706245
0.0,8.639267e-17
0.0,0.035721347
0.0,0.17476755
0.0,2.2878468e-13
0.0,0.040102366
1.0,0.048719037
0.0,0.047133714
0.0,0.0017690855
0.0,0.0037961742
0.0,2.473182e-16
1.0,1.0
1.0,1.0
0.0,1.1795832e-07
0.0,1.4359636e-14
0.0,3.151939e-08
0.0,0.0007703936
0.0,1.5201385e-07
0.0,8.046809e-11
0.0,5.1673094e-10
0.0,0.17474401
0.0,0.002875166
0.0,0.12755932
1.0,0.16356274
0.0,1.2254224e-05
0.0,2.8977565e-10
0.0,5.450047e-06
0.0,0.28896412
0.0,0.05479606
0.0,0.12132881
0.0,0.09530596
0.0,0.15146658
0.0,2.7193924e-11
0.0,0.071284026
0.0,6.7224016e-07
0.0,3.857243e-15
0.0,1.0233811e-17
1.0,0.28703076
0.0,3.0810387e-08
1.0,1.0
0.0,0.056947827
0.0,3.7624673e-08
0.0,1.296443e-15
0.0,7.855581e-07
0.0,4.2656534e-12
1.0,0.0533039
0.0,6.0216527e-05
0.0,5.5541936e-16
1.0,0.053299904
0.0,0.028267253
1.0,1.0
0.0,0.000782238
1.0,1.0
0.0,0.031751126
0.0,0.030197613
0.0,0.0102616055
0.0,1.4988355e-10
0.0,0.04832682
0.0,2.4482046e-05
0.0,2.018034e-05
0.0,0.0031351214
0.0,5.1453982e-05
0.0,9.962836e-17
0.0,2.6572306e-07
0.0,8.788735e-09
0.0,9.446684e-09
1.0,1.0
0.0,0.019961376
1.0,1.0
0.0,0.013666074
0.0,0.0046502557
0.0,1.5574816e-13
0.0,2.1115477e-07
0.0,3.4804265e-10
1.0,1.0
0.0,8.228101e-12
0.0,0.27057564
0.0,0.08017051
0.0,1.2063019e-18
0.0,1.0760272e-13
0.0,0.011054952
0.0,8.485287e-07
0.0,0.11788273
0.0,0.113498606
0.0,2.473667e-09
1.0,1.0
1.0,1.0
0.0,0.11200428
1.0,1.0
0.0,0.0049108993
0.0,0.0004375323
0.0,9.183762e-13
0.0,0.00023585816
0.0,0.0010181036
0.0,0.071058236
0.0,4.518959e-11
0.0,1.3009431e-20
0.0,0.012689371
1.0,0.0800086
0.0,5.0068888e-08
0.0,1.1004005e-06
0.0,1.5284684e-05
0.0,1.5303453e-11
0.0,0.01958948
0.0,0.05093397
0.0,0.0020241868
0.0,3.2643466e-15
0.0,4.1220933e-14
0.0,0.00041815388
0.0,0.015085603
0.0,8.967034e-13
0.0,0.0028448119
0.0,3.4855004e-06
0.0,9.97067e-07
1.0,1.0
0.0,0.20869567
0.0,0.0011897874
0.0,3.9356967e-13
0.0,0.071240954
1.0,1.0
0.0,1.5368942e-08
1.0,1.0
1.0,1.0
0.0,0.07875885
0.0,2.1200144e-15
0.0,3.831645e-11
0.0,0.054350555
0.0,1.0249631e-18
0.0,1.6316426e-09
0.0,5.495253e-14
0.0,2.6346427e-12
0.0,0.0011214991
0.0,0.048068665
1.0,1.0
0.0,0.00014178254
1.0,1.0
0.0,0.25752637
0.0,0.036783475
0.0,1.5814578e-12
0.0,4.461519e-06
0.0,2.2481912e-10
0.0,0.036038112
0.0,1.1470525e-05
0.0,3.031556e-05
0.0,8.093514e-14
0.0,1.4250669e-07
0.0,1.1034267e-05
0.0,5.722522e-11
0.0,9.17914e-06
0.0,0.18509004
0.0,2.025031e-08
1.0,1.0
0.0,0.00045065017
1.0,1.0
0.0,4.7455337e-06
1.0,1.0
0.0,6.9736735e-08
0.0,1.8979229e-06
0.0,0.1290593
0.0,0.15005107
0.0,0.3055336
0.0,0.06761973
0.0,3.2605585e-11
0.0,4.6713046e-13
0.0,3.398439e-15
1.0,1.0
0.0,0.53011215
0.0,0.118447185
0.0,1.5145099e-09
0.0,0.0002454635
0.0,0.0057994905
0.0,0.036585733
0.0,0.18790112
0.0,2.6193693e-13
0.0,0.05263431
0.0,0.031763867
0.0,0.028704297
0.0,6.238822e-05
0.0,1.2517838e-06
0.0,7.2901756e-09
0.0,1.7475336e-13
0.0,0.07844169
0.0,0.025860256
0.0,9.527821e-06
0.0,1.4714155e-11
0.0,0.0011497375
1.0,1.0
0.0,3.7123892e-16
0.0,0.36572492
0.0,1.275271e-14
0.0,0.016236683
0.0,0.0036149553
0.0,2.8991632e-16
0.0,0.000366294
0.0,1.6813108e-10
0.0,8.3093664e-07
0.0,9.841471e-06
0.0,0.31177074
0.0,2.0126972e-20
0.0,3.726294e-16
0.0,8.5554757e-07
0.0,3.6691983e-10
0.0,1.32029e-06
0.0,0.04982354
0.0,4.4840996e-07
0.0,1.6588343e-15
0.0,4.7119718e-14
0.0,1.5213554e-06
0.0,6.762696e-13
0.0,0.00020467234
0.0,6.157688e-11
0.0,5.1464826e-07
0.0,8.010042e-12
0.0,5.4460775e-10
0.0,1.4556309e-10
0.0,0.010513665
0.0,0.008513651
0.0,0.39768058
1.0,1.0
0.0,1.0680534e-15
0.0,1.0367651e-05
0.0,0.09351354
0.0,5.3310957e-16
0.0,0.029980363
0.0,3.4820776e-05
0.0,5.5853425e-12
0.0,0.035242952
0.0,1.467433e-07
0.0,1.1900593e-12
1.0,0.3058617
0.0,1.2132962e-06
0.0,4.71195e-08
0.0,0.0042796005
0.0,5.0904156e-11
1.0,0.08167158
0.0,0.0017408765
0.0,0.022305291
0.0,1.8292444e-11
0.0,1.0791055e-06
0.0,0.05539056
0.0,4.1151993e-09
0.0,3.7233428e-06
0.0,0.08888608
0.0,7.424514e-12
0.0,0.044820875
0.0,0.055176497
1.0,1.0
0.0,6.393972e-09
0.0,0.059991736
0.0,2.062255e-16
0.0,0.007839059
0.0,0.012971558
1.0,0.15660183
0.0,8.864469e-05
0.0,1.6895938e-05
0.0,0.0011449062
0.0,7.6427284e-07
0.0,2.7764572e-05
0.0,0.08215685
0.0,0.0025952249
0.0,6.4770145e-15
0.0,7.275527e-15
0.0,0.0016833297
0.0,0.0038950944
0.0,0.14777222
0.0,0.015229473
0.0,3.0475278e-06
0.0,0.008925821
0.0,0.028094538
0.0,1.9924677e-07
0.0,5.8847277e-06
0.0,2.7606002e-05
0.0,6.065194e-11
0.0,0.023676708
0.0,0.038386233
0.0,1.6350301e-06
0.0,0.051358357
1.0,1.0
0.0,1.8377262e-06
0.0,6.936057e-07
0.0,1.8680763e-05
0.0,0.06849628
0.0,4.865373e-06
0.0,3.0798947e-11
0.0,7.086062e-15
0.0,9.46711e-06
0.0,0.24099018
0.0,0.002357529
0.0,0.054305155
0.0,0.083533116
0.0,0.026351037
0.0,3.818351e-08
1.0,1.0
0.0,0.047241375
0.0,3.4462306e-09
0.0,0.005641405
0.0,1.13697745e-07
0.0,7.299639e-12
0.0,0.025543455
0.0,0.07347869
0.0,1.5768633e-07
1.0,1.0
0.0,1.3124742e-05
0.0,3.91531e-08
1.0,0.99999976
0.0,3.859505e-17
0.0,0.38273904
0.0,3.6870294e-15
0.0,3.6860337e-07
0.0,0.013003789
0.0,1.9056546e-06
0.0,0.040986676
0.0,1.00870434e-16
1.0,0.18237399
0.0,0.1920515
0.0,0.0031255777
0.0,1.4802519e-06
0.0,0.00023620494
0.0,1.9346771e-06
1.0,1.0
0.0,1.0647686e-11
0.0,0.007555571
0.0,7.0085305e-05
0.0,1.04611745e-16
0.0,0.020706022
0.0,0.027561493
0.0,3.0354669e-18
0.0,5.135217e-05
0.0,1.9804482e-15
0.0,0.00022484062
0.0,4.1612032e-07
0.0,8.131081e-07
0.0,7.122536e-16
0.0,0.024987819
0.0,1.8426944e-07
0.0,1.717652e-12
0.0,1.03074394e-16
0.0,0.014972198
0.0,0.030847112
0.0,1.6849314e-06
0.0,8.862705e-08
0.0,2.2074971e-06
0.0,0.057544954
0.0,1.7538567e-07
0.0,0.09951637
0.0,3.248206e-05
1.0,1.0
0.0,0.009257945
0.0,0.00019232703
0.0,4.9279763e-16
0.0,0.15787461
0.0,5.6062686e-06
0.0,0.0065072817
0.0,3.4756156e-11
0.0,0.18810242
0.0,2.8674588e-20
0.0,0.050657593
0.0,1.1647484e-09
0.0,1.1497018e-05
0.0,4.2216703e-12
0.0,0.04054397
0.0,3.4431383e-07
0.0,9.46888e-05
0.0,1.2558407e-05
1.0,1.0
0.0,0.04131655
0.0,0.020134117
0.0,1.1966694e-08
0.0,0.011915509
0.0,0.32686636
1.0,0.078274466
0.0,0.0028582085
0.0,2.6612142e-06
0.0,0.03155185
1.0,0.99999416
0.0,1.8477992e-06
0.0,1.9244415e-16
0.0,1.93252e-12
0.0,0.06562187
0.0,0.17342612
0.0,0.02081834
0.0,3.6230195e-15
0.0,3.6934434e-05
0.0,0.0027983182
0.0,2.0498854e-07
0.0,0.06293398
1.0,1.0
0.0,0.0065824417
1.0,1.0
0.0,3.7422644e-05
0.0,8.687313e-07
0.0,8.2165394e-09
0.0,7.384427e-13
0.0,9.305572e-08
0.0,9.228789e-05
0.0,1.0356406e-05
0.0,0.12291613
0.0,0.23283164
0.0,0.013860343
0.0,5.1202132e-06
0.0,2.2173779e-06
1.0,1.0
0.0,0.010378317
0.0,6.941771e-12
0.0,5.824547e-15
0.0,4.912999e-07
1.0,0.14948593
0.0,1.8245462e-08
0.0,4.0563227e-05
0.0,0.03682534
0.0,5.2906364e-07
0.0,2.4731604e-11
0.0,4.0464273e-12
0.0,0.049039666
0.0,2.0420826e-07
0.0,5.9173345e-07
0.0,8.498375e-08
0.0,0.011022625
0.0,7.818627e-12
0.0,0.0017548293
0.0,0.29297942
1.0,1.0
0.0,8.048452e-11
0.0,0.0012630374
0.0,5.56193e-13
0.0,1.9573707e-07
0.0,2.162071e-06
0.0,0.024392024
0.0,2.940816e-06
0.0,0.081210636
1.0,1.0
0.0,3.067921e-07
0.0,0.011026784
1.0,1.0
0.0,0.13862321
0.0,2.8698915e-10
0.0,1.4529868e-06
0.0,0.18384813
0.0,0.056020785
0.0,0.014166811
0.0,1.1207305e-05
0.0,4.161553e-14
1.0,1.0
0.0,3.917724e-11
0.0,0.0010582524
0.0,0.028508358
0.0,0.044589866
0.0,8.357337e-05
0.0,3.116295e-06
1.0,1.0
1.0,0.25055122
0.0,2.1276312e-14
1.0,0.26383752
0.0,2.2622836e-13
0.0,3.1986829e-06
1.0,0.9975247
0.0,0.13574813
0.0,3.106459e-05
0.0,0.08759435
0.0,0.115889825
0.0,6.420786e-07
0.0,0.20219089
0.0,5.6798996e-05
0.0,0.15621899
0.0,0.019325357
0.0,3.6098418e-09
0.0,6.6850994e-08
0.0,0.081750706
1.0,1.0
0.0,1.1741561e-06
0.0,0.015861826
0.0,9.0161834e-10
0.0,3.753187e-15
0.0,0.048122957
0.0,6.199426e-05
0.0,0.24263988
0.0,5.2352345e-10
0.0,1.8399163e-07
0.0,0.03916642
0.0,2.0716063e-16
0.0,1.6511025e-09
0.0,1.4051393e-13
0.0,3.5272953e-07
0.0,1.566356e-14
1.0,1.0
0.0,1.0080254e-08
0.0,0.003533745
0.0,2.7878752e-06
0.0,4.377809e-09
0.0,1.6950098e-05
0.0,6.729413e-08
0.0,1.1459039e-06
0.0,0.11515835
0.0,0.048867702
0.0,2.5557751e-09
0.0,0.24545538
0.0,0.022958323
0.0,1.5322454e-16
0.0,3.082932e-05
0.0,1.0558589e-10
0.0,0.18440524
0.0,0.13192286
0.0,1.360583e-18
0.0,2.7559474e-06
0.0,8.618248e-10
1.0,1.0
1.0,1.0
0.0,0.0022540556
0.0,8.291579e-06
0.0,0.02543105
0.0,1.3735524e-07
0.0,3.2424478e-07
0.0,2.916708e-11
0.0,0.048989695
0.0,1.4571589e-13
0.0,1.637513e-06
0.0,2.0315229e-08
0.0,2.66956e-13
0.0,0.000111499685
0.0,3.5538357e-09
0.0,6.041794e-14
0.0,9.579959e-07
0.0,0.045332428
0.0,6.5475746e-08
0.0,0.012174646
0.0,0.0056439918
0.0,1.1369135e-07
1.0,1.0
0.0,2.596068e-12
0.0,9.247781e-05
1.0,1.0
0.0,1.9680024e-12
0.0,1.3520376e-15
0.0,0.1383207
0.0,5.9741317e-20
0.0,1.9540175e-11
0.0,0.0028194278
0.0,1.8033856e-09
0.0,0.03686119
0.0,2.6535307e-08
0.0,1.5816763e-14
0.0,2.0191444e-17
0.0,0.035040773
0.0,0.05522356
0.0,0.12198806
0.0,1.9524724e-14
0.0,0.009879542
0.0,0.06876441
0.0,0.00012685433
0.0,0.15512688
0.0,1.4501544e-06
0.0,1.5811606e-14
0.0,8.859317e-06
0.0,0.03427617
0.0,2.934936e-14
0.0,4.731651e-07
0.0,0.006137743
0.0,1.067711e-06
0.0,0.009249315
0.0,1.3797885e-06
1.0,0.99953437
1.0,1.0
0.0,0.0477382
0.0,2.96479e-13
0.0,2.6540363e-15
0.0,1.178069e-07
0.0,0.00012033596
0.0,3.545423e-06
0.0,0.055649348
0.0,1.2627128e-13
0.0,0.24267343
0.0,0.013252343
0.0,0.10195404
1.0,0.16235663
0.0,0.016811052
0.0,0.009159877
0.0,9.41852e-07
0.0,1.4448368e-06
0.0,6.761257e-08
0.0,1.6847745e-10
0.0,1.4328591e-06
0.0,9.491656e-13
0.0,0.021367848
0.0,7.4628765e-06
0.0,1.0994044e-15
0.0,3.1368394e-10
0.0,0.0056114537
0.0,5.377688e-15
0.0,0.00299812
0.0,2.1089498e-07
1.0,0.029380873
0.0,1.4350244e-14
0.0,2.1298195e-14
0.0,0.035924993
0.0,0.0003756545
0.0,5.2148204e-07
0.0,2.7912463e-07
0.0,3.7971229e-06
1.0,0.31300116
0.0,0.0056907525
0.0,2.7822265e-13
0.0,0.028564844
0.0,4.6485134e-06
0.0,0.4227984
0.0,1.6908154e-09
0.0,0.010336439
0.0,0.0786493
0.0,0.06711877
0.0,4.0730257e-08
0.0,4.1912866e-12
0.0,2.5129837e-06
0.0,0.11185615
0.0,0.027966814
1.0,1.0
0.0,0.05782665
1.0,1.0
0.0,9.294127e-13
0.0,5.3131052e-06
0.0,0.036124587
0.0,0.007751742
0.0,1.2741903e-13
0.0,6.5294894e-09
1.0,0.547784
0.0,0.04848192
0.0,0.007701683
0.0,0.06293206
1.0,1.0
0.0,0.0045769913
0.0,1.00252294e-07
0.0,1.1787239e-05
0.0,1.1711574e-07
0.0,0.030953523
0.0,1.3721836e-05
0.0,3.6425868e-06
1.0,0.30395964
0.0,0.0039824555
0.0,0.055458385
0.0,6.8417085e-06
0.0,0.016227158
0.0,3.540488e-12
1.0,1.0
0.0,0.09220536
0.0,8.001833e-06
0.0,1.3428387e-13
0.0,0.031662565
0.0,0.021735808
0.0,0.0024391473
0.0,1.4047419e-06
0.0,0.0035304686
0.0,0.015796676
0.0,1.0676622e-06
0.0,0.0044935057
0.0,4.8352864e-13
0.0,1.0861561e-08
0.0,0.010224266
0.0,0.24768458
0.0,3.3276689e-12
0.0,0.13203768
0.0,0.095314205
0.0,0.0016272394
0.0,3.2717005e-16
0.0,0.038697485
0.0,0.060509473
0.0,0.15277526
0.0,0.22025765
0.0,0.0011141907
0.0,2.3320911e-08
0.0,2.6107457e-05
0.0,2.5854823e-13
0.0,2.0110186e-18
0.0,0.060153924
0.0,0.0038213404
0.0,4.3228368e-10
0.0,0.11229411
0.0,3.1796758e-13
0.0,0.0016484155
0.0,0.019725882
0.0,7.877703e-17
0.0,0.03763541
0.0,3.8858653e-15
1.0,0.12807563
0.0,0.015552346
0.0,0.015664062
0.0,0.009525229
0.0,0.0073521966
0.0,0.0031556957
1.0,1.0
0.0,1.8408979e-09
0.0,1.3877658e-09
0.0,2.1106208e-08
0.0,0.2548632
0.0,0.19370256
0.0,1.9684238e-14
0.0,0.018162226
0.0,6.8362266e-10
0.0,4.0040028e-16
0.0,0.0066580055
0.0,0.17481747
0.0,0.020455739
0.0,1.0299185e-16
0.0,0.02955273
0.0,0.16408919
1.0,1.0
0.0,0.0042898655
0.0,0.013327348
0.0,2.7256018e-08
0.0,0.20712812
0.0,4.8342543e-05
0.0,5.2629955e-14
0.0,0.07786699
0.0,8.0218515e-06
0.0,1.2462237e-06
0.0,0.07568517
0.0,4.6771387e-05
0.0,0.099541366
1.0,1.0
0.0,0.0015681532
0.0,3.584376e-08
0.0,0.31842902
0.0,0.14400402
1.0,0.37161142
0.0,2.3658198e-05
0.0,0.03897761
0.0,4.265548e-08
0.0,9.723552e-12
0.0,4.035467e-08
0.0,2.3177199e-07
0.0,0.26093885
0.0,4.4003824e-05
0.0,9.139377e-17
0.0,0.0053628557
0.0,3.792107e-06
0.0,7.6626226e-15
0.0,2.0225614e-06
0.0,0.02371146
0.0,1.9859135e-11
0.0,0.0049330276
0.0,3.5848418e-06
0.0,0.11225932
0.0,5.878936e-11
1.0,0.3080851
0.0,1.1209845e-13
0.0,9.2518865e-10
0.0,1.711469e-14
0.0,1.2288606e-07
1.0,1.0
0.0,0.12686548
0.0,0.025067324
0.0,1.2739932e-06
0.0,0.004598866
0.0,0.043650206
0.0,0.029141778
0.0,0.10892689
0.0,0.2690806
0.0,3.68212e-07
0.0,2.9764249e-19
0.0,6.442042e-06
0.0,0.03384813
0.0,0.1709526
0.0,7.9680074e-05
0.0,4.388754e-12
0.0,0.054207034
0.0,6.663692e-10
0.0,0.39507052
0.0,0.065743186
0.0,1.5712616e-06
1.0,0.35951775
0.0,1.9783272e-06
0.0,0.01178633
0.0,6.6214607e-06
0.0,2.7096059e-08
0.0,0.29649252
0.0,3.6816388e-07
0.0,0.33839566
0.0,0.08628069
0.0,6.159272e-05
0.0,1.8402272e-06
1.0,0.9997544
0.0,2.6249907e-06
0.0,1.1432518e-15
0.0,0.0027715396
0.0,6.0793753e-13
0.0,9.161844e-12
0.0,2.2816737e-07
0.0,7.444755e-10
0.0,2.2860524e-06
0.0,0.0019260121
1.0,1.0
0.0,9.984666e-07
0.0,2.558332e-05
0.0,0.24049976
0.0,3.3458255e-06
0.0,5.154257e-09
0.0,0.0012715089
1.0,1.0
0.0,1.6251305e-07
0.0,5.132617e-13
0.0,0.010504587
0.0,8.32674e-08
0.0,0.008137823
0.0,1.6994734e-16
0.0,0.0011900918
0.0,4.3392464e-12
0.0,4.0954504e-10
0.0,5.2726585e-07
0.0,2.8974723e-15
0.0,2.767037e-10
0.0,2.4384672e-05
0.0,3.770839e-14
0.0,0.22341229
0.0,9.277833e-07
0.0,0.010142874
1.0,1.0
0.0,4.331706e-15
0.0,0.16146053
0.0,0.0002667117
1.0,0.11373237
0.0,5.584832e-08
0.0,9.038574e-06
0.0,1.1013607e-14
0.0,0.014343237
0.0,0.040544074
0.0,0.017817186
0.0,0.051288933
0.0,0.0071352744
0.0,0.046230305
0.0,0.08524012
0.0,6.7342236e-13
0.0,1.3503707e-06
0.0,0.27218154
0.0,0.013558386
0.0,1.4870419e-16
0.0,4.551906e-20
0.0,0.11961465
0.0,1.8761936e-16
0.0,6.680858e-11
1.0,1.0
0.0,0.10144327
0.0,0.120268494
1.0,0.0676986
0.0,2.3930776e-14
1.0,1.0
0.0,4.4363753e-07
0.0,0.010442148
0.0,1.7050335e-15
0.0,0.0010594905
0.0,0.2537507
0.0,0.2886689
0.0,5.906554e-10
0.0,0.0042590033
0.0,5.697058e-08
0.0,6.2699504e-13
0.0,0.02149689
0.0,0.0035617829
0.0,0.0020807523
0.0,3.1695165e-06
0.0,0.018098796
0.0,0.003178787
0.0,3.6463614e-06
0.0,0.16583471
0.0,0.1834153
0.0,2.3984459e-11
0.0,6.1100515e-18
0.0,2.4265095e-18
0.0,0.027659616
0.0,0.0025513354
0.0,0.05684969
0.0,1.8750745e-12
0.0,0.17877464
0.0,3.9001213e-15
0.0,1.6011627e-15
0.0,7.808161e-09
0.0,0.08263129
0.0,7.036422e-10
0.0,1.8419019e-13
0.0,0.00017217836
0.0,1.972809e-12
0.0,0.000635622
0.0,5.005866e-12
0.0,1.3002848e-05
1.0,1.0
0.0,0.012614941
0.0,6.14558e-11
0.0,0.00016179675
0.0,0.06120684
1.0,1.0
0.0,0.16035552
0.0,2.349574e-06
0.0,0.044151302
0.0,4.1401336e-06
0.0,9.160784e-11
0.0,0.04211864
1.0,0.9998855
0.0,0.08855026
0.0,0.00015058824
0.0,5.153387e-19
0.0,4.1212136e-18
0.0,9.7001475e-06
0.0,0.003449987
0.0,4.0203634e-08
0.0,0.011526277
0.0,0.013577441
0.0,2.6540144e-13
0.0,4.3617412e-08
0.0,1.2021219e-05
0.0,6.6544395e-05
0.0,0.0086744465
0.0,6.8627465e-05
0.0,0.057502516
0.0,1.42094244e-11
0.0,0.00094585645
0.0,2.0949718e-12
0.0,6.0672786e-11
0.0,0.001457018
0.0,0.13031465
1.0,0.3490377
0.0,0.002140106
0.0,1.2203275e-08
0.0,9.9475496e-05
0.0,4.5555676e-05
0.0,0.0019995633
0.0,0.0050059925
0.0,0.038933128
0.0,4.529012e-06
0.0,4.2605004e-07
0.0,7.8845073e-07
0.0,0.23683779
1.0,0.9999898
0.0,0.008159075
0.0,1.2975854e-12
0.0,1.9140748e-08
1.0,0.9991587
0.0,0.055977404
0.0,3.0912197e-05
0.0,0.038512412
0.0,0.10691091
0.0,3.19591e-14
0.0,0.070585355
0.0,0.00038147243
0.0,0.15308101
0.0,4.8757473e-05
0.0,0.42077065
0.0,0.016855484
0.0,0.0023021905
0.0,0.21148393
0.0,0.0005317165
0.0,0.13695714
0.0,1.618357e-10
0.0,0.08484457
0.0,1.3026366e-07
0.0,0.052162193
0.0,1.2486241e-05
0.0,2.096486e-08
0.0,0.0396684
0.0,2.9454728e-05
0.0,0.18576476
0.0,0.05469859
0.0,0.0007932712
1.0,0.02587723
0.0,3.3725491e-09
0.0,0.0053044893
0.0,0.061048526
0.0,9.493671e-08
0.0,1.6825061e-12
0.0,0.020823019
0.0,1.6119142e-08
0.0,3.2266963e-12
0.0,6.207627e-08
0.0,1.4218496e-16
0.0,0.0044765193
0.0,8.646741e-19
0.0,0.09757661
0.0,4.795827e-09
0.0,3.1783733e-20
0.0,0.15391845
0.0,3.623917e-08
0.0,1.9045694e-09
0.0,1.093154e-08
0.0,0.000107713095
0.0,0.023341337
0.0,5.5725963e-05
0.0,0.39715677
0.0,2.3982759e-07
0.0,1.3428765e-17
0.0,0.17313921
0.0,9.0244123e-07
0.0,0.000866439
0.0,2.4133344e-06
0.0,4.6335663e-07
0.0,0.090636194
0.0,2.1694663e-05
0.0,1.6523816e-06
0.0,4.8726805e-13
0.0,1.5509458e-16
0.0,0.06390051
0.0,2.4432438e-05
0.0,2.369299e-16
1.0,0.22110401
0.0,1.3920973e-13
0.0,1.8763427e-10
0.0,2.136686e-08
0.0,3.919949e-13
0.0,0.0037771752
0.0,3.7179274e-10
0.0,2.8958699e-08
1.0,1.0
0.0,1.5148295e-14
0.0,6.224329e-05
0.0,1.3839677e-16
0.0,2.0064572e-09
0.0,0.34747866
0.0,0.02083885
0.0,0.0012112324
0.0,4.2279527e-05
0.0,1.6011747e-07
0.0,0.0154581545
0.0,3.7292863e-05
0.0,0.002454552
0.0,1.6837107e-15
0.0,3.2251495e-07
0.0,0.1207623
0.0,8.217778e-06
1.0,1.0
0.0,9.153054e-17
0.0,4.2226438e-13
1.0,1.0
1.0,0.9874855
0.0,0.003893589
0.0,4.4359263e-07
0.0,0.009329363
0.0,0.1364077
1.0,1.0
0.0,0.1890054
0.0,1.2709548e-12
0.0,9.979929e-14
0.0,6.419608e-06
1.0,1.0
0.0,5.9636074e-10
0.0,1.7044275e-05
1.0,1.0
0.0,0.0011067047
1.0,0.12107901
0.0,2.7536223e-10
0.0,0.0708321
0.0,0.040686816
0.0,0.010902026
0.0,8.212764e-08
0.0,0.02385
0.0,0.012896401
0.0,4.304001e-11
0.0,4.0187385e-12
0.0,0.15730816
0.0,5.3482783e-08
0.0,0.020364307
0.0,1.8654163e-14
0.0,8.3558154e-14
0.0,7.8178923e-16
1.0,1.0
0.0,1.920607e-05
0.0,0.0026704923
0.0,0.050093997
0.0,6.33919e-13
0.0,0.0004255172
0.0,1.4669473e-20
0.0,5.086014e-07
0.0,1.7188933e-06
1.0,0.16351835
0.0,0.07213644
0.0,0.00016831791
0.0,3.387917e-11
1.0,0.36317524
0.0,0.018730855
0.0,0.15204427
0.0,3.3595162e-09
0.0,5.9182134e-05
1.0,0.9990251
0.0,0.007658294
0.0,4.8038683e-06
0.0,4.5616888e-14
0.0,5.0616045e-06
0.0,5.693353e-05
0.0,0.12699991
0.0,5.9683534e-06
0.0,1.5190026e-09
0.0,6.7211006e-09
0.0,3.8065866e-11
0.0,3.8689034e-20
0.0,0.001558605
0.0,3.1089058e-09
0.0,2.5003114e-13
0.0,6.587169e-07
0.0,0.0076198066
0.0,0.03847992
1.0,0.26904437
0.0,0.15894707
0.0,0.00814689
0.0,2.1361913e-05
0.0,0.037499975
0.0,7.18203e-12
0.0,0.014223608
0.0,0.064491816
0.0,4.302295e-14
0.0,0.026340095
0.0,2.6485093e-05
0.0,0.00022789768
0.0,0.035797957
1.0,0.3237145
0.0,0.008018391
0.0,1.3121848e-13
0.0,0.017382061
0.0,0.0031849497
0.0,0.12519342
0.0,4.7625535e-06
0.0,1.6440748e-13
0.0,0.11741835
0.0,0.033850048
0.0,1.567324e-06
0.0,6.782562e-14
0.0,4.470162e-08
0.0,1.2699019e-06
0.0,0.054035
0.0,5.9883074e-05
0.0,1.4939207e-10
0.0,0.0018880112
0.0,1.9672716e-05
0.0,3.160861e-15
0.0,1.6452015e-05
0.0,6.828723e-05
0.0,6.7337566e-11
0.0,1.1554171e-17
0.0,9.800476e-11
0.0,9.9458344e-11
0.0,1.8426755e-09
0.0,4.683315e-06
0.0,0.0298754
0.0,0.0073922304
0.0,0.0053917943
1.0,0.9999997
0.0,0.0016957064
0.0,0.053794183
0.0,0.21211657
0.0,0.0001836908
0.0,0.19171055
1.0,1.0
0.0,2.7390306e-12
0.0,0.13016306
1.0,1.0
0.0,0.118012615
0.0,6.861654e-07
0.0,4.4362998e-14
0.0,9.162724e-06
0.0,4.069644e-17
0.0,0.095787734
0.0,0.050673578
0.0,0.0014909882
0.0,0.010640053
0.0,1.3033392e-10
0.0,1.1206632e-05
0.0,0.020576391
0.0,1.7884919e-05
0.0,3.6681424e-06
1.0,0.16272414
0.0,1.9515344e-05
0.0,3.768649e-13
0.0,8.597202e-06
0.0,1.2767181e-12
0.0,2.857908e-09
0.0,4.8581253e-14
0.0,3.417063e-10
0.0,1.12873155e-10
0.0,0.11662468
0.0,0.014846964
0.0,2.8154834e-06
0.0,0.000109691406
0.0,1.3311478e-06
0.0,0.05580824
0.0,5.392857e-12
0.0,7.284687e-08
0.0,2.2375081e-11
0.0,5.3797083e-07
0.0,9.353618e-16
0.0,7.4599643e-10
0.0,1.8187477e-07
0.0,3.888776e-09
0.0,5.083725e-07
0.0,0.20337084
0.0,3.334666e-08
0.0,2.6576389e-18
0.0,0.00022907997
0.0,1.7253675e-09
0.0,0.0064537213
0.0,0.030617854
1.0,0.17412749
0.0,0.021414328
0.0,4.9056175e-13
0.0,0.16495588
0.0,9.3490837e-07
0.0,1.1997904e-17
0.0,2.5137962e-13
1.0,1.0
0.0,0.00029042654
0.0,1.0199375e-07
0.0,0.19068253
0.0,0.010233235
0.0,0.00012697995
0.0,1.2160752e-12
0.0,0.051368006
0.0,6.0447956e-06
0.0,7.6025037e-13
0.0,2.617382e-07
0.0,2.1980493e-05
0.0,0.036695417
1.0,1.0
0.0,2.6609406e-08
0.0,8.772861e-06
0.0,1.9712326e-05
0.0,4.8849233e-06
0.0,0.002451633
0.0,0.007503533
0.0,0.005326808
0.0,0.014239845
0.0,0.026801648
0.0,1.1147004e-14
0.0,1.5173422e-05
0.0,1.6236932e-15
0.0,0.0074715246
0.0,8.285513e-13
0.0,9.409362e-07
0.0,0.11523299
0.0,0.06294232
0.0,0.012638371
0.0,7.1014176e-05
0.0,2.3061498e-06
0.0,6.774395e-07
0.0,0.0038144344
0.0,3.671477e-08
0.0,1.9354206e-10
0.0,0.0023615889
0.0,0.0003590022
0.0,2.6393971e-05
0.0,9.894454e-06
0.0,3.7304698e-11
0.0,6.763318e-07
0.0,1.6935292e-06
0.0,0.03190177
1.0,1.0
0.0,0.090520844
0.0,5.020651e-07
0.0,2.2803681e-15
0.0,0.036886796
0.0,1.1683549e-05
0.0,4.567587e-05
0.0,3.936273e-10
0.0,0.31273314
0.0,0.072298035
0.0,0.023456577
0.0,0.0017100163
0.0,4.158916e-16
0.0,0.007749642
0.0,0.06399183
0.0,1.5127504e-05
0.0,1.4475864e-08
0.0,2.037655e-06
0.0,0.26084518
0.0,2.6780726e-05
0.0,0.0055879815
0.0,1.4234358e-05
0.0,0.009781816
0.0,2.1707407e-11
0.0,3.1609648e-06
0.0,0.015765356
0.0,6.0543853e-12
0.0,0.02863498
0.0,0.48337486
0.0,3.704703e-14
0.0,5.229881e-07
0.0,0.0009785312
1.0,0.45857996
0.0,3.1344528e-11
0.0,2.5514832e-10
0.0,0.011701552
0.0,6.5689997e-06
0.0,0.00012595586
0.0,4.3388936e-18
0.0,2.1861798e-08
0.0,6.841178e-08
0.0,0.023524782
0.0,0.004958805
0.0,0.000118659256
0.0,9.923446e-06
0.0,0.13989684
0.0,9.112517e-05
0.0,0.16245292
0.0,8.6053996e-07
0.0,1.14535715e-05
0.0,0.14262353
0.0,0.008993181
0.0,0.03088314
0.0,4.8945435e-06
0.0,0.065097764
0.0,9.507997e-06
0.0,1.1375303e-13
0.0,1.1392376e-08
0.0,0.044182185
0.0,0.035919547
0.0,0.014919126
0.0,0.08684873
0.0,4.091101e-06
0.0,3.4250604e-08
0.0,5.614267e-06
0.0,5.244421e-13
1.0,1.0
0.0,0.017190939
0.0,6.0333883e-13
0.0,1.8887253e-06
0.0,3.4758867e-15
0.0,1.6485736e-05
0.0,1.5791635e-09
1.0,1.0
0.0,6.870935e-13
0.0,3.7154828e-06
1.0,1.0
0.0,0.0047390107
1.0,1.0
0.0,0.01719881
0.0,0.11979738
0.0,3.5055345e-07
0.0,0.00343171
1.0,1.0
0.0,6.5725458e-06
0.0,1.8075356e-08
0.0,0.19515917
0.0,0.055415437
0.0,6.5235126e-06
0.0,0.000518958
0.0,0.04442362
1.0,1.0
0.0,3.916696e-10
0.0,0.009386306
0.0,2.3405792e-06
0.0,2.866188e-10
0.0,1.5505699e-05
0.0,0.14428347
0.0,3.57474e-13
1.0,1.0
0.0,5.289006e-11
0.0,5.642885e-05
0.0,1.9065921e-05
0.0,0.0529847
0.0,5.881911e-10
0.0,0.08344336
0.0,7.5028504e-07
0.0,3.2273612e-05
0.0,1.0509407e-09
0.0,0.01423328
0.0,3.219793e-05
0.0,0.009327123
1.0,0.7037445
0.0,1.0995098e-05
0.0,1.7777779e-06
1.0,0.5268123
0.0,7.3562355e-06
0.0,3.790929e-11
0.0,0.01693929
0.0,0.008145144
0.0,2.5695452e-05
0.0,0.017361326
0.0,1.4228482e-05
1.0,0.14305268
0.0,8.2153953e-16
0.0,1.1613121e-13
0.0,2.2855054e-06
0.0,0.026409399
0.0,3.27904e-13
0.0,0.11538034
0.0,1.6918202e-05
0.0,2.8651807e-11
0.0,1.6612217e-11
0.0,3.7313384e-14
1.0,1.0
0.0,0.056943543
0.0,0.008020286
0.0,0.0019879679
0.0,1.5455049e-06
0.0,1.5206655e-10
0.0,8.273572e-10
0.0,1.35057e-05
0.0,3.5806475e-14
0.0,4.8036436e-06
0.0,0.03986601
0.0,1.4176907e-12
0.0,4.7501385e-16
0.0,0.07688231
0.0,0.23031951
0.0,7.92521e-08
0.0,0.000748184
0.0,0.019709015
0.0,5.9774444e-14
0.0,2.138874e-06
0.0,5.6698113e-06
0.0,0.03274058
0.0,5.5347347e-05
0.0,9.510159e-07
0.0,6.201755e-06
1.0,1.0
0.0,3.93832e-07
0.0,0.045455147
0.0,4.072103e-11
0.0,0.07519466
1.0,0.58621615
0.0,2.4582887e-08
0.0,0.18292782
0.0,0.05011778
0.0,3.8060305e-10
0.0,0.0023797434
0.0,4.0471027e-06
0.0,0.13947672
0.0,7.173691e-08
0.0,0.043372832
0.0,0.07939847
0.0,5.1325533e-06
0.0,5.9730905e-07
1.0,1.0
0.0,1.509781e-06
0.0,0.115097605
0.0,0.09245978
0.0,0.06545983
0.0,1.2892892e-08
0.0,0.00014627166
0.0,2.1277348e-08
0.0,0.034443792
0.0,0.19914784
0.0,1.3407943e-08
0.0,6.344576e-09
0.0,0.15761772
0.0,9.869256e-16
0.0,2.313589e-06
0.0,0.008523167
0.0,0.051901374
0.0,1.0126684e-14
0.0,0.009549927
0.0,1.9790758e-05
0.0,1.6981796e-14
0.0,9.5103445e-15
0.0,3.697033e-09
0.0,4.2753534e-09
0.0,1.0276324e-06
0.0,1.5079016e-07
0.0,1.6286217e-06
0.0,0.0067699538
0.0,2.2472298e-11
1.0,1.0
0.0,0.04243595
0.0,1.5661912e-15
0.0,1.57279e-13
0.0,0.005965795
0.0,0.031216338
0.0,0.015631728
0.0,1.5515725e-13
1.0,0.41724098
0.0,0.2809113
0.0,2.9055142e-11
0.0,9.747245e-07
0.0,1.7583653e-11
0.0,2.5937173e-12
0.0,3.6036463e-06
0.0,0.010237182
0.0,0.0007204134
0.0,0.051974747
0.0,0.052334778
0.0,1.0063858e-05
0.0,0.008770591
0.0,0.0041210707
0.0,0.0471226
0.0,0.04509835
0.0,9.536437e-14
1.0,1.0
0.0,8.38759e-06
0.0,1.1636546e-15
0.0,0.080017254
0.0,2.3925984e-14
0.0,0.19797288
0.0,1.1463461e-05
0.0,3.115576e-06
0.0,1.6182415e-08
0.0,0.030071082
0.0,1.6633645e-05
0.0,0.042851474
0.0,3.6294283e-13
0.0,1.0373747e-06
0.0,2.2141448e-08
0.0,0.030528909
0.0,0.31448576
0.0,9.927327e-06
0.0,0.23676991
0.0,0.0052401233
0.0,6.5119846e-14
0.0,0.008110561
0.0,1.0342886e-12
0.0,3.8310998e-07
0.0,0.007256572
0.0,3.725414e-11
0.0,1.4504316e-14
0.0,1.0989102e-06
0.0,8.1899157e-07
0.0,0.037601266
0.0,0.10000301
0.0,0.00015392595
0.0,0.02113327
1.0,1.0
0.0,0.018760983
0.0,1.8327215e-12
0.0,3.8204057e-06
0.0,0.0035561617
1.0,1.0
1.0,1.0
0.0,0.0029079716
0.0,0.0023432493
0.0,5.7207057e-09
0.0,8.3626835e-11
0.0,0.037806578
0.0,2.299534e-05
0.0,0.039781272
1.0,1.0
0.0,2.12062e-16
0.0,1.0545549e-05
0.0,2.2270935e-07
0.0,2.5054425e-10
0.0,2.195393e-16
0.0,0.015313536
0.0,1.2549892e-15
0.0,0.08164159
1.0,1.0
1.0,1.0
0.0,0.007343481
0.0,0.08824441
1.0,0.22390527
0.0,5.556301e-09
0.0,3.3550338e-09
0.0,0.22231126
0.0,7.384102e-05
0.0,0.00020860501
0.0,1.0366428e-12
1.0,0.12762949
0.0,8.5056495e-10
0.0,3.27915e-05
0.0,3.302479e-05
0.0,0.0013348355
0.0,0.2763679
0.0,1.580985e-06
0.0,7.227108e-10
0.0,6.000673e-08
1.0,0.68323696
0.0,1.7086164e-06
1.0,1.0
0.0,0.048823185
0.0,6.294316e-08
0.0,0.03749573
0.0,2.1530868e-05
0.0,0.07000144
0.0,0.059522077
1.0,1.0
0.0,0.056875344
0.0,3.3564724e-14
0.0,6.7324077e-06
0.0,8.390222e-07
0.0,0.1333325
1.0,1.0
0.0,0.01258446
0.0,9.75509e-09
0.0,1.7670454e-08
0.0,2.4137176e-15
0.0,1.2055395e-06
1.0,1.0
0.0,8.708815e-14
0.0,0.11570883
0.0,0.487116
0.0,3.0245908e-05
0.0,3.91422e-08
0.0,0.046823036
0.0,0.012101969
0.0,0.16862743
0.0,2.169609e-05
0.0,3.6018927e-16
0.0,5.8380533e-07
0.0,2.946673e-08
0.0,0.0033214944
0.0,0.0012581028
0.0,0.022581568
0.0,0.040114664
0.0,0.081032075
0.0,8.793282e-06
0.0,1.3279217e-15
0.0,0.38331795
0.0,4.462953e-13
0.0,0.0015202239
0.0,0.0017983669
0.0,4.1559264e-08
0.0,9.6480414e-14
0.0,4.944674e-06
0.0,1.3806934e-08
1.0,1.0
0.0,7.9574485e-15
0.0,7.4324507e-06
0.0,0.07920362
0.0,0.09962512
0.0,0.023157429
0.0,0.09530417
0.0,2.3411715e-14
0.0,5.6622698e-09
0.0,0.05662566
0.0,3.9252865e-11
1.0,1.0
0.0,0.0024545288
0.0,0.2006051
0.0,0.0017726002
0.0,4.772597e-12
0.0,0.0008203095
0.0,0.0924809
1.0,1.0
0.0,3.5806565e-06
0.0,2.973428e-06
1.0,0.29988542
1.0,0.9998585
0.0,2.8497778e-15
0.0,0.42241907
0.0,2.1998794e-07
0.0,0.05428755
0.0,0.24283427
0.0,2.1936337e-06
0.0,3.403143e-11
0.0,0.06831517
0.0,1.8759976e-12
0.0,6.915247e-08
0.0,0.22477421
0.0,2.5892758e-05
0.0,0.09002124
0.0,5.0658308e-08
0.0,2.8849357e-07
0.0,7.325733e-09
0.0,0.022486953
0.0,0.21422516
0.0,1.6960405e-17
0.0,1.9069802e-12
1.0,1.0
0.0,0.023402302
1.0,1.0
0.0,0.017056681
0.0,0.006607608
0.0,0.022686861
0.0,1.7939243e-05
0.0,0.015555247
0.0,3.7619977e-06
0.0,0.19803822
0.0,7.704978e-07
0.0,0.12422617
0.0,0.08412747
0.0,0.044692412
0.0,2.4632167e-19
0.0,0.18503399
0.0,0.0110738855
0.0,2.3773582e-11
0.0,0.017077807
0.0,0.42706037
0.0,6.9971265e-11
0.0,8.380035e-07
0.0,0.03855799
0.0,0.40095446
0.0,1.9018067e-05
0.0,9.954933e-13
0.0,6.9473583e-07
0.0,0.028434144
0.0,0.00027803704
0.0,6.3277803e-12
0.0,1.2875367e-12
0.0,5.743633e-16
0.0,2.3722071e-08
0.0,2.627192e-05
1.0,1.0
0.0,0.1314806
0.0,1.6497304e-19
0.0,1.4527887e-16
0.0,0.33885327
0.0,1.7885576e-06
0.0,6.608213e-05
0.0,1.2633038e-11
0.0,8.316216e-06
0.0,4.0008783e-09
0.0,0.0017198655
0.0,0.1654262
1.0,1.0
0.0,1.4106488e-06
0.0,4.565278e-06
0.0,5.8106146e-13
0.0,2.891673e-13
0.0,3.091399e-07
0.0,0.0059445202
0.0,6.252133e-05
0.0,0.05157374
0.0,0.17053124
0.0,6.596836e-06
0.0,0.0015455724
0.0,0.027700184
0.0,2.4431608e-06
0.0,4.9199457e-06
0.0,1.4769943e-06
0.0,6.388723e-11
0.0,3.8736284e-06
0.0,0.015933203
0.0,3.842828e-11
0.0,0.3410849
0.0,2.2944638e-20
0.0,4.7812064e-13
0.0,0.00847684
0.0,1.3597528e-14
0.0,0.21650478
1.0,1.0
0.0,3.6792197e-10
0.0,4.1918165e-07
1.0,1.0
0.0,8.580136e-09
0.0,9.0380723e-07
0.0,0.0015905397
0.0,9.637136e-10
0.0,3.979183e-08
0.0,0.006689008
1.0,1.0
0.0,0.06610578
0.0,0.010220272
0.0,2.8014833e-06
0.0,0.17637973
0.0,0.0132556055
0.0,7.569826e-11
0.0,7.781707e-06
0.0,0.06380982
0.0,0.06939909
0.0,0.16383654
0.0,0.0038014287
0.0,0.06172852
0.0,0.018101359
0.0,1.6706822e-13
0.0,1.9279105e-06
0.0,0.0014429291
0.0,0.014376565
0.0,0.00026134952
0.0,0.21591139
0.0,7.8994895e-17
0.0,0.007982589
0.0,6.8096747e-06
0.0,0.00014445631
0.0,7.087045e-07
0.0,0.0024765695
0.0,1.2019924e-05
0.0,0.069587484
0.0,9.068886e-11
0.0,2.5341329e-08
0.0,6.453161e-07
0.0,0.09722911
0.0,0.02473678
1.0,0.06263208
0.0,0.2989334
0.0,1.068034e-06
0.0,0.06095919
1.0,0.9999992
0.0,0.00027857698
0.0,0.013672169
1.0,0.9956473
1.0,0.9966809
1.0,0.08554488
0.0,0.018895915
0.0,2.694295e-07
0.0,5.063297e-07
0.0,0.18772316
0.0,1.0497371e-12
0.0,2.599893e-05
0.0,0.15499106
0.0,0.0033497848
0.0,0.009168393
0.0,1.1848763e-05
0.0,0.029274566
0.0,0.08093898
0.0,4.635438e-13
0.0,0.00099723
0.0,0.020674737
1.0,1.0
0.0,3.0840703e-05
0.0,0.076105975
0.0,4.3138304e-15
0.0,5.2494272e-08
0.0,1.2481273e-10
0.0,1.2985187e-06
0.0,0.0065951967
0.0,3.5435543e-05
0.0,1.8551801e-13
0.0,8.9713274e-13
0.0,0.19835734
0.0,1.0927632e-06
0.0,1.7044454e-14
0.0,0.010028446
0.0,0.008542022
0.0,0.15963304
0.0,0.11717566
0.0,1.1316978e-10
0.0,5.7427285e-05
0.0,0.017191548
0.0,4.9544817e-14
0.0,2.0969616e-16
0.0,0.051573846
0.0,1.345062e-15
0.0,5.873408e-06
0.0,2.5196955e-06
0.0,2.0519733e-18
1.0,0.42084458
0.0,3.0298196e-07
0.0,4.678681e-06
0.0,0.020742672
0.0,0.099909365
0.0,7.7445014e-07
0.0,0.011078985
0.0,0.03434556
0.0,5.6438373e-15
1.0,1.0
0.0,0.07405115
0.0,3.4319244e-06
0.0,9.5173306e-08
0.0,0.011213877
0.0,5.314529e-15
0.0,0.05703856
0.0,0.08738944
0.0,2.2689044e-09
0.0,0.9697425
0.0,0.04455555
0.0,7.126447e-17
0.0,0.1307103
0.0,1.106565e-05
1.0,0.99999964
0.0,0.4898257
0.0,8.2181305e-06
0.0,6.718677e-16
0.0,0.015743522
0.0,8.571618e-06
0.0,0.03518023
0.0,3.522572e-08
0.0,1.3537065e-12
1.0,0.027067881
0.0,1.5351193e-15
1.0,1.0
0.0,0.15780045
0.0,4.2340353e-06
0.0,0.2983855
0.0,0.00023844688
0.0,2.6472642e-06
0.0,0.0025469407
0.0,1.4776319e-13
0.0,0.029842466
0.0,0.042747732
0.0,5.785675e-14
0.0,2.4357641e-08
0.0,0.00894727
0.0,2.27084e-20
0.0,0.00022248187
0.0,2.3882453e-06
0.0,5.6057393e-06
0.0,2.7358291e-13
0.0,0.008523184
0.0,1.9866881e-13
0.0,5.101161e-06
0.0,0.012355775
0.0,0.018147081
0.0,0.24530083
0.0,2.4404075e-14
0.0,0.002454386
0.0,1.29736394e-14
1.0,0.031188916
0.0,0.107435375
1.0,0.44989502
0.0,2.8907028e-13
1.0,0.2780409
0.0,0.14431357
1.0,0.1984336
1.0,1.0
0.0,0.036876645
0.0,6.7041637e-12
0.0,7.5206174e-08
0.0,0.19341539
1.0,0.99969697
0.0,1.3249067e-14
0.0,0.024373028
0.0,6.9423696e-11
0.0,2.428611e-19
0.0,0.027895605
0.0,8.8051004e-11
0.0,3.835114e-05
0.0,3.1649006e-09
0.0,0.015051626
0.0,0.0015736165
0.0,6.479924e-06
0.0,0.0066723204
0.0,0.0023925253
0.0,0.00011318451
0.0,9.93891e-18
1.0,0.13611494
0.0,1.9779863e-07
0.0,7.975179e-11
0.0,2.7142521e-11
0.0,1.7691021e-09
0.0,1.0743287e-06
0.0,0.0029221887
0.0,6.434604e-12
1.0,1.0
0.0,0.019055983
0.0,1.8558008e-08
0.0,0.0006203676
0.0,6.216004e-12
0.0,0.0030584515
0.0,1.7311771e-06
0.0,0.1980215
0.0,1.0607611e-05
0.0,4.7608344e-19
0.0,0.0017583452
1.0,1.0
0.0,1.3994486e-12
0.0,4.900861e-11
0.0,6.3439824e-16
0.0,0.023373786
0.0,0.00839594
0.0,2.1164105e-05
0.0,0.0033348221
0.0,0.03913312
0.0,8.873776e-10
0.0,4.158277e-05
0.0,0.11338511
0.0,0.23686694
0.0,9.799657e-10
0.0,1.1070566e-09
0.0,9.661676e-06
0.0,1.5749685e-15
0.0,3.5716391e-06
0.0,0.13072273
0.0,3.6820245e-05
0.0,7.882159e-12
0.0,2.0916033e-10
0.0,3.5159132e-08
0.0,0.48102856
0.0,3.9957033e-07
0.0,1.932839e-07
0.0,0.2512172
0.0,0.015989246
0.0,2.323137e-05
0.0,0.033708178
0.0,0.011765559
0.0,0.0014943945
0.0,9.46119e-06
0.0,0.0023938734
0.0,2.9909245e-20
0.0,1.7643418e-06
0.0,6.606683e-06
0.0,1.5049217e-08
0.0,0.00026122667
0.0,7.7834335e-07
0.0,0.055460986
0.0,1.09727196e-07
0.0,0.0001742217
0.0,0.13445687
0.0,2.169002e-07
0.0,4.7469217e-20
0.0,0.0029720701
1.0,1.0
0.0,1.4714115e-16
0.0,0.05412354
0.0,3.9008345e-08
0.0,0.035652965
0.0,0.029848155
0.0,2.4220365e-12
0.0,0.0350416
0.0,3.5860206e-10
0.0,3.5024197e-08
0.0,0.0026510211
0.0,1.3011665e-06
0.0,0.06148245
0.0,0.17004293
0.0,1.8682405e-13
0.0,1.0320584e-15
0.0,0.089519836
1.0,1.0
0.0,2.2115957e-12
0.0,4.554936e-13
0.0,2.203646e-08
0.0,2.2740613e-15
0.0,1.0594367e-05
0.0,0.020204699
0.0,0.08297228
0.0,4.6823155e-15
0.0,2.1644575e-10
0.0,2.9236338e-13
0.0,0.11437278
0.0,1.6963199e-08
1.0,0.51039505
0.0,0.021405116
1.0,1.0
0.0,8.199631e-09
0.0,0.023729226
1.0,1.0
0.0,0.01006191
0.0,6.832735e-05
0.0,0.0013271407
0.0,0.007474582
0.0,1.9782935e-06
0.0,0.037878964
0.0,0.01976581
0.0,5.056123e-05
0.0,4.414956e-09
0.0,4.9030736e-12
0.0,1.5159386e-06
0.0,1.6011645e-06
1.0,0.08858692
0.0,0.020424847
0.0,0.015664062
0.0,0.010732066
0.0,0.16414922
0.0,0.0025483181
0.0,1.9169508e-11
0.0,3.4116104e-06
0.0,0.0030274976
0.0,1.8193448e-11
1.0,1.0
0.0,2.7449186e-13
0.0,2.7532345e-09
1.0,1.0
0.0,0.08279834
0.0,5.5304962e-15
0.0,9.2597656e-07
0.0,1.7752036e-08
0.0,2.4929982e-16
0.0,8.118802e-06
0.0,9.2951295e-18
0.0,0.0566399
0.0,0.05178104
0.0,9.463788e-06
0.0,9.014965e-17
0.0,2.0506031e-06
0.0,2.2731756e-05
0.0,0.011626649
1.0,0.9992898
0.0,8.1540135e-09
0.0,1.7163938e-09
0.0,0.12465845
1.0,1.0
0.0,0.014476384
0.0,0.08142188
0.0,0.023156589
0.0,8.020385e-13
0.0,1.4010667e-16
0.0,0.15928806
0.0,3.903036e-13
0.0,5.75296e-14
0.0,1.6030919e-17
0.0,0.1523866
0.0,1.5694536e-07
0.0,0.05569367
0.0,2.9445527e-13
0.0,3.0266006e-17
0.0,0.00038579106
0.0,7.891867e-06
0.0,0.011697079
0.0,0.00021569546
0.0,0.009866588
0.0,0.00018943506
0.0,0.12588938
0.0,1.8538148e-06
0.0,0.24324095
0.0,0.09514615
0.0,0.06442928
0.0,0.004149374
0.0,0.0062533943
0.0,3.7527883e-07
0.0,1.987425e-06
0.0,2.6754037e-08
0.0,0.00021351874
1.0,0.9993846
0.0,3.4041157e-06
1.0,0.1288437
0.0,0.015441834
0.0,8.2724466e-11
0.0,0.2838496
0.0,0.03109878
0.0,0.0001893213
0.0,7.579334e-15
0.0,3.987756e-05
0.0,3.8363115e-14
0.0,1.9623951e-06
0.0,5.787405e-15
0.0,1.88575e-10
0.0,1.5954131e-15
0.0,5.5467167e-06
0.0,4.389752e-07
0.0,0.00011807053
0.0,1.8972605e-08
1.0,1.0
1.0,0.0540319
0.0,0.042618833
0.0,1.4876026e-14
1.0,0.028421784
0.0,0.024584785
0.0,2.6689478e-10
0.0,3.020046e-08
0.0,0.012976327
0.0,0.020411324
0.0,0.15552582
1.0,1.0
0.0,1.3107249e-11
0.0,1.6050582e-15
0.0,8.6269284e-07
0.0,0.047778293
0.0,9.674155e-09
0.0,0.026431695
0.0,0.005087443
0.0,0.017355608
1.0,0.99871784
0.0,0.025180705
0.0,0.013240725
0.0,2.4361553e-18
0.0,0.046048515
0.0,0.062283795
0.0,1.2515419e-16
0.0,4.0712007e-06
1.0,1.0
0.0,4.3900585e-09
1.0,1.0
0.0,0.011287282
0.0,5.4024568e-14
0.0,2.955879e-10
0.0,3.250626e-05
0.0,7.722834e-06
0.0,0.04708878
0.0,0.15662806
1.0,1.0
0.0,4.246932e-09
1.0,1.0
0.0,7.961182e-15
0.0,0.60735404
0.0,0.013191363
1.0,1.0
0.0,0.015895812
0.0,3.5926178e-06
1.0,0.08306527
0.0,5.8831033e-09
0.0,0.0071480675
0.0,1.9751983e-13
0.0,0.011715151
0.0,7.277714e-16
0.0,1.6225604e-10
0.0,4.070783e-07
0.0,0.0004139747
0.0,0.006389472
0.0,0.1801344
0.0,1.9763496e-12
0.0,6.7643897e-20
0.0,5.107684e-06
0.0,0.31498015
0.0,3.0140118e-10
1.0,0.13060944
0.0,4.1486128e-05
0.0,5.658469e-13
0.0,9.573363e-13
0.0,9.123071e-14
0.0,1.741745e-12
0.0,5.3880017e-06
0.0,5.616167e-14
0.0,8.0630195e-07
0.0,1.0080208e-06
1.0,0.090247996
0.0,1.5753143e-06
1.0,0.42166424
0.0,0.16506207
0.0,0.017124267
1.0,1.0
0.0,2.205408e-15
0.0,0.04315818
0.0,1.21103865e-08
0.0,0.12707487
0.0,2.3072168e-06
0.0,7.987235e-11
0.0,0.17891002
0.0,0.21926965
0.0,0.00036552988
1.0,1.0
0.0,8.303741e-06
0.0,0.015358337
0.0,3.992988e-13
0.0,1.9390552e-06
0.0,3.6960408e-08
0.0,0.08825623
0.0,4.5443147e-13
0.0,4.819442e-16
0.0,3.871956e-07
0.0,0.021273213
0.0,8.245174e-06
0.0,1.93505e-12
1.0,0.43949133
0.0,0.14017126
0.0,5.0334834e-06
0.0,0.055513803
0.0,5.4198654e-07
0.0,5.877756e-05
1.0,0.10495558
0.0,4.5444956e-10
0.0,0.015820472
0.0,0.010902237
0.0,0.06271262
0.0,0.04335666
0.0,2.9417964e-13
0.0,2.7564995e-15
0.0,0.048551574
0.0,0.009038235
0.0,0.009473307
0.0,1.2998273e-05
0.0,3.384328e-05
0.0,1.6756094e-05
1.0,1.0
0.0,0.00036186143
1.0,1.0
0.0,0.04778991
0.0,0.114767164
0.0,0.40337646
0.0,0.099068664
0.0,6.973512e-07
0.0,0.4400433
0.0,2.4230962e-07
0.0,2.7384622e-15
0.0,1.3001745e-05
1.0,1.0
0.0,3.2963273e-14
0.0,3.7075968e-13
0.0,5.7534896e-20
0.0,1.391011e-07
0.0,0.054498244
0.0,0.1009321
0.0,2.0814708e-14
1.0,1.0
0.0,0.5319522
0.0,2.8772973e-09
0.0,0.032544453
0.0,6.1620657e-16
0.0,1.6691617e-11
0.0,0.35340685
0.0,0.034957375
0.0,0.013099861
1.0,0.24896596
0.0,1.5452246e-05
0.0,2.4325466e-08
0.0,1.52934e-07
0.0,0.11985048
0.0,7.687971e-07
0.0,0.018257216
0.0,1.7553644e-07
0.0,0.12903865
0.0,1.9705772e-06
0.0,4.9201008e-06
1.0,1.0
1.0,0.42736942
0.0,8.0494035e-11
1.0,1.0
0.0,7.223738e-20
0.0,2.8410375e-07
0.0,0.03144079
0.0,7.385773e-06
0.0,0.01945387
0.0,0.020120818
0.0,0.038117997
0.0,0.02451563
0.0,0.037115492
1.0,0.27444544
0.0,1.5285265e-16
0.0,1.3463945e-05
0.0,4.374313e-12
0.0,0.009575502
0.0,0.004280454
0.0,2.7100067e-13
0.0,0.17788653
0.0,2.3827322e-08
0.0,1.4887531e-06
0.0,1.1759538e-10
0.0,0.09304895
0.0,1.14977576e-10
0.0,0.06288398
0.0,1.1210094e-05
0.0,2.8720666e-09
0.0,0.25048175
0.0,1.7704003e-14
0.0,1.4005121e-06
0.0,2.980653e-11
0.0,2.4718702e-07
0.0,2.706555e-06
0.0,0.27546176
0.0,2.0923784e-05
0.0,0.042668387
0.0,0.0013111613
0.0,0.40366614
0.0,2.4659624e-07
0.0,1.936263e-13
0.0,0.16195177
1.0,1.0
1.0,0.99999976
0.0,0.14935026
0.0,3.69042e-07
0.0,0.026487302
0.0,3.7076777e-06
0.0,7.4561573e-16
0.0,0.0002167157
0.0,1.06411235e-08
0.0,1.0743596e-05
0.0,0.0318715
0.0,7.5903716e-07
0.0,0.022270136
0.0,0.008417117
0.0,3.0702104e-05
0.0,0.18452916
0.0,2.1141432e-15
0.0,1.2288754e-17
0.0,4.834685e-10
0.0,1.4122769e-08
0.0,4.96579e-17
0.0,8.7581626e-05
0.0,3.027904e-06
0.0,0.0048004417
0.0,0.0011132227
0.0,0.3582473
0.0,2.8302696e-09
0.0,9.5002506e-11
0.0,6.4608784e-13
0.0,8.4799154e-05
0.0,0.4422366
0.0,6.8332916e-11
0.0,2.833178e-07
0.0,3.9670424e-12
0.0,8.7199174e-07
0.0,5.274797e-07
0.0,0.00023739274
0.0,0.00645053
0.0,3.536644e-14
0.0,5.5102797e-15
0.0,0.027240999
0.0,4.478986e-16
0.0,0.0005990198
0.0,1.1604381e-08
1.0,1.0
0.0,9.0037465e-06
0.0,1.5294552e-11
0.0,1.24054065e-08
1.0,1.0
0.0,0.007827352
0.0,0.057514317
1.0,1.0
0.0,0.01955883
0.0,3.706442e-05
0.0,6.8731926e-05
0.0,0.00270545
0.0,4.3808194e-07
0.0,0.15092006
1.0,1.0
0.0,0.027795928
1.0,0.9986126
0.0,0.000103167135
0.0,0.14247663
0.0,3.3662538e-08
0.0,1.45512e-10
0.0,1.8614111e-06
0.0,0.00022323219
0.0,9.0801395e-06
0.0,4.5869757e-07
0.0,0.29580295
0.0,0.0046868445
0.0,5.919208e-07
0.0,7.4916356e-06
0.0,0.0013935925
0.0,2.135177e-05
0.0,0.020849312
0.0,5.3642133e-13
0.0,0.044145104
0.0,9.556863e-05
0.0,8.644957e-09
0.0,0.12936778
0.0,0.040877383
0.0,3.4486642e-16
0.0,6.6925494e-08
0.0,7.438403e-08
0.0,7.4337404e-06
0.0,6.0759487e-07
0.0,6.081149e-14
0.0,8.636376e-11
0.0,0.016147962
0.0,1.6795708e-05
0.0,0.050012704
0.0,3.1741571e-12
0.0,9.169716e-06
1.0,0.42844287
1.0,0.9999999
0.0,4.755986e-07
0.0,7.41962e-14
0.0,0.085105546
1.0,0.99915254
0.0,0.12713514
0.0,0.01433127
0.0,0.6192753
0.0,0.03129076
0.0,0.04158203
0.0,4.836825e-10
0.0,0.008865581
0.0,9.4237606e-08
0.0,3.637407e-07
0.0,1.7179658e-05
0.0,0.378496
0.0,0.031398304
0.0,0.15317076
0.0,0.10619933
0.0,0.031600047
0.0,0.007657145
0.0,0.09712165
0.0,0.12803201
0.0,0.022155952
0.0,0.02042796
0.0,1.3728766e-07
0.0,7.274966e-07
0.0,0.0063645514
0.0,4.5795307e-08
0.0,0.027683232
1.0,1.0
0.0,6.1851253e-12
0.0,0.018402044
0.0,3.315899e-06
0.0,1.0126645e-14
0.0,5.2854675e-06
0.0,2.2227768e-08
0.0,0.010969518
0.0,1.1102188e-11
0.0,2.1588481e-05
0.0,0.02801186
0.0,0.086506
0.0,2.6482793e-14
0.0,4.3773266e-12
0.0,3.3745242e-13
0.0,0.20687297
0.0,0.034836233
0.0,2.4037114e-15
0.0,0.029131783
0.0,0.006792348
1.0,1.0
0.0,0.00011703547
0.0,0.21673016
0.0,0.003377461
0.0,6.193155e-05
0.0,0.11759078
0.0,0.18617
1.0,1.0
0.0,2.9286852e-07
0.0,2.6235191e-05
0.0,0.04360211
0.0,1.3377204e-10
0.0,6.935313e-06
0.0,0.22689137
0.0,0.011491159
0.0,0.060638756
0.0,0.0802112
0.0,1.5973963e-13
0.0,2.9045683e-10
0.0,1.5131901e-06
0.0,2.7567914e-06
0.0,6.157978e-06
0.0,6.8951306e-13
0.0,0.09830656
0.0,0.0024261614
0.0,7.5428376e-05
0.0,1.3022255e-14
0.0,6.026849e-08
0.0,1.6290131e-06
0.0,0.12780984
0.0,0.008130268
0.0,0.1043454
0.0,2.549421e-07
0.0,7.873141e-08
0.0,0.00032460105
0.0,6.0339657e-16
0.0,9.307614e-05
0.0,2.585744e-13
0.0,0.111690275
1.0,1.0
0.0,0.007037647
0.0,3.4591215e-11
0.0,6.729756e-17
0.0,0.07483413
0.0,0.09218244
0.0,0.0048608105
0.0,1.9736294e-06
0.0,0.08371074
0.0,0.037562005
0.0,4.842105e-07
1.0,0.12246132
0.0,0.0018849471
0.0,4.077169e-16
0.0,5.629297e-17
0.0,0.005646471
0.0,3.2035994e-05
1.0,1.0
0.0,6.028185e-05
0.0,0.00016995922
0.0,0.0021835188
0.0,0.15902033
0.0,8.118291e-06
0.0,0.015965272
1.0,1.0
0.0,9.300488e-14
1.0,0.9973047
0.0,5.5032956e-06
0.0,0.03315497
0.0,0.02182266
0.0,0.023034219
0.0,4.9195614e-06
1.0,0.21931373
0.0,0.27305937
1.0,1.0
0.0,0.035940997
0.0,0.024515005
0.0,0.117153265
0.0,1.2789871e-12
0.0,1.2351406e-06
0.0,9.150873e-09
0.0,0.15517566
0.0,1.0890812e-08
0.0,8.202676e-10
0.0,0.008567274
0.0,2.3820615e-10
0.0,3.9729657e-15
0.0,3.0285918e-07
1.0,0.2951065
0.0,8.753642e-11
0.0,7.336348e-08
0.0,1.5273139e-17
0.0,1.7880879e-05
0.0,9.1288564e-07
0.0,6.833927e-08
0.0,1.6216932e-08
1.0,0.999907
0.0,2.849957e-05
1.0,1.0
0.0,0.18557432
1.0,0.115008995
0.0,0.063325085
0.0,0.0069145546
0.0,2.1960805e-08
0.0,0.019119725
0.0,1.1129638e-05
0.0,0.011229793
0.0,0.009887484
0.0,7.2081247e-10
0.0,0.0021044645
0.0,6.154697e-14
0.0,0.17333552
0.0,0.007104629
0.0,0.0019340289
0.0,9.222446e-14
0.0,0.028338993
0.0,0.0023008306
0.0,5.342642e-11
1.0,0.089638695
1.0,0.9999999
0.0,2.0758902e-08
0.0,7.783643e-05
0.0,0.047754407
0.0,0.00015896387
0.0,0.08613496
0.0,0.06325749
0.0,5.453245e-11
0.0,0.050586298
0.0,0.0014904288
1.0,0.99872035
0.0,0.044482738
0.0,3.6060344e-05
0.0,1.70728e-13
0.0,7.95273e-14
0.0,4.679211e-10
0.0,0.0069307615
0.0,0.078772776
0.0,0.027082484
0.0,3.6744515e-07
0.0,0.010410833
1.0,0.28997394
0.0,0.22226071
0.0,0.11083291
0.0,6.3227588e-09
0.0,2.1938594e-14
0.0,1.0944377e-07
0.0,3.80549e-07
0.0,5.853931e-10
1.0,1.0
0.0,0.20537929
0.0,1.2386594e-06
0.0,0.38417658
0.0,6.1768524e-06
0.0,5.1587158e-08
0.0,1.13855286e-07
0.0,2.2563468e-06
0.0,3.8978876e-13
0.0,0.0033462762
1.0,0.32702896
0.0,8.99134e-16
0.0,0.011986047
0.0,0.115935355
0.0,0.09668956
1.0,1.0
0.0,3.27509e-05
0.0,1.1302339e-12
0.0,0.02352929
0.0,0.0070482646
0.0,5.0191146e-10
0.0,0.018519709
0.0,1.36487e-13
0.0,1.5965378e-07
0.0,0.013755108
0.0,1.1369847e-15
0.0,0.0001389518
0.0,4.2986602e-07
1.0,0.09351645
0.0,3.6916276e-06
1.0,1.0
0.0,4.7170982e-07
1.0,0.9998561
0.0,2.1303242e-13
0.0,0.0062315427
0.0,0.09813845
0.0,2.2810177e-06
0.0,0.0061331
0.0,0.0021893007
0.0,2.4444489e-08
1.0,0.9998596
0.0,3.5554997e-06
0.0,2.778458e-15
0.0,2.5407256e-11
0.0,7.80384e-13
1.0,0.9986499
0.0,1.1756063e-17
0.0,7.559236e-11
0.0,1.6678103e-05
0.0,1.9528323e-05
0.0,6.2352387e-06
0.0,0.008918371
0.0,0.046500657
0.0,1.034151e-11
0.0,6.819411e-11
0.0,1.2535018e-07
0.0,0.338636
1.0,1.0
0.0,3.381689e-05
1.0,0.99860907
0.0,1.4593693e-11
0.0,4.472369e-06
0.0,2.4405753e-07
0.0,4.1385367e-10
0.0,0.20262598
0.0,2.5540666e-08
0.0,2.4499514e-05
0.0,0.24080452
0.0,6.625717e-05
0.0,8.639643e-10
0.0,0.30338502
0.0,1.7050536e-10
0.0,0.15090333
0.0,0.057470948
0.0,0.0061545903
0.0,2.5667757e-10
0.0,6.6427555e-13
0.0,0.21952382
1.0,0.40549198
0.0,3.1655242e-07
0.0,1.8460446e-10
1.0,0.053305652
0.0,2.419752e-07
0.0,0.0026671074
0.0,2.067255e-05
0.0,0.47725198
0.0,1.2885464e-12
0.0,0.00319222
0.0,0.02503188
0.0,0.031037213
0.0,0.037999608
0.0,0.075221464
0.0,3.825371e-08
0.0,0.0043326863
0.0,0.01700089
0.0,3.778807e-08
0.0,0.0002125719
0.0,7.607476e-05
0.0,5.4228813e-09
0.0,0.06648191
0.0,4.0027343e-12
0.0,1.505663e-15
0.0,1.2295935e-12
1.0,0.11605593
0.0,1.6276874e-10
0.0,3.425795e-17
0.0,6.177991e-12
0.0,8.043929e-06
0.0,1.0269133e-12
0.0,4.319292e-17
0.0,1.8868186e-05
0.0,0.040296018
0.0,1.3036283e-06
0.0,0.052627057
0.0,7.0230093e-12
0.0,0.0001507799
0.0,0.09116764
0.0,2.836331e-14
1.0,0.16590859
0.0,2.4686112e-15
0.0,1.7553494e-07
1.0,1.0
0.0,6.460318e-05
0.0,4.948975e-05
0.0,1.1945995e-14
0.0,1.677079e-07
1.0,1.0
1.0,0.6531803
0.0,2.870106e-07
0.0,0.17072959
0.0,3.2440343e-07
1.0,1.0
0.0,4.4052817e-05
1.0,1.0
0.0,0.0017996102
0.0,0.016349144
0.0,0.04473256
0.0,1.8492289e-08
0.0,0.23822665
0.0,0.018730534
0.0,6.665403e-08
1.0,1.0
0.0,2.0293914e-05
0.0,0.07296133
0.0,6.519899e-11
0.0,6.3752536e-06
0.0,0.030348748
0.0,0.0001493245
0.0,0.011774921
0.0,2.0281139e-10
0.0,0.15549071
0.0,0.20722461
1.0,0.17434108
0.0,8.983676e-09
0.0,2.808496e-13
0.0,2.1911428e-09
1.0,0.27718103
0.0,0.16872469
0.0,0.025138276
0.0,0.10906112
0.0,0.00019106548
1.0,0.3051496
0.0,3.184641e-05
0.0,0.001444469
0.0,0.0025100145
0.0,1.2884402e-09
0.0,1.2654034e-13
0.0,9.278434e-13
0.0,0.000121355646
0.0,0.09262814
0.0,1.8243458e-14
0.0,7.196598e-14
0.0,0.14346135
0.0,0.00013602003
0.0,0.14985183
0.0,0.03371477
1.0,1.0
0.0,1.063945e-17
0.0,0.1332451
0.0,1.7657776e-07
0.0,5.0696043e-14
0.0,0.083993554
0.0,0.013807151
0.0,0.007626304
0.0,2.381351e-08
0.0,0.027788369
0.0,2.096029e-07
0.0,0.1188849
0.0,1.4356643e-11
0.0,0.04558276
0.0,6.467104e-05
0.0,7.242466e-07
0.0,0.019076666
0.0,0.021846836
0.0,0.013185735
0.0,1.1938242e-08
0.0,0.012595173
1.0,0.21087545
0.0,0.3497389
0.0,0.00017525775
0.0,7.3528963e-06
0.0,0.0029168723
0.0,1.0220683e-06
0.0,1.2294961e-14
0.0,0.0038496817
0.0,6.142968e-14
1.0,1.0
0.0,6.5476843e-16
0.0,4.21351e-17
0.0,2.787225e-07
0.0,0.089513555
0.0,3.6020213e-06
0.0,8.820326e-05
0.0,2.1327798e-05
0.0,2.1295175e-12
0.0,6.4556104e-07
0.0,2.9758274e-16
0.0,0.021945585
0.0,0.12311558
0.0,3.3508465e-07
0.0,1.4799059e-06
0.0,2.8375986e-13
1.0,1.0
0.0,1.6757343e-07
0.0,0.10922015
0.0,5.0294766e-05
0.0,2.3315318e-11
0.0,0.0018774765
0.0,1.7440616e-09
0.0,9.581902e-06
0.0,0.018262254
0.0,1.2618585e-16
0.0,2.890655e-06
0.0,2.825042e-06
0.0,9.198691e-07
0.0,2.4033952e-08
0.0,0.020020258
0.0,4.513283e-11
0.0,3.890744e-12
0.0,0.000351779
0.0,0.114119336
0.0,0.010803826
0.0,6.996045e-11
1.0,1.0
0.0,5.207067e-11
0.0,0.019672384
0.0,2.7177377e-05
1.0,0.10233817
0.0,0.11880477
0.0,4.1415768e-10
1.0,1.0
0.0,0.010383501
0.0,1.1314296e-07
0.0,0.00047360186
0.0,2.044347e-07
0.0,0.11086052
0.0,0.7699359
0.0,1.8975157e-06
0.0,1.1970218e-14
0.0,0.0025906158
0.0,1.204046e-05
0.0,3.6662118e-06
0.0,1.7951435e-11
1.0,0.16268875
0.0,0.05088881
0.0,0.03707194
1.0,1.0
1.0,0.9948265
0.0,1.0457578e-09
0.0,0.05325405
0.0,0.021095548
0.0,9.269704e-06
0.0,2.1553982e-10
0.0,4.4305114e-13
0.0,3.4201336e-10
1.0,1.0
0.0,4.086341e-15
0.0,1.1903686e-07
0.0,1.0012526e-05
0.0,6.810454e-05
0.0,1.5202755e-08
0.0,6.4631684e-15
0.0,1.0085398e-05
0.0,3.2934944e-09
0.0,0.09543298
0.0,0.1922769
0.0,1.6666345e-06
1.0,1.0
0.0,4.5108162e-10
0.0,0.0034126248
0.0,1.6497924e-07
0.0,1.8573448e-05
0.0,4.525039e-07
0.0,6.3845946e-05
0.0,0.00019507688
0.0,0.00021463954
0.0,6.9506607e-19
0.0,0.00053120265
1.0,1.0
0.0,3.5256183e-11
0.0,3.2418335e-09
0.0,4.8560185e-08
0.0,2.997324e-14
1.0,1.0
0.0,7.812923e-10
0.0,4.439489e-05
0.0,0.00020115617
1.0,1.0
0.0,0.15956874
0.0,2.9571247e-05
0.0,0.093282595
0.0,0.003007399
0.0,0.26038167
0.0,3.2162615e-17
0.0,0.014292572
0.0,0.08246908
0.0,6.912104e-06
0.0,9.099632e-13
0.0,0.00083939545
0.0,1.4728113e-06
0.0,6.24034e-17
0.0,4.3101787e-05
0.0,4.257086e-06
0.0,5.71502e-05
1.0,0.1924583
0.0,0.00016995435
0.0,2.70934e-07
0.0,0.083206646
0.0,2.0907725e-15
0.0,2.3272947e-05
0.0,4.243314e-05
0.0,0.01200037
0.0,2.4098476e-06
0.0,6.6872906e-07
0.0,0.2782994
1.0,1.0
0.0,7.001897e-13
0.0,7.8605666e-08
1.0,1.0
0.0,0.09608034
0.0,4.3175495e-16
0.0,5.028035e-10
0.0,0.0014749933
1.0,1.0
0.0,0.021545859
0.0,2.9847246e-08
0.0,1.9544495e-06
0.0,0.16122888
0.0,1.4802474e-09
0.0,1.2339066e-05
1.0,1.0
0.0,0.038506187
0.0,0.024361882
0.0,2.450967e-18
0.0,0.09829771
0.0,0.026032437
0.0,0.021945955
0.0,4.4610006e-05
0.0,3.1131852e-16
0.0,3.3032201e-09
0.0,1.2480572e-11
0.0,4.4958645e-16
0.0,1.2254737e-05
0.0,0.005831548
0.0,0.028259797
0.0,0.3815566
0.0,2.3347756e-11
0.0,1.3320328e-05
0.0,4.7579363e-07
0.0,0.07774812
0.0,0.10570779
0.0,4.121852e-05
0.0,0.00869547
0.0,0.02183266
0.0,2.391395e-09
0.0,0.0005404558
0.0,0.0030531215
0.0,9.288372e-16
0.0,0.003352395
0.0,4.1645887e-10
0.0,1.5048136e-10
0.0,6.156713e-11
0.0,0.00027726087
0.0,0.07833852
0.0,1.2791854e-11
0.0,0.00030144662
0.0,3.856662e-06
0.0,5.1559e-07
0.0,0.27503243
0.0,0.027175866
0.0,0.01740102
0.0,2.0362913e-07
1.0,1.0
0.0,0.00019709628
0.0,1.0540116e-06
0.0,7.614661e-05
0.0,0.0004733983
0.0,1.2344047e-06
0.0,3.4088387e-08
0.0,0.17311238
0.0,1.3764476e-07
0.0,1.4858382e-07
0.0,2.2960185e-15
0.0,1.8149305e-07
0.0,0.4867319
1.0,1.0
0.0,0.064293325
1.0,0.13230051
0.0,0.0021492587
0.0,0.08458172
0.0,5.279288e-16
0.0,8.9383e-08
0.0,0.03302209
0.0,2.760077e-15
0.0,7.3091323e-06
0.0,4.494225e-07
1.0,0.99989015
0.0,5.802285e-06
0.0,1.7752315e-06
0.0,5.301251e-10
0.0,0.0062996345
0.0,2.2774314e-10
0.0,0.01599393
0.0,3.997476e-09
0.0,0.005687004
0.0,0.07775446
0.0,0.01885715
0.0,1.8862065e-05
0.0,1.7090513e-06
0.0,5.38906e-10
0.0,0.0012356183
0.0,0.0012648411
0.0,0.0029442129
0.0,9.508264e-07
0.0,0.00309663
0.0,0.0890377
0.0,0.25430623
0.0,0.07228215
0.0,0.0014125701
0.0,4.750213e-11
0.0,0.3390748
0.0,6.664503e-11
0.0,4.9728624e-06
0.0,0.08492108
1.0,1.0
0.0,4.416034e-09
0.0,0.0002697995
0.0,0.18840571
0.0,5.0944167e-19
0.0,3.0969136e-10
0.0,0.03757384
0.0,8.036887e-15
1.0,0.088898025
1.0,1.0
0.0,8.6545387e-13
1.0,0.99999887
0.0,0.012581482
0.0,2.3014352e-10
0.0,0.29011372
0.0,1.2349156e-07
0.0,0.0017894141
0.0,3.9535453e-06
0.0,9.3537246e-08
0.0,0.0140015595
1.0,0.36097795
0.0,0.030755812
0.0,4.421624e-12
0.0,2.8239788e-15
0.0,7.649685e-07
0.0,7.8059194e-05
0.0,2.5396e-15
0.0,0.112805635
0.0,1.2534355e-10
0.0,0.000750104
0.0,0.20111808
0.0,0.08697138
0.0,0.0511941
0.0,0.14767732
0.0,0.32657424
0.0,0.002135809
0.0,6.4036896e-12
0.0,0.015525707
0.0,0.00019854448
1.0,0.28622898
0.0,0.0008105962
0.0,1.369106e-18
0.0,1.3988875e-17
0.0,0.03825405
0.0,0.46515265
0.0,0.06641804
0.0,0.08345896
0.0,0.05969818
0.0,7.679914e-06
0.0,1.6041141e-06
0.0,6.8619545e-07
0.0,9.044548e-06
0.0,0.038158976
0.0,0.3264971
0.0,0.00044967997
0.0,2.0950039e-15
0.0,0.04028232
0.0,9.5201425e-12
0.0,4.227064e-18
0.0,7.415111e-13
0.0,0.023426114
0.0,0.007888695
0.0,1.1923543e-05
0.0,0.09373692
0.0,7.721729e-08
0.0,0.0001350993
0.0,0.0020959591
0.0,2.8796238e-10
1.0,1.0
0.0,4.4364808e-07
0.0,0.0422976
0.0,0.008903883
0.0,1.5731457e-05
0.0,2.700858e-07
0.0,2.805749e-07
0.0,4.0683876e-10
0.0,0.047640476
0.0,1.1797573e-10
0.0,0.12875769
0.0,4.422586e-05
0.0,2.4555877e-07
0.0,7.40042e-07
0.0,0.03596843
0.0,9.74646e-05
0.0,0.07436602
0.0,0.002096362
0.0,0.26211306
0.0,0.33106315
0.0,0.024964456
0.0,0.00080837234
0.0,8.443001e-05
0.0,0.032602053
0.0,9.37464e-08
0.0,0.103974044
1.0,1.0
0.0,0.032886487
0.0,0.015437767
0.0,0.06295149
1.0,1.0
0.0,2.1688966e-07
0.0,0.037556846
1.0,1.0
0.0,2.5891385e-14
0.0,0.13409986
0.0,0.04735659
0.0,1.0721236e-14
0.0,0.03316492
0.0,0.054422732
0.0,8.512562e-14
0.0,0.019371843
0.0,1.2681301e-06
0.0,8.952804e-16
1.0,1.0
0.0,5.66358e-07
0.0,0.037715822
0.0,8.4193125e-10
0.0,5.8217526e-13
0.0,0.3103007
0.0,2.3528298e-06
0.0,0.006543576
0.0,0.03481747
0.0,4.6972173e-06
0.0,0.030400151
0.0,0.03650922
0.0,1.7404504e-05
0.0,0.09203582
0.0,0.040611893
0.0,0.34398568
0.0,0.0016288974
0.0,0.14396979
0.0,0.13714944
0.0,0.021373266
0.0,5.8629425e-12
0.0,1.4642516e-06
0.0,9.011393e-06
0.0,0.035830427
0.0,2.2058261e-10
0.0,0.086837314
0.0,0.22818236
1.0,1.0
0.0,1.2857404e-16
0.0,1.2111065e-06
0.0,2.7304708e-12
0.0,2.2859656e-06
0.0,1.1854648e-06
0.0,1.5728727e-05
0.0,1.9699473e-05
0.0,2.316033e-10
0.0,1.3682717e-16
0.0,5.688282e-09
0.0,3.4284776e-16
0.0,0.027048042
0.0,0.013127137
0.0,4.4667046e-05
1.0,0.1460015
0.0,0.049552232
0.0,4.055999e-07
0.0,8.699066e-15
0.0,0.42790246
0.0,0.022507023
0.0,0.004062294
0.0,3.0116016e-08
0.0,2.7745102e-06
0.0,0.0014101261
0.0,5.4654697e-06
1.0,1.0
0.0,3.7064346e-14
0.0,0.04536696
0.0,2.981094e-06
0.0,6.9819463e-17
0.0,0.13167562
0.0,0.037889894
0.0,3.7902517e-10
1.0,1.0
0.0,1.2322522e-06
0.0,0.009109221
0.0,9.904196e-07
0.0,0.0023316438
0.0,1.666288e-06
0.0,2.1118863e-15
0.0,0.0023763312
0.0,7.085418e-06
0.0,1.024605e-15
0.0,8.932359e-07
0.0,0.05103179
0.0,1.433886e-14
0.0,0.053687394
0.0,0.03631964
0.0,0.055858295
0.0,1.1585346e-07
0.0,0.1314339
0.0,0.010535301
0.0,4.1485374e-12
0.0,0.017417787
0.0,2.4179303e-11
0.0,0.30490953
0.0,0.0001747921
0.0,1.4032416e-08
0.0,3.8456363e-11
0.0,1.6804016e-09
0.0,4.772127e-14
0.0,0.0076776166
0.0,4.0125874e-06
1.0,0.9998643
0.0,0.014434686
1.0,1.0
0.0,4.879695e-16
0.0,0.066818334
0.0,4.440434e-07
0.0,2.9014177e-06
0.0,1.4857577e-09
0.0,0.0534644
1.0,1.0
0.0,5.6286638e-09
0.0,0.1914348
0.0,0.16065784
0.0,0.006312086
0.0,0.016048828
0.0,0.0063650548
0.0,2.7072192e-08
0.0,0.0097811455
0.0,9.2433744e-08
0.0,3.8930735e-05
1.0,0.08090292
0.0,1.2679742e-07
0.0,4.051923e-05
1.0,1.0
0.0,4.731904e-06
0.0,0.0003510697
0.0,3.4256314e-07
0.0,2.8878236e-05
0.0,0.2697258
1.0,1.0
0.0,4.761005e-06
0.0,0.2499316
0.0,0.005552394
0.0,0.058919128
0.0,2.473484e-12
1.0,0.30709216
0.0,4.1495223e-06
0.0,0.005350186
0.0,3.2387398e-08
0.0,1.7215944e-08
0.0,8.43688e-07
0.0,7.5128315e-07
0.0,4.3522764e-12
0.0,3.309346e-08
0.0,0.001773976
0.0,1.8789303e-08
0.0,1.4730456e-07
0.0,2.5302768e-07
0.0,3.1523764e-12
1.0,0.060337193
0.0,0.056605056
0.0,0.024605813
0.0,0.29565614
0.0,4.464413e-06
0.0,8.855894e-08
0.0,1.39581525e-05
0.0,2.0962683e-10
0.0,0.06577165
0.0,4.749686e-06
0.0,0.057078335
0.0,7.5560236e-10
0.0,0.0003533919
0.0,3.0642402e-09
1.0,1.0
0.0,1.263164e-11
0.0,2.3167015e-13
0.0,1.0991474e-10
0.0,4.198417e-07
0.0,1.7513396e-05
1.0,1.0
0.0,7.981066e-12
0.0,2.4601607e-06
1.0,0.41146457
0.0,6.499087e-08
0.0,1.2714821e-18
0.0,3.451272e-08
0.0,1.9982634e-10
0.0,0.011602482
0.0,0.08847835
0.0,0.0053197686
1.0,1.0
0.0,2.6495002e-07
0.0,0.10813758
0.0,0.02378228
0.0,1.2866904e-11
0.0,1.8681662e-16
0.0,8.067391e-14
0.0,3.475221e-09
0.0,0.0004904629
0.0,1.0418786e-05
0.0,3.540248e-14
0.0,0.01451736
0.0,3.381702e-13
1.0,1.0
0.0,0.58377767
0.0,0.16065343
0.0,0.53604805
0.0,7.984793e-05
0.0,0.00012366055
0.0,3.0929717e-09
0.0,5.7690368e-06
0.0,0.005049681
0.0,0.3114443
0.0,0.056883518
0.0,5.0758503e-12
0.0,1.8846871e-05
0.0,0.21348271
0.0,0.1724982
0.0,0.09356216
0.0,3.1251286e-05
0.0,0.024139725
0.0,0.26258913
0.0,0.00027061402
0.0,8.886441e-18
0.0,0.012850698
0.0,0.0887671
0.0,0.13982901
0.0,9.358393e-10
0.0,1.2896462e-11
0.0,1.682904e-19
1.0,1.0
0.0,0.023421347
0.0,8.198037e-09
0.0,0.019959467
0.0,0.016907405
0.0,1.3825078e-05
0.0,4.926904e-05
0.0,2.6525686e-15
0.0,6.525077e-07
0.0,0.028096687
1.0,0.24472627
1.0,1.0
0.0,0.071353726
0.0,0.026595008
0.0,0.09635756
0.0,3.6330213e-17
0.0,0.18443759
1.0,0.12045175
0.0,0.035551514
0.0,0.13059157
0.0,0.0007085913
0.0,3.399865e-08
0.0,0.3749947
1.0,0.06673
0.0,0.014329635
0.0,0.00885358
0.0,5.494762e-10
1.0,1.0
0.0,1.4255391e-10
0.0,2.7514852e-14
0.0,1.3592249e-06
0.0,0.10286441
0.0,0.16936882
0.0,0.18509533
0.0,6.0216036e-07
0.0,2.7348838e-06
0.0,0.0669982
0.0,2.3061238e-10
0.0,4.7020138e-11
0.0,0.023049954
0.0,0.014865317
0.0,9.915107e-15
0.0,0.0038246652
0.0,2.1177984e-09
0.0,0.024171745
0.0,2.3851206e-11
0.0,0.025702981
0.0,0.0065113837
0.0,1.4406734e-07
0.0,2.9039954e-08
0.0,0.06365412
0.0,0.07368416
0.0,1.6721971e-06
1.0,1.0
0.0,5.8519045e-06
0.0,0.0014160566
0.0,3.748583e-05
0.0,0.0021157986
0.0,0.15108758
0.0,0.0023358185
0.0,4.3682434e-16
0.0,0.04902752
0.0,0.009668828
0.0,3.9104112e-10
0.0,1.10728166e-07
0.0,0.001989138
0.0,0.13369074
0.0,0.019335058
0.0,0.030411966
0.0,8.6433505e-14
0.0,0.024567194
0.0,2.6973208e-09
0.0,5.660611e-08
0.0,1.3544964e-05
0.0,0.6626287
0.0,1.2566474e-06
0.0,0.053567126
0.0,9.282283e-06
0.0,0.030874217
0.0,0.025292195
0.0,9.6057534e-14
0.0,6.056455e-11
1.0,1.0
0.0,6.726291e-05
0.0,3.1015797e-16
0.0,1.3712666e-05
0.0,4.9180413e-05
0.0,5.708705e-09
0.0,0.10109735
0.0,1.03178905e-07
1.0,0.14826173
0.0,3.507464e-07
0.0,0.026759462
0.0,4.185172e-17
0.0,0.0024979725
0.0,0.027405838
0.0,6.444464e-06
1.0,1.0
0.0,5.6583926e-06
0.0,2.4135838e-20
0.0,0.072327085
1.0,0.20301428
0.0,2.3209734e-07
0.0,1.9986237e-08
0.0,0.109933175
0.0,6.9925604e-06
0.0,0.045477822
0.0,2.0691404e-18
0.0,1.0476753e-15
1.0,0.16195177
0.0,2.799371e-10
0.0,0.02876335
0.0,7.001342e-08
0.0,0.09984211
1.0,1.0
1.0,0.47944552
0.0,2.5340407e-08
0.0,2.5425542e-10
0.0,0.27111673
0.0,1.136542e-06
0.0,0.15761442
0.0,1.7337656e-17
0.0,0.20110478
0.0,2.319383e-11
0.0,0.04611198
0.0,1.6711706e-06
0.0,0.11548236
0.0,0.0001152088
0.0,1.330201e-06
0.0,1.8589044e-06
0.0,0.0045509087
0.0,0.016481921
0.0,0.2583853
0.0,2.0728579e-10
1.0,1.0
0.0,0.031991016
0.0,2.403889e-06
0.0,0.06461093
0.0,0.06604182
0.0,0.02942049
0.0,0.0001184605
0.0,0.033237237
0.0,1.1524695e-14
0.0,0.008440354
0.0,0.025296686
0.0,0.01679144
0.0,5.648008e-07
0.0,4.9322887e-07
0.0,0.01089702
0.0,0.056130566
1.0,0.99356157
0.0,5.9526928e-12
0.0,0.00059501454
0.0,0.22767979
0.0,3.8870792e-05
0.0,4.588201e-06
0.0,0.107786074
0.0,0.02421153
0.0,0.0034904012
0.0,4.181206e-06
0.0,1.842091e-10
0.0,0.0011071758
0.0,0.3472767
1.0,0.09786767
0.0,2.2564478e-14
0.0,6.4622405e-08
0.0,6.266867e-17
0.0,0.0712189
0.0,4.785161e-18
0.0,2.1334927e-09
0.0,0.006469621
0.0,7.1468673e-07
0.0,0.15383917
1.0,1.0
0.0,0.019353908
0.0,0.23959915
0.0,5.183905e-13
0.0,4.6958016e-06
0.0,0.15078408
0.0,6.28214e-09
0.0,0.04781173
0.0,6.481841e-05
0.0,0.06741108
0.0,0.09137354
0.0,8.055301e-11
0.0,0.006762876
0.0,8.1253465e-06
0.0,0.19151877
0.0,0.0322594
0.0,0.029221226
0.0,4.854194e-06
0.0,0.023975356
0.0,1.7217486e-08
0.0,0.3143739
0.0,0.012011841
0.0,0.047194473
0.0,5.953263e-11
0.0,0.15374035
0.0,0.00086621864
0.0,0.0030428933
0.0,7.149266e-16
0.0,7.2393735e-10
0.0,0.03955158
1.0,1.0
0.0,1.1372796e-15
0.0,0.0045569357
0.0,3.0224183e-09
0.0,1.6376742e-10
0.0,9.59415e-07
0.0,0.011958582
0.0,0.00010215716
0.0,0.014487074
0.0,0.0030519026
1.0,0.15866627
0.0,0.34665838
0.0,0.10420767
0.0,4.6850435e-17
0.0,0.026583077
0.0,0.050025962
1.0,0.15783732
1.0,0.99999994
0.0,2.2364234e-06
0.0,0.011243254
0.0,0.05093884
1.0,0.9974808
0.0,0.022790765
0.0,3.8394922e-13
0.0,1.0849034e-12
0.0,1.2876602e-11
0.0,0.0059306608
0.0,0.00035604273
0.0,1.6132203e-07
0.0,0.011071207
0.0,0.06836161
0.0,9.3969334e-07
0.0,0.18778178
1.0,1.0
0.0,1.0543236e-09
0.0,2.3958204e-15
1.0,1.0
0.0,7.324876e-07
0.0,0.0005962395
0.0,0.020263428
0.0,0.02717306
0.0,1.4855025e-09
0.0,1.681259e-15
0.0,5.483597e-11
0.0,7.572051e-07
0.0,0.037823245
0.0,4.0972037e-16
1.0,0.11134889
1.0,1.0
0.0,3.649478e-07
0.0,0.0095828315
0.0,0.34076414
0.0,0.0035338523
0.0,0.12729822
0.0,0.3033889
0.0,0.05698592
0.0,0.6848942
0.0,0.004788416
0.0,7.1508897e-09
0.0,0.00023150096
0.0,0.09738779
0.0,8.55099e-09
0.0,4.7843687e-06
0.0,0.005132212
0.0,4.5792435e-15
0.0,0.14652579
0.0,0.08630636
0.0,0.07287232
0.0,0.002232773
0.0,0.022086462
0.0,0.076829605
0.0,2.3260557e-10
0.0,0.010230213
0.0,1.1579817e-16
0.0,2.0992577e-13
0.0,2.3337768e-06
1.0,0.048091795
0.0,2.7991779e-11
0.0,0.06439845
1.0,1.0
0.0,0.080330506
0.0,0.093249835
0.0,4.6644502e-12
0.0,0.10140467
0.0,6.537367e-08
0.0,4.4401066e-08
1.0,1.0
0.0,6.1850283e-06
1.0,1.0
0.0,1.3069346e-07
0.0,5.1662792e-11
0.0,0.025699016
0.0,2.6224382e-06
0.0,1.0859988e-12
0.0,0.040501375
1.0,1.0
0.0,0.0019646965
0.0,3.2007413e-13
0.0,0.01597185
0.0,0.08039929
0.0,0.038074497
1.0,1.0
0.0,2.8383296e-13
0.0,0.14064555
0.0,0.16537602
0.0,0.058252648
0.0,2.7632505e-10
1.0,0.07142371
0.0,4.475033e-08
1.0,1.0
1.0,1.0
0.0,0.014961359
0.0,0.13836074
0.0,0.031067094
0.0,0.18942823
0.0,7.8715624e-07
0.0,3.5988185e-11
0.0,0.017464785
0.0,6.1367746e-13
0.0,0.008461808
0.0,1.7785705e-10
0.0,1.8175143e-10
0.0,2.9431336e-05
0.0,2.924957e-12
0.0,2.1622727e-12
0.0,0.15801904
0.0,2.3751392e-07
0.0,1.6099101e-06
0.0,0.31640866
0.0,0.086261064
0.0,8.282556e-10
0.0,1.0026097e-10
0.0,2.4914487e-16
0.0,0.010714874
0.0,5.852134e-14
0.0,4.666814e-07
0.0,7.4285905e-05
0.0,8.26451e-09
0.0,1.8746242e-19
0.0,0.12458701
0.0,3.4447016e-08
0.0,1.1239136e-16
0.0,0.0076606963
0.0,0.2640356
0.0,4.7098204e-08
0.0,7.5600965e-08
0.0,0.14778677
0.0,0.07668645
0.0,1.2697508e-08
0.0,0.25596845
1.0,1.0
0.0,0.29667768
0.0,6.409343e-05
0.0,2.2658625e-05
0.0,0.12321876
0.0,1.8113775e-06
0.0,0.21516205
0.0,8.2120906e-08
0.0,1.0642739e-06
0.0,2.4018543e-06
0.0,0.029460976
0.0,0.0014560198
1.0,0.13672344
0.0,0.014386838
0.0,0.1388048
1.0,1.0
0.0,0.48837268
0.0,9.239248e-13
0.0,0.00011401178
0.0,0.05103955
0.0,0.36575812
0.0,1.4863456e-11
0.0,1.9494604e-05
0.0,0.002312642
0.0,1.1835194e-13
0.0,2.3914635e-07
0.0,0.0022543592
0.0,0.102512196
0.0,0.057496894
0.0,0.1695376
0.0,0.054706614
0.0,8.002136e-05
0.0,0.32349545
0.0,3.9745893e-05
0.0,0.0003698354
1.0,1.0
0.0,0.018003173
0.0,0.061244134
1.0,0.48485136
0.0,0.034880124
0.0,0.0042697424
0.0,1.0226218e-05
0.0,0.02300872
1.0,1.0
0.0,8.320222e-06
0.0,4.334372e-06
0.0,4.9212507e-05
0.0,1.00539346e-07
0.0,1.00743676e-20
0.0,6.2710596e-06
0.0,0.012422701
0.0,7.644026e-07
0.0,0.0726189
0.0,1.3461153e-10
0.0,0.044958986
0.0,5.804967e-09
0.0,0.0026505773
0.0,0.00030050086
0.0,7.320498e-08
0.0,8.313702e-14
0.0,1.4441583e-12
0.0,0.0042674607
0.0,1.0089811e-13
0.0,0.019383447
0.0,3.2776529e-12
0.0,0.013348683
0.0,9.974091e-09
0.0,4.275782e-06
0.0,0.08018384
1.0,1.0
0.0,9.296502e-09
0.0,0.017716246
0.0,0.036449242
0.0,1.3451215e-06
0.0,0.078602664
0.0,4.1962034e-10
0.0,1.5230467e-05
0.0,0.009733782
1.0,0.38451618
0.0,6.917465e-05
0.0,0.039883133
1.0,1.0
0.0,7.748751e-10
0.0,0.04451718
0.0,2.4600331e-05
0.0,2.3645294e-05
0.0,9.765366e-09
0.0,9.730468e-09
0.0,2.0291136e-16
0.0,5.159659e-13
0.0,1.5058035e-06
0.0,0.0065541514
0.0,2.7133337e-12
0.0,0.00046493072
1.0,0.19183454
0.0,1.087385e-09
0.0,0.00019882523
0.0,3.2385602e-15
0.0,5.576265e-06
0.0,2.9288302e-07
0.0,1.2444887e-12
0.0,0.0011132892
0.0,0.083336234
0.0,3.4103106e-10
0.0,2.4715888e-15
0.0,2.6778501e-11
0.0,0.04095807
0.0,5.8843215e-11
0.0,7.2248883e-07
0.0,4.428643e-10
1.0,0.017139405
0.0,1.2834425e-15
0.0,0.055745523
0.0,0.015955647
0.0,0.088097006
0.0,0.002327097
0.0,2.0645074e-11
0.0,1.4481333e-08
0.0,0.23994736
0.0,2.4764446e-08
0.0,8.255906e-07
0.0,0.032497637
0.0,0.032229718
0.0,0.17204988
1.0,1.0
0.0,0.030271271
0.0,0.18605453
0.0,0.032354563
0.0,6.854753e-07
0.0,0.030675234
0.0,1.6107797e-05
0.0,0.00010214293
0.0,4.1392254e-09
0.0,1.2337973e-05
0.0,0.02408269
0.0,1.1897903e-06
0.0,0.040408928
0.0,2.1223404e-06
0.0,8.3299895e-10
1.0,0.19720747
0.0,3.910392e-08
0.0,0.006964714
0.0,1.1647847e-05
0.0,0.0002218295
0.0,6.010607e-15
0.0,2.736342e-15
0.0,2.9713618e-10
0.0,0.14585221
0.0,4.1151698e-16
0.0,5.0900738e-08
0.0,0.007834669
0.0,3.507771e-05
0.0,0.00014649078
0.0,1.6931577e-06
0.0,5.443242e-10
0.0,2.3417742e-14
0.0,8.213877e-08
0.0,0.029679509
0.0,1.8067024e-06
0.0,5.001191e-05
0.0,1.743115e-06
0.0,0.020554034
0.0,2.3885352e-05
0.0,0.0053499956
0.0,7.1971194e-06
0.0,1.2112151e-14
0.0,6.169524e-07
0.0,5.0722965e-10
0.0,0.038213838
0.0,7.2307416e-12
0.0,0.0098771835
0.0,8.4589155e-05
0.0,4.7158483e-05
0.0,5.2249475e-14
0.0,2.1014455e-05
0.0,2.81427e-10
0.0,0.0035374488
0.0,0.022714991
0.0,1.5035941e-14
0.0,1.6886208e-05
0.0,0.084265344
0.0,0.008780562
0.0,3.5448415e-06
0.0,0.029437888
0.0,6.14782e-15
0.0,0.011618822
0.0,4.0683047e-12
0.0,0.10764358
0.0,3.769117e-09
0.0,0.0018422911
0.0,0.012341648
0.0,0.06968334
0.0,5.2476548e-08
0.0,0.17283057
0.0,1.557436e-05
0.0,4.200561e-09
0.0,0.035469692
1.0,1.0
0.0,2.141938e-07
0.0,0.11630053
0.0,0.007654946
0.0,0.033488933
0.0,2.8268882e-06
0.0,0.0076442887
0.0,2.9422982e-19
0.0,0.010224396
0.0,7.2209683e-09
0.0,0.00053493713
0.0,0.044538267
0.0,2.8043776e-11
0.0,4.8426293e-05
0.0,0.0077580856
0.0,5.732106e-10
0.0,0.016036438
0.0,9.035591e-08
0.0,1.3337723e-12
0.0,0.31864336
0.0,0.035158273
0.0,0.46097088
0.0,0.00022629018
0.0,7.168954e-17
0.0,0.012002694
0.0,4.3264524e-12
0.0,0.13279599
0.0,3.13552e-06
0.0,0.06940898
0.0,2.9517114e-13
0.0,6.958839e-06
0.0,4.388723e-15
0.0,2.6879208e-05
0.0,0.041472342
0.0,3.1747684e-06
0.0,0.003944485
0.0,0.281316
0.0,1.5385169e-05
0.0,0.14837976
0.0,1.6812333e-15
0.0,0.018187348
0.0,0.008971445
0.0,2.2366263e-05
0.0,7.846e-18
0.0,4.3786554e-11
0.0,0.002284467
0.0,3.0270716e-11
0.0,0.04494491
0.0,2.0296682e-06
0.0,0.008729493
0.0,2.7125458e-05
0.0,0.09305236
0.0,0.15959045
0.0,7.0234373e-06
1.0,1.0
0.0,0.03178483
0.0,1.9221297e-17
0.0,0.032275274
0.0,3.2486457e-06
0.0,0.06229301
0.0,0.00019016543
0.0,0.04693566
0.0,2.535697e-06
0.0,1.2005344e-10
0.0,0.12646268
0.0,4.657489e-12
0.0,0.02644802
0.0,2.7101238e-11
0.0,0.030564899
0.0,0.05507918
0.0,1.7504219e-10
0.0,1.2248102e-14
0.0,9.2984086e-11
0.0,0.00038239654
0.0,5.860801e-14
0.0,1.4312286e-07
0.0,4.459128e-06
0.0,1.3242345e-06
0.0,0.091244675
0.0,9.008198e-16
0.0,0.055145238
1.0,1.0
0.0,0.01302495
0.0,0.032685928
0.0,0.009932496
0.0,0.026420396
0.0,0.0018176694
0.0,0.060004037
0.0,1.4752661e-18
0.0,2.219145e-05
0.0,0.0015921338
0.0,1.0816329e-05
0.0,1.4905707e-10
0.0,7.138584e-07
0.0,0.00842928
0.0,0.26385793
0.0,0.09444441
0.0,0.030975096
0.0,2.1572683e-11
0.0,0.0024313696
0.0,0.00911922
0.0,0.0060381936
0.0,0.18511257
0.0,1.2718629e-06
0.0,2.9235142e-11
1.0,1.0
0.0,0.016026689
0.0,0.0465796
0.0,3.300372e-14
0.0,0.014636129
0.0,3.6125487e-09
0.0,1.2279113e-11
0.0,0.1698965
0.0,3.5708115e-05
0.0,0.17709039
0.0,1.644999e-07
0.0,1.5177585e-07
0.0,0.2800154
0.0,2.0101423e-09
0.0,3.2656288e-07
0.0,0.0775317
0.0,0.01605923
0.0,3.1398663e-08
0.0,0.0026457624
0.0,0.02995759
0.0,0.018389182
0.0,5.7795653e-05
0.0,0.13963754
0.0,0.0002449282
0.0,2.2968923e-14
0.0,1.4826364e-07
0.0,1.1746629e-07
0.0,2.0530365e-08
0.0,2.6390746e-05
0.0,0.08421391
0.0,1.5571156e-06
0.0,3.3045087e-06
0.0,0.15529168
0.0,0.022610376
0.0,0.16814272
0.0,3.5309087e-05
0.0,4.7688843e-07
0.0,0.0056478153
0.0,0.027067035
0.0,3.6913073e-15
0.0,0.0005142778
0.0,8.538326e-07
0.0,0.03571381
1.0,0.07998257
0.0,0.06680571
0.0,0.082277775
0.0,2.3671987e-12
0.0,2.222155e-11
0.0,3.74988e-07
0.0,3.2251216e-07
0.0,0.11584664
0.0,2.8240138e-05
0.0,0.021633158
0.0,0.0023254296
0.0,5.1959114e-07
1.0,1.0
0.0,7.806806e-09
0.0,0.027726721
0.0,0.028653383
0.0,4.6706514e-06
0.0,1.9934885e-07
0.0,2.6859146e-12
1.0,1.0
0.0,0.29877666
0.0,9.744673e-14
1.0,1.0
0.0,5.126138e-17
0.0,0.124743916
0.0,1.4068297e-12
0.0,2.414561e-18
0.0,7.664116e-06
0.0,0.0064772023
0.0,0.084478654
0.0,0.02002482
0.0,2.4242497e-06
0.0,0.022827987
1.0,1.0
1.0,0.20187888
0.0,2.746476e-08
0.0,0.3853672
0.0,1.2650892e-05
0.0,4.9062964e-14
0.0,6.987912e-14
0.0,0.017796425
0.0,0.009027325
0.0,1.1484826e-06
0.0,0.044805728
0.0,0.0987423
0.0,9.023249e-11
0.0,8.0796585e-12
0.0,2.958669e-15
0.0,4.5545057e-06
1.0,1.0
0.0,2.1633779e-16
0.0,9.054759e-20
0.0,0.41843653
0.0,0.16901894
0.0,0.015352197
0.0,0.12585117
0.0,0.08176117
0.0,0.009919516
0.0,0.09716327
0.0,5.561942e-09
0.0,0.08695486
0.0,0.02937797
0.0,1.2089995e-05
1.0,1.0
0.0,2.7256512e-05
0.0,9.356036e-10
0.0,0.10172461
0.0,0.00049797806
0.0,1.09676985e-14
0.0,1.6191859e-09
0.0,9.612507e-08
0.0,3.5054572e-07
0.0,0.0044248854
0.0,0.0045850235
0.0,0.014632862
0.0,1.3425017e-05
0.0,5.773103e-06
0.0,0.24560757
0.0,8.693202e-06
0.0,2.9010366e-07
0.0,0.00801359
0.0,0.29515877
0.0,5.664893e-06
0.0,0.00044753344
0.0,5.959094e-07
0.0,3.765387e-13
0.0,3.49766e-07
0.0,9.8566585e-11
0.0,0.17290303
0.0,2.6601335e-19
0.0,1.6651438e-07
0.0,9.3167385e-09
0.0,4.462924e-05
0.0,9.462336e-06
0.0,0.0280679
0.0,0.038026515
1.0,1.0
0.0,0.0075590443
0.0,1.8114407e-10
0.0,0.109356426
0.0,0.08015794
0.0,0.00022565697
1.0,1.0
0.0,0.010933281
0.0,0.070632346
0.0,6.4560723e-10
0.0,8.038108e-06
0.0,0.027516006
0.0,4.94274e-14
0.0,0.041307706
0.0,0.00024876176
1.0,1.0
1.0,0.37076196
0.0,0.018733243
0.0,0.13399193
0.0,0.002611097
0.0,2.8042724e-13
0.0,0.14014994
0.0,0.087267935
0.0,1.6039895e-08
0.0,0.05732827
0.0,0.071046814
0.0,0.2834083
0.0,8.840924e-08
1.0,1.0
1.0,0.2788298
0.0,0.04674896
0.0,1.5489317e-10
0.0,0.01602941
0.0,0.0027820815
0.0,1.5341266e-08
0.0,0.02525799
0.0,0.1863301
0.0,1.6064702e-06
1.0,1.0
0.0,1.1058244e-05
1.0,1.0
0.0,1.0193183e-08
0.0,2.9013846e-14
0.0,2.2660771e-08
0.0,0.085716106
0.0,1.6580142e-08
0.0,2.6528403e-07
0.0,0.028758105
0.0,0.100253284
0.0,6.433755e-07
0.0,4.438449e-07
0.0,0.019976148
0.0,8.055174e-16
1.0,1.0
0.0,6.806531e-08
0.0,0.008772636
1.0,0.26268068
0.0,0.017189793
0.0,8.5624236e-14
0.0,0.042663384
0.0,0.13695188
0.0,1.1588047e-10
0.0,4.2591364e-14
0.0,2.4130486e-05
0.0,8.270587e-15
0.0,0.004185323
0.0,0.0039548604
0.0,7.518287e-10
1.0,1.0
0.0,0.22803877
0.0,2.8424513e-10
0.0,0.090518124
0.0,0.24785732
0.0,2.187676e-17
0.0,3.7295165e-05
0.0,0.053448014
0.0,0.11535636
0.0,0.0001422599
0.0,3.4452252e-09
0.0,7.563441e-16
0.0,9.96095e-10
0.0,9.35812e-07
1.0,1.0
0.0,1.1848848e-18
0.0,1.6133822e-11
0.0,0.0004253992
0.0,7.4131614e-16
0.0,0.00050402223
0.0,4.2954773e-09
0.0,1.6015393e-17
0.0,3.8238795e-06
0.0,7.8244575e-08
0.0,9.51723e-10
0.0,1.6889331e-05
0.0,0.0036329355
0.0,0.2995297
0.0,1.819552e-12
0.0,6.9776414e-15
0.0,8.43105e-08
0.0,0.026136268
0.0,1.2310423e-18
0.0,0.16322602
0.0,4.3002677e-07
0.0,0.00053558894
0.0,8.357569e-05
0.0,2.717513e-16
0.0,0.0054074046
1.0,1.0
0.0,2.303328e-10
0.0,0.14912063
0.0,1.7629855e-08
0.0,2.8701305e-07
0.0,0.088159285
0.0,1.8995923e-08
0.0,0.014292081
0.0,0.00019593566
0.0,6.30255e-10
0.0,0.13250425
1.0,0.055266887
0.0,7.181325e-17
0.0,7.667984e-06
0.0,1.01205136e-13
0.0,0.30936828
0.0,0.19535266
0.0,0.0019522392
0.0,0.03993743
0.0,0.0053211637
0.0,1.7949553e-06
0.0,0.14860345
0.0,0.033120994
0.0,2.4230815e-15
0.0,0.22542626
1.0,1.0
0.0,0.21211359
0.0,4.865844e-05
0.0,0.02076283
0.0,1.2303255e-12
0.0,0.016442314
0.0,7.311972e-05
0.0,0.014117183
0.0,0.00023007416
1.0,1.0
0.0,0.094945766
0.0,1.468619e-16
0.0,1.224871e-14
0.0,0.129676
0.0,1.3339957e-13
0.0,1.3750057e-13
0.0,2.350134e-06
0.0,0.022550825
0.0,0.0019682632
0.0,0.118634254
1.0,1.0
0.0,2.0390896e-06
0.0,5.305177e-06
0.0,1.0155285e-12
0.0,1.7074748e-05
0.0,0.27444544
0.0,3.4399128e-09
0.0,4.8232955e-06
0.0,0.03745599
0.0,0.028203782
0.0,0.06930772
0.0,2.5465966e-05
0.0,8.670507e-15
0.0,2.4318097e-19
0.0,1.1683694e-15
0.0,1.4892124e-05
0.0,2.2991406e-10
0.0,8.46671e-06
0.0,0.01823956
0.0,6.6324255e-06
0.0,1.1942916e-07
1.0,1.0
1.0,0.3260958
0.0,3.156941e-07
0.0,0.046251208
0.0,4.8366624e-16
1.0,1.0
0.0,1.7528982e-13
0.0,4.612007e-16
0.0,1.22782e-19
0.0,1.1934542e-06
0.0,0.06388352
1.0,1.0
0.0,0.034887124
0.0,0.075380325
0.0,4.5118918e-07
0.0,0.3304668
0.0,3.5623106e-07
0.0,0.00016038834
0.0,2.7788176e-16
0.0,8.1818996e-08
0.0,0.046323005
0.0,7.4860327e-07
0.0,1.4379461e-06
1.0,0.29713765
0.0,7.213395e-17
0.0,1.565527e-06
0.0,5.308419e-05
0.0,0.21686631
0.0,0.03361887
0.0,0.054717097
0.0,0.040201187
0.0,4.541072e-05
0.0,2.1114748e-12
0.0,0.0037516924
0.0,0.024245394
0.0,0.11135969
0.0,5.5603818e-05
0.0,0.021663085
0.0,6.9184415e-12
0.0,1.836643e-17
0.0,0.017722713
0.0,1.6600658e-06
0.0,0.05736541
0.0,1.2487054e-14
0.0,1.7789149e-05
0.0,2.870488e-10
0.0,0.011658062
0.0,4.8889305e-14
0.0,0.22426328
0.0,0.028314035
0.0,1.0632476e-05
0.0,1.8424379e-06
0.0,5.8104087e-07
0.0,0.01629225
0.0,8.163569e-06
0.0,3.4870245e-18
0.0,2.2387857e-14
0.0,0.005596478
0.0,0.002261928
0.0,0.02535721
0.0,0.0075021028
0.0,3.6387544e-05
0.0,0.054937143
0.0,0.01612186
1.0,1.0
0.0,0.07923273
0.0,2.2872095e-07
0.0,5.6936007e-09
0.0,0.09644298
0.0,5.453583e-06
0.0,1.3786348e-06
0.0,1.5006399e-15
0.0,0.03167914
0.0,0.0072104856
0.0,0.008902784
0.0,1.7365576e-06
0.0,3.6714289e-06
0.0,4.453629e-06
0.0,1.3371631e-15
0.0,1.3137414e-14
0.0,0.00031186297
0.0,1.2072042e-18
0.0,1.4391484e-12
0.0,2.0463658e-07
0.0,1.9475933e-13
0.0,4.3339412e-07
0.0,1.286978e-06
0.0,3.0566409e-12
1.0,1.0
0.0,2.5855164e-14
0.0,0.07544051
0.0,8.848001e-14
0.0,1.0858566e-07
0.0,0.0009232589
0.0,6.767699e-07
0.0,0.0024796156
0.0,5.1727093e-06
0.0,3.5750455e-10
0.0,7.740312e-12
1.0,1.0
0.0,1.833638e-08
0.0,7.212197e-05
0.0,1.07704e-06
0.0,6.3098025e-07
0.0,0.0068697142
0.0,6.904871e-05
0.0,1.2597152e-09
0.0,5.7454766e-08
0.0,4.664473e-07
0.0,1.7023085e-07
0.0,0.087412216
1.0,1.0
0.0,5.5953895e-15
0.0,6.865675e-08
0.0,0.01719948
0.0,0.0022596011
0.0,0.18724905
0.0,3.4644028e-08
0.0,2.5774264e-14
0.0,7.996429e-15
0.0,1.190319e-14
0.0,0.16525908
0.0,0.19019097
0.0,1.1599622e-06
0.0,0.057639133
0.0,0.15635803
0.0,1.8883229e-14
0.0,0.13107511
0.0,0.010344628
0.0,1.3924323e-09
0.0,6.384554e-12
0.0,7.1331364e-17
0.0,2.4414092e-13
0.0,0.2616691
0.0,2.7312452e-14
0.0,1.4736146e-11
0.0,4.4017165e-11
0.0,1.6202253e-05
0.0,0.27625212
1.0,1.0
0.0,0.034719553
0.0,2.7101557e-06
0.0,0.01634877
1.0,0.13649078
0.0,1.1289938e-14
0.0,0.008386369
0.0,1.3805527e-05
0.0,1.4766895e-08
0.0,6.795513e-17
1.0,0.9971231
1.0,1.0
0.0,0.08844999
0.0,0.10879136
1.0,1.0
0.0,1.5020005e-14
0.0,2.1322961e-13
0.0,2.9855892e-12
0.0,0.0029044163
0.0,0.03125191
0.0,1.4897913e-15
0.0,0.058463454
0.0,9.919344e-08
0.0,1.9512404e-10
0.0,0.07403238
0.0,2.412824e-12
1.0,1.0
0.0,9.761808e-05
0.0,6.3726097e-06
0.0,2.510522e-11
0.0,0.022965921
1.0,1.0
0.0,2.2916191e-10
0.0,0.0049913432
0.0,0.20570597
0.0,6.965957e-06
0.0,0.0055181165
0.0,0.07849976
0.0,7.760715e-07
0.0,0.0848106
0.0,0.002080552
0.0,1.270281e-07
1.0,1.0
0.0,0.12035749
1.0,0.99977225
0.0,3.4142687e-07
0.0,1.1336136e-06
0.0,0.20695965
0.0,4.8213924e-15
0.0,0.21523896
0.0,0.13946502
0.0,2.9985672e-06
0.0,8.072071e-05
1.0,0.13228345
0.0,0.00012677863
0.0,6.247334e-08
0.0,0.26794767
0.0,4.3842054e-05
1.0,0.12521063
0.0,0.010748928
0.0,0.369206
0.0,0.00012528089
0.0,5.930786e-07
0.0,7.999924e-10
0.0,0.16669232
0.0,0.0036943671
0.0,0.10104217
1.0,1.0
0.0,6.3583684e-06
0.0,4.577245e-11
0.0,0.00028458002
0.0,3.3812634e-05
0.0,0.0848067
0.0,3.637532e-08
0.0,0.08299125
0.0,0.064331874
0.0,0.014188778
0.0,8.5876675e-09
0.0,2.8816821e-08
0.0,8.66938e-08
0.0,0.030221697
0.0,2.3137434e-12
0.0,0.007363595
0.0,1.683181e-06
0.0,6.28355e-14
0.0,9.152108e-10
1.0,0.09360149
0.0,2.60491e-10
0.0,0.070233546
0.0,3.5124213e-08
0.0,8.7503615e-13
0.0,7.4378055e-05
0.0,8.452841e-15
0.0,0.050983515
0.0,0.009357283
0.0,0.15358329
0.0,7.407933e-07
0.0,1.1130849e-06
0.0,1.4292617e-06
0.0,5.3663337e-12
0.0,4.326299e-18
0.0,2.324626e-15
0.0,8.668746e-06
0.0,0.2750405
0.0,0.49901164
0.0,0.04635038
0.0,1.9340854e-07
0.0,5.150259e-06
0.0,6.709176e-07
0.0,6.6144664e-12
0.0,1.2965639e-12
0.0,0.17162767
0.0,1.21895e-05
1.0,1.0
0.0,3.238766e-10
0.0,1.2932926e-05
1.0,1.0
0.0,1.0572402e-06
0.0,7.2227937e-07
0.0,8.047702e-07
0.0,6.0532535e-08
0.0,5.2820873e-12
0.0,0.07780466
0.0,0.00027283686
0.0,0.040457014
0.0,0.041945
0.0,0.12229723
0.0,0.17145203
0.0,3.2833267e-17
0.0,1.2129205e-16
0.0,1.1598472e-06
0.0,0.014067751
0.0,0.0016800035
0.0,0.029623177
0.0,4.2028328e-14
0.0,1.5430517e-10
0.0,2.0147318e-07
0.0,0.00064243766
0.0,1.42565e-07
1.0,1.0
0.0,0.044977248
0.0,0.06149498
0.0,0.023114469
0.0,2.2835427e-14
0.0,7.682369e-13
1.0,0.9997276
0.0,1.584468e-08
0.0,0.019190548
0.0,4.64317e-06
0.0,2.0597993e-06
0.0,2.6517466e-10
0.0,1.0148584e-05
0.0,2.3542616e-06
0.0,3.872184e-05
0.0,0.10816306
0.0,6.904099e-12
1.0,0.33766714
0.0,1.2683009e-12
0.0,1.0431139e-06
0.0,0.03885126
1.0,0.9978469
0.0,0.022236383
0.0,2.08071e-05
0.0,6.534563e-05
0.0,5.6530254e-08
0.0,1.289507e-10
0.0,2.3869496e-18
0.0,3.2430676e-06
0.0,0.009308795
0.0,4.7901653e-18
0.0,0.13109584
0.0,1.2913017e-06
0.0,2.160241e-06
0.0,0.11755204
1.0,1.0
0.0,0.06646535
0.0,0.0003791178
0.0,1.1955858e-08
0.0,0.02519071
0.0,0.0061399364
0.0,0.078044906
0.0,0.19294588
0.0,2.363157e-08
0.0,5.860343e-07
0.0,0.05766395
0.0,0.112013705
0.0,0.00974529
1.0,1.0
1.0,0.13372816
0.0,4.441594e-10
0.0,0.07135351
0.0,5.905282e-10
1.0,1.0
0.0,1.0621212e-12
0.0,0.16517264
0.0,0.1875307
0.0,1.3520497e-07
0.0,2.8717464e-11
0.0,6.8485656e-07
0.0,0.022997575
1.0,0.9932783
0.0,1.3260076e-07
0.0,5.9887014e-07
0.0,2.8631827e-10
0.0,7.8606695e-07
0.0,0.2754819
0.0,2.3081733e-05
0.0,0.000104462386
0.0,1.3745833e-09
0.0,0.13669853
0.0,6.786951e-06
0.0,2.8417097e-07
0.0,5.7834196e-08
0.0,1.657721e-06
0.0,0.012875819
0.0,0.12172651
1.0,1.0
0.0,0.47583258
0.0,0.07835872
0.0,0.01634118
0.0,4.9725617e-07
0.0,0.120111875
0.0,1.1808089e-09
0.0,1.16121434e-17
0.0,0.017513257
0.0,0.027905665
0.0,6.6147416e-09
0.0,0.015343483
0.0,0.055694036
1.0,1.0
0.0,6.6910075e-11
0.0,3.89964e-18
0.0,2.3603527e-10
1.0,0.07021308
0.0,8.286788e-06
0.0,1.6967822e-09
0.0,0.0040909536
0.0,2.2645633e-17
0.0,7.472636e-11
0.0,1.3524442e-05
1.0,1.0
0.0,0.0033529766
0.0,0.3114656
0.0,1.3065319e-06
0.0,0.011900943
0.0,4.2780222e-16
0.0,3.1848598e-05
0.0,3.6511148e-15
0.0,1.8504376e-07
0.0,1.8644936e-05
0.0,2.5485755e-07
0.0,8.225682e-08
0.0,3.825554e-07
0.0,0.029825237
0.0,2.533915e-05
0.0,1.6026496e-19
0.0,3.6521052e-14
0.0,0.05188626
0.0,1.952922e-06
0.0,0.20715095
0.0,0.000784233
0.0,5.5955563e-16
0.0,0.09966111
0.0,1.4866873e-09
0.0,4.0102827e-07
0.0,3.1725726e-08
0.0,0.03538582
0.0,1.5788748e-08
0.0,1.2033112e-06
0.0,5.1606753e-15
0.0,7.0492706e-07
0.0,2.8525587e-06
0.0,8.366201e-13
0.0,0.06680039
0.0,6.1176545e-18
0.0,4.5604215e-06
0.0,5.5656707e-05
0.0,1.4955885e-10
0.0,5.3605146e-07
0.0,3.7512357e-06
0.0,0.0068990737
1.0,0.99958193
0.0,0.3461425
0.0,0.0028411925
0.0,3.9652622e-07
0.0,0.03934505
0.0,0.106440514
0.0,1.1594404e-08
1.0,0.14600724
0.0,0.028182818
0.0,0.013145917
0.0,8.391755e-13
0.0,7.1160247e-07
0.0,0.05358835
0.0,8.878222e-15
0.0,0.000197327
0.0,0.043832883
0.0,0.007534559
0.0,0.12849765
0.0,0.0041527953
0.0,1.0154598e-06
0.0,0.024480857
0.0,0.0306627
1.0,1.0
0.0,1.3394219e-19
0.0,5.704909e-19
0.0,2.5886745e-06
1.0,0.34104338
0.0,2.8367504e-16
0.0,0.012510636
0.0,0.011244653
0.0,0.0006781274
0.0,0.1791084
0.0,0.56248057
0.0,4.0058385e-06
0.0,0.06279467
0.0,0.036822602
0.0,0.00473991
0.0,0.13883117
0.0,2.7910815e-07
0.0,6.9796885e-12
0.0,9.522367e-05
0.0,2.9367164e-05
0.0,0.27471536
0.0,0.009619777
0.0,4.683396e-05
0.0,0.006586334
0.0,2.1790203e-07
0.0,0.00020289872
0.0,3.9664885e-09
0.0,0.0049168863
0.0,0.06252595
0.0,0.07016564
0.0,4.282997e-14
0.0,0.00038195445
0.0,1.3143214e-13
0.0,1.7407277e-06
0.0,3.906717e-12
0.0,1.22176245e-11
1.0,1.0
0.0,7.784132e-05
1.0,0.025635466
0.0,0.015870536
1.0,1.0
0.0,0.0506855
0.0,7.0814036e-07
1.0,1.0
0.0,0.0050672404
0.0,6.603333e-07
0.0,2.0139114e-12
0.0,0.053221136
0.0,0.00014742643
0.0,0.00030028718
0.0,5.963853e-07
0.0,3.4623522e-13
0.0,2.94e-06
1.0,1.0
0.0,0.12364003
0.0,1.7069241e-06
0.0,8.357548e-12
1.0,0.087217554
0.0,0.011733578
0.0,4.7988196e-09
0.0,0.00608692
0.0,1.0160849e-11
1.0,0.17002973
0.0,4.2498662e-08
0.0,3.4034115e-13
0.0,0.00011863663
0.0,5.785273e-08
0.0,6.5118474e-15
0.0,2.9627548e-13
0.0,0.044089045
0.0,1.1404336e-11
0.0,1.7736765e-16
1.0,1.0
0.0,0.058416937
0.0,0.18318214
0.0,0.012860628
0.0,0.044295833
0.0,1.4469478e-17
0.0,0.01889851
0.0,8.4281886e-08
0.0,0.20770961
0.0,4.775124e-10
0.0,1.3589929e-06
0.0,0.0052208183
0.0,2.6816625e-07
0.0,1.6512474e-09
1.0,1.0
0.0,1.7585004e-05
0.0,0.14039837
0.0,0.01845752
1.0,1.0
0.0,1.366538e-05
0.0,3.2234006e-08
0.0,0.0051399437
0.0,0.06802841
0.0,4.3057403e-16
0.0,0.10115675
0.0,0.09629903
0.0,0.035628207
0.0,0.0059449538
0.0,0.072254024
0.0,1.2555835e-06
0.0,1.8467742e-06
0.0,0.034052998
0.0,5.177906e-07
0.0,0.026592748
0.0,5.36109e-18
0.0,3.223769e-05
0.0,9.2189936e-11
1.0,0.9917059
1.0,1.0
0.0,0.2115138
0.0,1.6841544e-14
0.0,2.3173905e-13
0.0,8.7543216e-16
0.0,3.2900443e-06
0.0,1.2351618e-06
0.0,0.011027149
0.0,9.280345e-13
0.0,2.2713016e-10
0.0,4.2624277e-14
0.0,0.18597746
0.0,6.243285e-08
0.0,1.7570665e-09
0.0,7.342611e-15
0.0,0.0034497136
0.0,1.337334e-11
0.0,0.0628025
1.0,1.0
0.0,4.7501295e-08
0.0,0.10216284
0.0,0.0012829906
1.0,1.0
0.0,6.7111047e-13
0.0,2.4321043e-06
0.0,0.18988128
0.0,7.0099473e-12
0.0,0.0362216
1.0,0.054435484
0.0,2.8408437e-12
0.0,7.962578e-12
0.0,4.654058e-06
1.0,0.15374996
0.0,8.643935e-07
0.0,0.0011408231
0.0,0.16373456
0.0,1.3384229e-12
0.0,0.011087697
0.0,6.8297704e-05
0.0,0.27513543
0.0,4.880347e-07
0.0,0.032658946
0.0,0.162265
0.0,0.0035399157
0.0,6.45741e-08
0.0,1.260439e-12
0.0,9.92859e-10
0.0,0.0103808055
0.0,0.017415505
0.0,1.9871898e-08
0.0,0.0056491853
0.0,1.4117618e-06
0.0,1.4178872e-13
0.0,0.42510667
0.0,6.776704e-14
0.0,5.9765725e-08
0.0,6.711903e-08
0.0,3.9142107e-09
0.0,0.013675533
0.0,0.027051385
1.0,1.0
1.0,0.15714125
0.0,4.159802e-07
0.0,1.810172e-11
0.0,2.6523586e-10
0.0,0.06389153
0.0,3.129962e-09
0.0,0.2518655
1.0,1.0
0.0,0.12698583
1.0,1.0
0.0,1.8980925e-05
0.0,1.7040262e-10
0.0,0.0001891064
0.0,4.071864e-06
0.0,0.067137524
0.0,0.299739
0.0,0.00012357353
0.0,1.8785824e-05
0.0,2.1110505e-05
0.0,9.524276e-14
0.0,6.446266e-07
0.0,0.16352022
0.0,2.555833e-14
0.0,0.000322355
0.0,3.1357083e-06
0.0,1.7606709e-06
1.0,1.0
0.0,0.19197851
0.0,4.6325368e-07
0.0,0.00012769965
0.0,0.00015663487
1.0,0.15201178
0.0,0.009228883
1.0,1.0
0.0,0.051587716
0.0,1.1137224e-11
0.0,0.019997962
0.0,0.026456214
0.0,2.0525281e-19
0.0,3.067516e-16
1.0,1.0
0.0,7.06664e-11
0.0,0.0044173184
0.0,0.0003541008
0.0,0.0047771866
0.0,3.0880638e-15
0.0,3.3012478e-07
0.0,2.6711681e-05
0.0,1.1816657e-12
0.0,3.6684924e-05
0.0,0.00023262738
0.0,0.044415575
0.0,0.03943423
0.0,1.1391018e-10
0.0,0.040252335
0.0,0.37875375
0.0,0.0017453452
0.0,2.577633e-14
1.0,0.28093103
0.0,0.008010304
0.0,9.935304e-20
0.0,1.8940316e-08
0.0,2.0206954e-15
0.0,2.4982832e-05
0.0,2.2518175e-06
0.0,2.3944681e-08
0.0,0.16572122
1.0,1.0
1.0,0.011411449
0.0,1.8719315e-05
0.0,4.8221034e-05
0.0,0.010791181
0.0,0.039861362
0.0,0.2172089
0.0,0.03039556
0.0,0.28375697
0.0,4.0433e-10
1.0,0.13245216
0.0,6.6383056e-15
0.0,0.07727155
1.0,0.35394317
0.0,0.05894471
0.0,0.38236073
0.0,2.3443069e-07
0.0,4.2339937e-15
0.0,0.34775838
1.0,1.0
0.0,2.1989319e-05
0.0,0.001547318
0.0,2.3001212e-08
0.0,8.218444e-06
0.0,2.150034e-12
0.0,1.7524356e-07
0.0,1.37800555e-14
0.0,9.628275e-07
0.0,3.29068e-07
1.0,0.05253723
0.0,8.412549e-11
0.0,0.006887375
0.0,2.1623216e-16
0.0,0.0043445965
0.0,9.442022e-08
0.0,0.27866578
0.0,0.033915628
0.0,0.052401032
0.0,4.9684763e-07
0.0,6.0591694e-05
0.0,4.9509896e-07
0.0,4.76878e-07
0.0,4.892139e-14
0.0,0.04209261
0.0,0.0756009
0.0,0.016726445
0.0,4.8901834e-09
1.0,0.029201388
0.0,8.919121e-09
0.0,1.2140068e-05
0.0,0.18058932
0.0,2.6777902e-06
0.0,3.399358e-16
0.0,0.09171201
0.0,0.025404597
0.0,0.0017989514
0.0,0.039295554
0.0,8.559542e-08
0.0,0.04299307
0.0,0.00036628943
1.0,0.24733853
0.0,3.1784753e-13
0.0,2.017284e-14
0.0,0.016941432
0.0,1.12050357e-13
0.0,0.009765608
0.0,2.2508237e-12
0.0,0.010161345
0.0,2.1201053e-07
1.0,0.27582917
0.0,0.25924066
1.0,1.0
0.0,1.1573872e-13
0.0,1.4779078e-14
0.0,0.05566942
1.0,0.99970406
0.0,0.24046084
0.0,0.018486923
0.0,0.006666441
0.0,1.110966e-12
0.0,0.017208267
0.0,2.1962736e-15
0.0,0.01924779
0.0,1.90446e-05
0.0,0.045295503
0.0,2.7953106e-10
0.0,4.302588e-12
0.0,0.007896223
0.0,0.0033146585
0.0,0.04726285
0.0,0.15072243
1.0,1.0
0.0,4.370396e-06
0.0,0.020623371
0.0,0.0015159892
0.0,1.2779457e-06
0.0,0.16124
0.0,0.07617104
1.0,0.13504404
0.0,0.024009446
0.0,4.7836386e-07
0.0,0.22431228
0.0,9.934715e-07
0.0,0.007303971
0.0,2.3490957e-08
0.0,7.053428e-06
0.0,0.008178758
0.0,8.080507e-12
1.0,0.99944556
0.0,5.795003e-06
0.0,3.5014303e-12
1.0,0.0058506094
0.0,2.294503e-06
0.0,0.39054045
0.0,0.004209649
0.0,0.15051877
0.0,0.058598235
0.0,4.4637654e-06
0.0,0.07191603
0.0,0.14176328
0.0,1.4348513e-11
0.0,2.2014704e-19
0.0,5.9474883e-06
0.0,2.633965e-15
0.0,7.7286524e-05
1.0,1.0
0.0,4.4206285e-08
0.0,7.2784505e-06
0.0,0.055256013
0.0,0.00037273695
0.0,0.034647685
0.0,1.1796371e-15
0.0,9.461587e-05
0.0,0.08387619
0.0,8.476752e-06
0.0,3.9766483e-08
0.0,0.004001964
0.0,0.019673755
0.0,2.8463239e-11
0.0,2.0282345e-13
0.0,0.08104324
0.0,4.074906e-08
0.0,2.2621341e-08
1.0,1.0
0.0,1.1600721e-17
0.0,0.029967112
0.0,0.0015656323
0.0,8.547181e-07
0.0,0.0059337807
1.0,1.0
0.0,0.06476044
0.0,6.7650413e-10
0.0,1.2316709e-12
0.0,6.909665e-06
0.0,0.056661215
0.0,0.104793675
0.0,0.027232602
0.0,7.589787e-08
0.0,7.3035222e-09
0.0,1.3643596e-05
0.0,1.0929851e-12
0.0,0.054601762
0.0,0.48561093
1.0,0.9974309
0.0,1.5260885e-05
0.0,1.251095e-05
0.0,4.290451e-12
0.0,0.0012792221
0.0,4.805258e-09
0.0,0.21294689
1.0,0.9968396
0.0,1.2204505e-06
1.0,1.0
0.0,0.015790267
0.0,4.836718e-16
0.0,0.016711878
1.0,0.20407899
0.0,1.5279785e-06
0.0,1.2478578e-14
0.0,0.10742075
0.0,0.0022626943
0.0,6.2057e-05
0.0,9.229235e-11
0.0,6.443265e-06
1.0,1.0
0.0,1.9499136e-09
0.0,7.349125e-05
0.0,6.238916e-08
0.0,3.1939977e-16
1.0,1.0
0.0,2.3539384e-09
0.0,8.2075424e-10
0.0,2.0677282e-14
0.0,3.4503355e-05
0.0,0.05174727
1.0,0.9987385
0.0,0.01630783
1.0,0.24301033
0.0,0.0068556834
0.0,6.410319e-13
1.0,1.0
0.0,6.129615e-10
0.0,0.036351673
0.0,1.5438725e-05
1.0,0.1299064
0.0,0.043873116
0.0,6.646511e-09
0.0,3.2612682e-10
0.0,2.1990923e-10
0.0,0.23267001
0.0,7.556882e-08
0.0,0.035806887
0.0,5.2512096e-08
0.0,1.6025563e-10
1.0,0.5239891
1.0,0.15283854
0.0,1.6436293e-14
0.0,8.9222954e-07
0.0,0.01139429
1.0,1.0
0.0,0.040809184
0.0,1.6321536e-12
0.0,5.793251e-07
0.0,9.8661886e-08
0.0,0.030991543
0.0,6.065428e-06
0.0,0.012738301
1.0,1.0
0.0,1.44827735e-11
0.0,4.013428e-20
0.0,1.2339076e-11
0.0,1.2901717e-06
1.0,1.0
0.0,0.13766387
0.0,2.9724442e-10
0.0,0.8256108
0.0,0.00181522
0.0,1.2207981e-11
0.0,0.023794238
0.0,0.02192356
0.0,0.021006016
0.0,0.0045085726
0.0,0.0015189651
0.0,0.006433426
0.0,5.8563004e-05
0.0,1.9318162e-07
0.0,3.235718e-09
0.0,2.9017316e-05
0.0,0.0044574775
0.0,1.7885442e-06
0.0,0.090452544
1.0,1.0
0.0,1.2076239e-10
0.0,0.36326632
0.0,5.7236334e-06
0.0,0.044115882
0.0,1.3823416e-10
0.0,1.2351676e-05
0.0,0.0025756245
0.0,5.1088778e-06
0.0,1.9455531e-07
0.0,0.17036676
0.0,0.024900038
0.0,0.000115233845
0.0,0.30429757
0.0,1.6939491e-06
0.0,0.23427092
0.0,2.4873156e-10
0.0,0.0002160837
0.0,1.5877365e-18
0.0,8.243382e-08
0.0,3.7555521e-06
0.0,0.073630065
0.0,3.823225e-09
0.0,0.0034145438
0.0,6.359679e-07
1.0,0.19443719
0.0,3.007709e-06
0.0,0.010874429
0.0,0.017257763
0.0,0.1402247
0.0,8.780769e-07
0.0,3.2394885e-11
0.0,0.00016478644
0.0,4.409454e-12
0.0,1.1658301e-06
1.0,1.0
0.0,9.318348e-07
0.0,0.075145945
0.0,6.158631e-07
0.0,0.00029499506
0.0,0.12703758
0.0,0.062642425
0.0,0.02308586
0.0,6.198862e-11
0.0,1.3819202e-13
0.0,0.043620657
1.0,1.0
0.0,4.3822492e-05
0.0,0.012638215
0.0,1.890535e-07
1.0,0.9940393
0.0,0.08101239
0.0,0.011621616
0.0,0.013874357
0.0,7.284027e-14
1.0,1.0
0.0,1.3425083e-13
0.0,8.2703206e-14
0.0,4.083784e-06
0.0,2.6669207e-08
0.0,0.13027346
0.0,2.7503228e-12
0.0,1.5159323e-08
0.0,0.011989357
0.0,1.5836387e-05
0.0,0.30270088
0.0,0.011610299
0.0,2.0518251e-10
0.0,6.2073597e-14
0.0,8.168081e-13
1.0,1.0
0.0,0.023282677
0.0,0.018533902
0.0,0.0035511656
0.0,1.480249e-06
0.0,0.0904429
0.0,0.01301367
0.0,0.2661746
0.0,1.1815498e-17
0.0,0.18215728
0.0,0.011121193
0.0,2.9308517e-06
0.0,0.10834831
0.0,0.09655583
0.0,6.1224105e-06
0.0,4.4724504e-05
0.0,0.04911973
0.0,0.009285102
0.0,4.2718673e-19
0.0,7.4435996e-12
0.0,4.2697463e-09
0.0,0.0078254305
0.0,0.004701593
0.0,0.1374265
0.0,5.352888e-07
0.0,0.08654172
0.0,1.0523652e-12
0.0,1.2631632e-06
0.0,5.082266e-07
0.0,3.1548765e-14
0.0,0.008037053
0.0,1.0158791e-06
0.0,0.06955392
0.0,5.404965e-13
0.0,0.20775735
0.0,9.346292e-06
0.0,0.08157243
0.0,2.1000565e-12
0.0,0.0048681577
0.0,0.0016788522
0.0,0.009277222
0.0,0.026926361
0.0,0.05144446
0.0,0.49352518
0.0,7.4593054e-11
0.0,3.885954e-11
0.0,2.2526817e-13
0.0,1.33959875e-05
1.0,1.0
0.0,0.003515428
1.0,0.08192641
0.0,1.227888e-15
0.0,7.846279e-11
0.0,0.038003244
0.0,4.6071506e-07
0.0,7.4189384e-11
0.0,2.2141245e-07
0.0,0.16263072
0.0,6.5178557e-07
0.0,0.007555953
0.0,4.1778706e-16
0.0,1.2189386e-08
0.0,0.07084548
1.0,1.0
0.0,0.006628295
0.0,0.012929177
0.0,0.095921695
0.0,1.2528846e-11
0.0,1.4500545e-11
0.0,0.023194775
0.0,7.751995e-09
0.0,1.5607756e-07
0.0,4.4534887e-09
1.0,1.0
0.0,8.760589e-12
0.0,1.6069797e-13
0.0,5.431373e-07
0.0,4.8090456e-09
0.0,6.5452256e-20
0.0,8.171886e-06
1.0,1.0
0.0,3.3316787e-11
0.0,0.010289087
0.0,1.7684028e-05
0.0,0.10725521
0.0,3.3605534e-07
0.0,0.10263873
0.0,1.5131094e-09
0.0,9.3419224e-08
0.0,0.0881677
0.0,1.7913669e-08
1.0,0.99982566
0.0,0.002595294
1.0,1.0
0.0,3.446948e-05
0.0,0.15645975
1.0,1.0
0.0,4.0246316e-14
0.0,1.0978272e-06
0.0,0.13547304
0.0,8.613713e-05
0.0,0.0009124029
0.0,5.03953e-06
0.0,1.2389965e-08
0.0,0.03185138
0.0,0.17280762
0.0,3.4746787e-16
0.0,1.1008174e-10
0.0,2.6141615e-05
0.0,0.0001289315
0.0,3.98508e-05
0.0,0.1395267
0.0,1.8024797e-10
1.0,1.0
1.0,1.0
0.0,1.180015e-05
0.0,3.7232796e-13
0.0,1.4012054e-09
0.0,0.039660566
0.0,1.171375e-05
1.0,1.0
0.0,0.013511629
0.0,2.2064235e-06
0.0,0.04613814
0.0,5.8154847e-16
0.0,9.951369e-15
0.0,8.3658443e-07
0.0,5.592402e-15
0.0,0.008921574
0.0,0.0026755668
0.0,0.021729786
0.0,0.038067088
1.0,0.15755336
0.0,3.4635207e-17
1.0,1.0
0.0,5.3533527e-06
0.0,0.151266
0.0,0.3111516
0.0,0.0019475603
0.0,7.3437455e-05
0.0,0.011659095
0.0,0.024653766
0.0,4.979714e-09
0.0,8.214973e-08
0.0,9.623732e-12
0.0,2.9048454e-06
0.0,2.2522285e-07
0.0,0.2794161
0.0,2.2756856e-06
0.0,8.5917265e-13
0.0,1.3189433e-06
0.0,0.10101872
0.0,3.3821936e-16
0.0,1.2258778e-11
0.0,0.38314998
0.0,4.404018e-15
0.0,6.1393035e-07
0.0,0.007488257
0.0,2.3437853e-05
0.0,6.5701333e-06
0.0,0.005601099
0.0,4.4936683e-06
0.0,6.5970306e-11
0.0,2.1406803e-15
0.0,0.06296862
0.0,6.1593696e-06
0.0,2.389088e-13
0.0,3.9350125e-05
0.0,0.080184
0.0,0.086771764
1.0,1.0
1.0,1.0
0.0,4.1747092e-11
0.0,1.1738417e-16
0.0,9.490621e-06
0.0,0.00034762087
0.0,4.818634e-05
1.0,0.07730961
0.0,8.0898855e-07
0.0,1.9497714e-17
1.0,0.044749606
0.0,0.20446253
0.0,0.1268682
0.0,0.0775959
0.0,2.8960229e-05
0.0,7.6471304e-05
0.0,1.15814545e-11
0.0,0.02508547
0.0,0.002846542
0.0,0.032409675
0.0,0.003940238
0.0,1.058372e-06
1.0,1.0
0.0,0.057563923
0.0,1.0595933e-05
0.0,6.8480954e-09
0.0,7.913329e-14
0.0,0.08863643
0.0,1.2693592e-06
0.0,6.950104e-06
0.0,2.2348243e-06
0.0,3.5754462e-11
0.0,4.8489e-05
0.0,0.12778822
0.0,2.0513997e-20
0.0,0.025847415
0.0,0.018505553
0.0,0.0026748506
0.0,0.20867185
0.0,1.35004e-12
0.0,3.747259e-10
0.0,0.042585604
0.0,0.07248435
0.0,4.4761673e-16
0.0,3.8572566e-08
0.0,8.175184e-06
0.0,4.258622e-08
0.0,0.06688415
0.0,0.00070609315
0.0,0.003151804
1.0,0.37450993
0.0,0.14332578
0.0,0.013433624
0.0,0.06502617
0.0,2.0240607e-06
0.0,8.139299e-08
0.0,5.1585857e-06
0.0,0.004492155
0.0,0.039197497
0.0,0.044685323
0.0,2.7540981e-08
1.0,1.0
0.0,0.01946946
0.0,0.002562068
1.0,1.0
0.0,4.0633804e-08
0.0,0.036090218
0.0,2.8701718e-13
0.0,1.3454773e-08
0.0,9.993802e-07
0.0,0.017905265
0.0,1.6269876e-19
1.0,1.0
0.0,6.196451e-11
0.0,0.04859358
0.0,4.9118485e-14
0.0,0.047657695
0.0,0.20043795
0.0,0.13448
0.0,0.00011309681
0.0,3.6741516e-09
0.0,0.017716961
0.0,0.01211256
0.0,3.5435845e-11
0.0,4.60552e-08
0.0,0.17540224
0.0,6.928702e-12
0.0,0.025655543
0.0,0.06237425
0.0,0.052490108
0.0,0.035932757
0.0,8.685702e-15
0.0,4.4231673e-08
0.0,3.4998375e-14
0.0,0.0022499855
0.0,1.6852913e-15
0.0,0.054543026
0.0,0.018895632
0.0,1.3288225e-10
0.0,0.0441137
0.0,0.016403984
0.0,2.0563155e-06
0.0,0.036828894
0.0,4.2446713e-10
0.0,2.7533804e-14
0.0,2.0747176e-07
0.0,8.425397e-06
0.0,1.1239845e-05
0.0,0.0059647686
0.0,0.07768959
0.0,8.1163887e-19
0.0,4.4073772e-12
0.0,0.026535558
0.0,3.0197462e-08
0.0,3.0979295e-06
0.0,0.051517833
0.0,1.5876294e-05
0.0,6.6324096e-14
0.0,0.0067273797
0.0,5.550067e-11
1.0,1.0
0.0,9.304627e-13
0.0,5.6144387e-08
0.0,1.4530684e-06
0.0,1.8548227e-13
0.0,5.49265e-07
0.0,0.0016892026
0.0,0.008614698
0.0,1.6712073e-06
0.0,0.018804058
0.0,3.036071e-13
0.0,1.6983448e-14
0.0,0.033673804
0.0,0.013462408
0.0,6.0976896e-17
1.0,1.0
0.0,1.3597047e-07
0.0,1.160659e-09
0.0,1.6485376e-16
0.0,0.0065368935
0.0,5.001934e-12
0.0,8.9380875e-14
1.0,1.0
0.0,1.1682629e-14
0.0,6.266996e-10
0.0,0.038500544
0.0,2.4274782e-10
0.0,8.2395376e-15
0.0,1.8405427e-13
0.0,0.034553297
0.0,0.017854491
0.0,1.08794004e-14
0.0,1.5132625e-09
0.0,6.368332e-11
0.0,0.0884707
0.0,0.015830817
0.0,4.8804673e-06
0.0,0.027562272
0.0,1.4830624e-06
0.0,0.00021813576
0.0,5.627645e-16
0.0,0.012486504
0.0,0.15483296
0.0,1.7943063e-07
0.0,1.1949479e-07
0.0,1.740623e-07
0.0,6.8464674e-15
0.0,3.553741e-05
0.0,0.000119583296
0.0,2.3456655e-12
0.0,5.4853754e-06
0.0,0.08927279
0.0,0.2283001
0.0,1.8176154e-07
0.0,6.012236e-11
0.0,0.14301269
0.0,3.22569e-11
0.0,1.0535998e-10
1.0,0.42089576
0.0,3.1594442e-07
0.0,4.0986788e-07
1.0,0.35400924
0.0,1.4581341e-06
0.0,5.9050195e-15
0.0,0.024696251
0.0,2.2414881e-06
0.0,2.7346823e-12
0.0,0.0020790356
0.0,0.0037667893
0.0,0.02569766
0.0,6.952203e-07
0.0,4.5867615e-05
0.0,3.7318362e-19
0.0,1.4307808e-07
0.0,4.621264e-11
1.0,1.0
0.0,5.218676e-06
0.0,1.12649104e-07
0.0,1.6598234e-06
0.0,1.385965e-08
0.0,0.014609251
0.0,6.6156946e-07
0.0,6.4006686e-06
1.0,1.0
0.0,4.9998785e-06
0.0,3.0655734e-05
0.0,3.0610256e-06
0.0,0.028540105
0.0,0.009878946
0.0,5.9952163e-06
0.0,0.0036211938
0.0,0.00021004485
0.0,0.06558628
0.0,0.08539586
0.0,2.3629575e-06
0.0,5.1955183e-05
0.0,6.371681e-07
0.0,0.08540526
0.0,8.488215e-06
0.0,4.403208e-06
1.0,1.0
0.0,0.3897897
0.0,6.4151505e-13
0.0,1.3714524e-11
0.0,0.02027341
0.0,2.253423e-07
0.0,0.14467928
0.0,0.059155785
0.0,7.4372325e-14
0.0,0.08694154
0.0,0.29741046
0.0,8.630509e-08
0.0,0.005308245
0.0,0.01644917
0.0,3.9372976e-06
0.0,0.0056133857
1.0,1.0
1.0,1.0
0.0,0.00012151628
0.0,1.4539597e-07
0.0,1.6236643e-19
0.0,6.026366e-08
0.0,0.30414468
0.0,7.5948394e-16
0.0,6.9802877e-06
0.0,8.684376e-15
0.0,0.011500977
0.0,1.9203029e-07
0.0,1.5193781e-05
0.0,2.642515e-06
0.0,0.004734991
0.0,1.8332715e-15
0.0,6.8948185e-07
0.0,0.3479487
0.0,0.029923018
0.0,6.192082e-18
1.0,0.042214092
0.0,0.17937161
0.0,0.053130828
0.0,0.019293375
0.0,0.13160299
0.0,7.64333e-13
0.0,0.19023669
0.0,0.1485391
1.0,1.0
0.0,6.64449e-05
0.0,0.001776648
0.0,2.0009865e-10
1.0,0.2103029
0.0,5.892879e-11
0.0,0.013555891
0.0,1.8037166e-07
0.0,0.0058023687
0.0,3.796037e-07
0.0,0.017980862
0.0,1.0735172e-07
0.0,2.8242875e-06
0.0,1.440606e-07
0.0,0.08973211
0.0,0.0015176698
0.0,2.1403272e-13
0.0,0.27439424
0.0,1.1343393e-06
1.0,0.25159612
0.0,0.13838334
0.0,3.0067348e-08
1.0,0.24386038
0.0,0.078394294
0.0,4.1068943e-10
0.0,9.739418e-07
0.0,1.8292147e-09
0.0,5.6712287e-07
0.0,8.303261e-14
0.0,0.27926537
0.0,0.0057959696
0.0,0.2452092
0.0,5.3262578e-05
0.0,3.473119e-07
0.0,0.00975167
0.0,1.19852e-11
0.0,0.0699827
0.0,0.010809897
0.0,0.00035553248
0.0,2.8844204e-06
0.0,0.008629192
0.0,9.418753e-07
0.0,0.022780918
0.0,5.2949756e-05
0.0,4.823203e-05
0.0,2.554558e-20
0.0,0.00020591194
0.0,3.5747773e-05
0.0,0.055171605
0.0,7.145791e-09
0.0,0.011036324
1.0,0.2931498
0.0,3.2599291e-15
0.0,3.8804155e-05
0.0,3.720249e-09
0.0,0.16473009
0.0,0.0037807727
1.0,1.0
0.0,0.04034914
0.0,0.0091026
0.0,0.00032875375
1.0,1.0
0.0,0.036910348
0.0,0.15193345
0.0,1.26991315e-08
1.0,1.0
0.0,1.0908506e-06
0.0,0.0023759392
0.0,2.831744e-13
0.0,0.03925727
0.0,0.033649165
0.0,2.834974e-10
0.0,0.040536735
0.0,0.14412752
0.0,3.4668992e-09
0.0,0.02172869
0.0,1.1238143e-17
1.0,1.0
0.0,5.821729e-07
0.0,2.6034727e-19
0.0,0.04085077
0.0,0.017465465
0.0,8.180436e-12
0.0,0.2442834
0.0,5.1016427e-06
0.0,4.367152e-08
0.0,3.0494099e-15
0.0,2.2892686e-10
0.0,1.9243614e-06
0.0,0.01682519
0.0,0.18651526
0.0,2.0914134e-05
0.0,0.0020758896
0.0,0.0019146047
0.0,0.13433975
0.0,0.15400806
0.0,0.001202488
0.0,4.72037e-07
0.0,1.3873795e-07
0.0,0.014778378
0.0,1.9660142e-12
0.0,7.938671e-17
0.0,0.14143863
0.0,5.258835e-06
0.0,1.7054614e-16
0.0,0.04886722
0.0,0.005098446
0.0,0.24876186
0.0,3.8364087e-06
0.0,1.2401983e-07
0.0,0.02233318
0.0,2.933158e-12
0.0,1.0158698e-11
0.0,4.2804676e-10
0.0,0.034975246
0.0,4.2718742e-08
0.0,3.5403327e-12
0.0,5.456341e-13
0.0,0.00025176868
0.0,4.4945596e-06
0.0,0.08008709
0.0,1.1702553e-09
0.0,8.3277234e-07
0.0,0.039059363
0.0,0.252474
0.0,0.046326205
0.0,0.09629419
0.0,0.1414303
0.0,0.017710848
0.0,3.5506804e-07
0.0,7.1156644e-16
0.0,2.2519049e-09
0.0,9.252375e-11
0.0,8.560393e-06
0.0,0.08927087
0.0,1.620531e-15
0.0,1.0846685e-07
0.0,1.7095009e-07
0.0,0.00018185728
0.0,0.9999487
0.0,7.1208756e-17
1.0,0.3543158
0.0,0.014317656
0.0,0.25773615
0.0,1.313507e-07
0.0,4.0608223e-09
1.0,0.18044071
0.0,9.209549e-07
0.0,0.012182426
0.0,1.5313587e-11
0.0,0.056719445
0.0,6.852207e-13
0.0,1.2724828e-13
0.0,5.63443e-06
0.0,0.06863905
0.0,0.021454295
0.0,8.249395e-11
0.0,0.034313004
0.0,3.0505118e-10
0.0,1.5580869e-15
0.0,1.1740317e-12
0.0,2.9017565e-07
0.0,1.5503059e-10
0.0,0.020209912
0.0,0.0025676552
0.0,4.874592e-06
0.0,0.3573637
0.0,0.27982748
0.0,2.808765e-12
0.0,0.10757221
0.0,8.514097e-08
0.0,1.4275321e-19
0.0,0.0024096281
1.0,1.0
0.0,3.5609806e-09
0.0,8.246488e-06
0.0,0.00826115
0.0,8.3511315e-10
0.0,3.5960234e-12
0.0,2.2592987e-05
0.0,2.0338874e-16
1.0,1.0
0.0,0.0678693
0.0,0.0072161024
0.0,0.026623296
0.0,0.10835041
0.0,3.35753e-09
0.0,0.0069896956
0.0,1.8794848e-09
0.0,0.23611796
0.0,4.1913285e-11
0.0,1.142041e-10
0.0,1.26426785e-05
0.0,7.507035e-11
1.0,1.0
0.0,0.23155701
0.0,0.32156593
0.0,1.6714988e-16
0.0,0.43094984
0.0,0.03294339
0.0,1.06925906e-10
0.0,9.112576e-08
0.0,0.07277152
0.0,1.2413983e-06
0.0,1.9513911e-05
0.0,2.7336998e-06
0.0,0.0371928
0.0,3.253433e-05
0.0,1.5048301e-11
1.0,1.0
0.0,0.008786653
0.0,0.07470313
0.0,1.7125151e-06
0.0,0.26911905
0.0,2.8832687e-07
0.0,0.013907339
0.0,1.0644931e-17
0.0,0.3652697
0.0,6.44765e-08
0.0,8.576568e-07
0.0,0.004798627
0.0,0.045897096
0.0,5.0504005e-17
0.0,4.535243e-05
0.0,4.5286417e-14
1.0,1.0
0.0,8.040454e-06
0.0,1.5590228e-08
0.0,1.0827061e-08
0.0,0.009680405
0.0,5.1315296e-06
0.0,3.2481905e-06
0.0,4.415387e-08
0.0,7.475159e-15
0.0,1.3320675e-14
0.0,9.479806e-17
0.0,1.1267908e-14
0.0,0.10284902
0.0,6.818782e-16
0.0,0.23577565
0.0,0.0010134093
0.0,2.6047894e-05
0.0,0.027795933
0.0,0.11053866
0.0,1.4122197e-06
0.0,8.017308e-06
1.0,1.0
0.0,0.3541451
0.0,1.3473735e-14
0.0,3.6675347e-20
0.0,0.14864081
0.0,0.07299719
0.0,1.481647e-11
0.0,0.014613061
0.0,3.856498e-09
0.0,1.2247903e-05
0.0,6.311625e-09
0.0,2.4311955e-06
0.0,7.461449e-16
0.0,4.4117102e-11
0.0,0.016412403
0.0,0.00011552862
0.0,0.29849124
0.0,0.012990624
0.0,9.198279e-07
0.0,0.16726899
0.0,0.055166584
0.0,1.1848558e-06
1.0,1.0
0.0,5.312572e-08
0.0,4.5681693e-13
0.0,0.11328064
0.0,2.7118627e-09
0.0,8.295811e-07
0.0,3.570539e-06
0.0,2.6159573e-11
0.0,6.681541e-07
0.0,1.9189396e-05
0.0,0.007977256
0.0,0.13325936
0.0,3.7459848e-11
0.0,0.23116872
0.0,4.879303e-13
0.0,0.0848885
0.0,0.39994952
0.0,4.0934538e-06
0.0,0.07689052
0.0,0.00044271818
0.0,1.1892837e-15
0.0,0.3170021
0.0,1.7843685e-09
0.0,5.081505e-07
0.0,0.043591227
0.0,0.124138035
0.0,0.003991249
0.0,0.009794839
0.0,0.030129364
0.0,0.05484195
0.0,4.592469e-07
0.0,7.664462e-11
0.0,3.166099e-08
0.0,2.2344047e-10
0.0,7.386819e-07
0.0,6.5759767e-15
0.0,0.019737639
0.0,0.17919312
0.0,2.855644e-07
0.0,0.17920205
0.0,8.205205e-11
0.0,0.0010439544
0.0,1.649422e-19
0.0,5.9448025e-13
0.0,0.18113205
0.0,2.4671509e-17
0.0,0.001847493
0.0,1.0661589e-18
0.0,3.1376022e-12
0.0,9.5329057e-07
0.0,4.977309e-06
0.0,0.045500144
0.0,0.01542629
0.0,4.6380177e-10
0.0,8.4088776e-07
0.0,3.5831354e-07
0.0,1.6687008e-18
1.0,1.0
0.0,1.01629436e-14
1.0,0.66362804
0.0,2.0876867e-05
0.0,0.014979338
0.0,3.2594918e-16
0.0,0.013540685
0.0,2.1435474e-16
0.0,9.00442e-15
0.0,1.7676355e-19
0.0,0.039538972
0.0,2.8420938e-10
0.0,2.4490438e-07
0.0,6.335559e-05
0.0,0.09159819
1.0,0.07818066
0.0,1.806246e-16
0.0,0.028794475
0.0,2.7967533e-06
0.0,1.6892009e-12
0.0,0.064847395
0.0,1.9373215e-06
0.0,4.123185e-15
0.0,1.3616774e-12
0.0,0.054670982
0.0,0.2704314
0.0,1.4156312e-16
1.0,1.0
0.0,0.0682519
0.0,7.0245966e-05
0.0,1.2408284e-09
0.0,3.9917628e-05
0.0,1.2553298e-14
1.0,0.081291676
0.0,5.3448284e-06
0.0,0.32850865
0.0,5.382685e-07
0.0,9.660643e-12
1.0,1.0
0.0,0.042849723
0.0,1.1374178e-07
0.0,0.17627186
0.0,0.18940215
0.0,3.0300278e-08
0.0,1.3340746e-13
0.0,0.33292848
0.0,5.095122e-07
0.0,1.9948692e-07
0.0,0.023558475
0.0,5.236454e-06
0.0,2.9354478e-06
0.0,0.009407617
0.0,0.0014507191
0.0,0.17064841
0.0,0.15081978
0.0,1.5680958e-14
0.0,5.047009e-06
0.0,4.4096137e-08
0.0,0.03772648
1.0,0.17702928
0.0,1.6366154e-15
0.0,0.010122768
0.0,0.020168636
0.0,0.006126784
0.0,5.878064e-07
0.0,0.016944371
1.0,1.0
0.0,8.663431e-06
0.0,8.3510905e-09
0.0,7.222188e-06
0.0,2.1715121e-10
0.0,2.0888888e-06
1.0,0.25197828
1.0,1.0
1.0,0.04344323
0.0,0.0014490354
0.0,0.045361772
0.0,0.012177882
0.0,1.037509e-05
0.0,1.9120316e-06
0.0,0.013940141
0.0,0.015802935
0.0,2.23882e-05
0.0,5.8331194e-11
0.0,4.3494448e-13
0.0,2.5717084e-08
0.0,0.04353349
0.0,0.018133095
0.0,0.02575105
0.0,0.018528031
0.0,7.933943e-07
0.0,0.004307417
0.0,0.09971616
0.0,2.931865e-07
0.0,2.7879364e-06
0.0,0.07886471
0.0,0.013733405
0.0,0.04034026
0.0,3.003753e-12
0.0,9.0453174e-12
0.0,0.023793273
0.0,0.026973076
0.0,0.004197713
0.0,1.3595734e-05
0.0,0.040882118
0.0,2.019497e-11
0.0,6.196717e-16
0.0,0.00023200054
0.0,1.3939029e-15
0.0,0.006643996
0.0,0.042377397
0.0,9.704293e-06
0.0,0.0030041228
0.0,0.10159201
0.0,2.2628568e-10
0.0,9.071278e-10
0.0,0.024737125
0.0,1.5403166e-15
0.0,0.2911454
0.0,1.03249114e-16
1.0,0.9995634
0.0,7.3143225e-10
0.0,0.11464348
0.0,0.0025161814
0.0,0.0834336
0.0,1.0829622e-08
0.0,0.21392733
0.0,5.780408e-06
0.0,1.313257e-08
1.0,1.0
0.0,0.0848104
0.0,3.477782e-16
0.0,4.403837e-05
0.0,2.2965008e-07
0.0,2.7886051e-11
0.0,0.010239651
0.0,0.0049030436
0.0,0.009304311
0.0,0.014599156
0.0,0.027075432
1.0,0.26933378
0.0,0.02081566
0.0,4.7823083e-09
0.0,4.0058617e-06
0.0,6.1913136e-10
0.0,3.801249e-17
0.0,2.841785e-05
0.0,0.002926411
0.0,0.028678956
0.0,0.21346971
0.0,1.2694188e-07
0.0,5.4348417e-05
0.0,0.11863325
0.0,0.015506226
0.0,2.5969683e-07
0.0,0.15220061
0.0,1.7216222e-13
0.0,0.43912745
0.0,1.1328394e-11
0.0,2.4722665e-06
0.0,3.6923426e-11
0.0,0.010778701
0.0,0.002099121
0.0,0.050690074
0.0,0.03128493
0.0,0.034430966
0.0,0.05914329
0.0,1.9287141e-07
0.0,5.0950246e-07
0.0,0.17924473
0.0,3.4962926e-05
0.0,0.015689451
0.0,0.0002919913
0.0,0.279162
0.0,5.9154318e-06
0.0,0.21286032
0.0,0.43597546
0.0,2.9838902e-06
0.0,0.040509775
0.0,4.79205e-10
0.0,1.8133748e-12
0.0,3.961674e-06
0.0,0.0150523465
0.0,1.01247456e-16
0.0,0.03127357
1.0,1.0
1.0,1.0
0.0,1.1371586e-07
0.0,2.883185e-10
0.0,1.0490241e-20
0.0,0.036103886
0.0,2.0106841e-05
0.0,1.2297751e-06
0.0,5.3331394e-20
0.0,3.0238466e-06
0.0,1.682345e-09
0.0,8.52636e-05
0.0,0.2809834
0.0,0.08215425
0.0,0.097181305
0.0,9.232521e-08
1.0,1.0
0.0,2.1422461e-10
1.0,1.0
0.0,2.096113e-13
0.0,2.1426052e-14
0.0,0.06738181
0.0,4.3404902e-14
0.0,0.0028505162
1.0,1.0
0.0,1.6486113e-11
0.0,1.1354974e-16
0.0,0.00075207977
0.0,1.1358519e-10
0.0,0.0016509981
1.0,1.0
0.0,0.251097
0.0,0.8024049
0.0,0.019369606
0.0,1.7141737e-06
1.0,1.0
0.0,2.0122434e-05
0.0,0.00031687823
0.0,1.833507e-07
0.0,0.00012205522
0.0,0.10764319
0.0,0.015832694
0.0,3.7801738e-06
0.0,1.39891545e-11
0.0,0.13872284
0.0,4.3916883e-14
0.0,2.8403595e-06
0.0,0.013198285
0.0,0.13496432
0.0,3.747671e-06
0.0,0.07456936
0.0,8.308748e-06
0.0,0.02828814
1.0,1.0
0.0,6.900396e-16
0.0,2.3123774e-11
0.0,1.2639731e-07
0.0,7.9628615e-09
0.0,0.09652799
0.0,2.1671194e-05
1.0,1.0
0.0,0.00014346957
0.0,2.982452e-09
1.0,0.9999998
0.0,0.1738337
0.0,6.3739844e-07
0.0,7.143203e-08
1.0,0.9998164
0.0,4.3842097e-06
1.0,0.9998492
0.0,0.05447477
0.0,7.133774e-14
0.0,0.049981643
0.0,1.574341e-06
0.0,0.008398092
0.0,0.047558423
1.0,1.0
0.0,3.6457466e-13
0.0,0.002709448
0.0,1.465199e-14
0.0,3.8542902e-07
0.0,0.2208467
0.0,1.6139479e-08
0.0,6.4686515e-07
0.0,3.0325215e-11
0.0,1.4533467e-11
0.0,3.021529e-10
0.0,2.0267408e-14
0.0,0.06550817
0.0,0.0011118609
0.0,8.2374526e-13
0.0,0.06031677
0.0,3.942413e-20
1.0,0.06683799
0.0,0.00030479772
0.0,2.5604516e-08
0.0,0.25297377
0.0,1.3322185e-06
0.0,7.5660436e-11
1.0,1.0
0.0,5.9697007e-09
0.0,2.2553392e-09
1.0,1.0
0.0,0.039535865
0.0,0.030534117
0.0,0.02985319
1.0,0.9999993
0.0,0.148084
0.0,2.1423095e-05
0.0,8.824315e-05
0.0,2.2894967e-13
1.0,1.0
0.0,6.155747e-06
0.0,0.00016958672
0.0,0.2458537
0.0,6.041333e-07
0.0,0.082416385
0.0,2.8984973e-06
0.0,9.84501e-11
0.0,0.003850309
0.0,2.535915e-07
0.0,0.013978333
0.0,2.0650983e-11
0.0,0.000105767234
0.0,8.779113e-21
1.0,1.0
0.0,0.044559203
0.0,1.4483692e-10
0.0,6.098147e-19
0.0,2.3620236e-10
0.0,3.183324e-06
1.0,1.0
0.0,0.089719184
0.0,1.0474081e-06
0.0,7.976382e-07
0.0,9.341508e-09
0.0,8.920263e-08
0.0,0.1307188
0.0,0.10795063
0.0,0.00021835214
0.0,6.930252e-07
1.0,0.022260638
1.0,0.24169174
0.0,9.700195e-08
0.0,0.0010149329
0.0,1.9709712e-05
0.0,0.19581492
0.0,0.03549419
0.0,0.17764561
0.0,1.2895781e-05
0.0,7.25925e-08
0.0,1.6465009e-17
0.0,0.24519362
0.0,0.117674746
0.0,0.043862633
0.0,2.998245e-05
0.0,0.13492303
0.0,0.07890743
0.0,0.11261816
0.0,0.020650657
0.0,7.979541e-16
0.0,3.2408454e-05
0.0,0.022058152
1.0,1.0
0.0,0.0023548303
0.0,0.20768256
0.0,0.00011492386
0.0,8.901362e-09
0.0,0.061153144
0.0,2.395338e-14
0.0,0.006968791
0.0,1.3046912e-11
0.0,0.07888186
0.0,5.217795e-07
0.0,0.18901244
0.0,1.5071598e-06
0.0,9.9495665e-08
0.0,5.3088485e-14
0.0,1.4621959e-16
0.0,0.01248507
0.0,0.029482571
0.0,0.01608314
0.0,5.4362263e-14
0.0,0.11347945
0.0,1.0285048e-05
0.0,0.12561274
0.0,1.696973e-09
0.0,1.2639814e-06
0.0,2.944883e-06
0.0,0.061327983
0.0,0.011541016
1.0,0.1811735
0.0,2.9705551e-15
0.0,0.00781854
0.0,1.2524786e-05
0.0,4.078872e-08
0.0,5.470182e-12
0.0,9.692796e-06
0.0,0.0024172536
0.0,0.012409488
0.0,4.5408718e-14
0.0,2.8338422e-07
0.0,1.1025096e-12
0.0,1.6492118e-12
0.0,3.2412124e-06
0.0,0.118615665
0.0,2.6948525e-13
0.0,0.48338798
0.0,0.011321002
0.0,0.01565319
0.0,4.1140005e-08
0.0,0.0024364125
0.0,6.2124854e-11
0.0,9.9556355e-06
0.0,0.0054731634
0.0,0.16429102
0.0,5.928755e-10
0.0,0.037928347
1.0,1.0
0.0,4.3587665e-06
0.0,3.6574116e-07
0.0,7.344344e-08
0.0,6.848042e-20
0.0,0.009353637
0.0,5.5662383e-07
0.0,0.26473394
0.0,9.207057e-08
1.0,1.0
0.0,5.566636e-07
0.0,3.6995465e-07
0.0,9.285023e-08
0.0,2.4813101e-08
0.0,0.012499629
0.0,1.2006653e-07
0.0,0.19646311
1.0,1.0
0.0,2.2398065e-06
0.0,1.6248782e-06
1.0,1.0
0.0,0.022226468
0.0,4.07343e-06
0.0,0.013627705
1.0,1.0
0.0,0.050307788
0.0,4.167184e-07
0.0,0.01679918
0.0,0.30355695
1.0,1.0
0.0,0.24585997
0.0,0.0033142644
0.0,0.084237896
1.0,1.0
0.0,0.21330118
0.0,0.012447055
0.0,4.2572883e-09
0.0,1.9313e-06
0.0,8.473116e-05
0.0,6.7836118e-06
0.0,0.055423643
0.0,0.00014044881
0.0,0.23748197
0.0,3.252087e-11
0.0,5.660529e-10
1.0,0.07156661
0.0,0.040252145
0.0,3.339081e-16
0.0,1.7201264e-06
0.0,0.0033793733
0.0,0.053095736
0.0,0.029723
0.0,3.3454447e-15
0.0,5.910906e-13
1.0,1.0
1.0,0.35775766
0.0,4.1897053e-07
0.0,1.8714202e-11
1.0,1.0
0.0,0.012045422
0.0,2.0575797e-16
0.0,3.4752532e-07
0.0,5.2979426e-06
0.0,3.384979e-10
1.0,1.0
0.0,2.6591293e-08
0.0,3.348013e-10
0.0,1.0743912e-06
0.0,0.06368755
0.0,4.6259145e-05
0.0,2.24418e-11
0.0,0.01356902
0.0,3.126861e-05
0.0,0.36698475
0.0,0.020766323
0.0,6.4099604e-15
0.0,3.4050696e-05
0.0,0.021531435
0.0,8.70098e-10
1.0,1.0
0.0,4.794186e-11
0.0,0.08977541
0.0,2.3321176e-05
1.0,1.0
0.0,0.050218217
0.0,0.23521867
0.0,2.8339955e-06
0.0,2.2624724e-06
0.0,0.020012753
1.0,0.07838885
0.0,0.004963943
0.0,6.1003857e-07
0.0,7.949138e-06
0.0,0.34005624
0.0,1.230152e-16
0.0,0.03728955
0.0,0.00019909882
1.0,1.0
0.0,1.947624e-16
1.0,1.0
0.0,0.03196184
0.0,8.739517e-10
0.0,0.22830492
0.0,0.0061749383
0.0,3.3523827e-06
0.0,1.26831355e-05
0.0,0.024978805
0.0,1.8287754e-05
1.0,1.0
0.0,0.038932048
0.0,0.05223179
0.0,6.3767033e-19
0.0,0.014085383
0.0,0.005655911
0.0,3.9523076e-08
0.0,0.035140514
0.0,5.882449e-07
0.0,4.1467085e-13
0.0,0.008565963
0.0,4.4192846e-05
0.0,0.016424125
0.0,7.947409e-14
0.0,0.00038831995
0.0,0.018077856
0.0,1.8838793e-11
0.0,1.1744632e-10
0.0,0.023804829
0.0,0.16231406
0.0,9.379039e-08
0.0,3.5344278e-13
0.0,4.1113307e-10
0.0,0.30319995
0.0,1.2639665e-05
0.0,1.3864767e-05
0.0,0.053877424
1.0,1.0
0.0,0.035494067
0.0,1.3665085e-13
0.0,0.008072702
0.0,1.9988046e-10
0.0,4.754329e-05
0.0,6.675543e-08
0.0,0.00033977453
0.0,9.788643e-12
0.0,4.1993127e-16
0.0,0.005170938
0.0,6.883103e-11
0.0,1.9369925e-06
0.0,0.011457016
0.0,4.5643275e-10
0.0,0.0028036821
0.0,0.049954988
0.0,0.16120659
0.0,5.051615e-10
0.0,0.014809787
0.0,0.04434628
0.0,1.5019513e-06
0.0,4.049255e-15
0.0,0.013039494
0.0,0.15065321
0.0,3.842233e-08
0.0,5.670208e-15
0.0,0.024501009
0.0,0.05063116
0.0,9.836557e-16
0.0,1.5246363e-07
0.0,2.9725375e-06
0.0,9.1324544e-14
0.0,2.46314e-09
0.0,2.9148275e-08
1.0,0.17582606
0.0,0.030708367
0.0,1.353701e-13
0.0,4.8321624e-05
0.0,6.9977153e-07
0.0,0.099772215
0.0,0.0001519933
0.0,0.03299576
0.0,0.036717486
0.0,7.951306e-06
0.0,0.13128312
0.0,3.964658e-20
0.0,1.4532127e-09
0.0,2.2595374e-09
0.0,2.0301512e-16
0.0,2.5311283e-06
0.0,2.918276e-06
0.0,4.0824514e-05
0.0,0.24303421
0.0,0.08619818
1.0,1.0
0.0,3.855647e-06
0.0,0.04302228
0.0,0.11624573
0.0,1.4936138e-16
0.0,2.0348195e-06
0.0,0.05032779
0.0,0.0019480385
0.0,0.045527063
0.0,0.00048129976
0.0,0.009624381
0.0,0.016822787
0.0,4.4059953e-10
0.0,0.04489304
0.0,1.8597663e-06
0.0,9.562916e-05
0.0,0.01031622
0.0,1.1438682e-05
0.0,2.3832195e-11
0.0,2.695409e-16
0.0,5.8847672e-06
0.0,3.1996177e-07
0.0,2.9067505e-07
0.0,3.2429812e-06
1.0,1.0
0.0,1.099165e-06
0.0,0.06752069
0.0,0.018293923
0.0,0.06714276
0.0,1.4516729e-08
0.0,1.516951e-06
0.0,0.011942715
0.0,2.3194887e-07
0.0,0.0016880537
1.0,1.0
1.0,1.0
1.0,1.0
0.0,0.03255228
0.0,8.252891e-06
0.0,1.852145e-05
0.0,9.347361e-06
0.0,0.0022574437
0.0,0.23522544
0.0,6.7336086e-06
0.0,0.0067392746
0.0,0.39219683
0.0,5.7891932e-15
0.0,0.11033647
0.0,1.08345395e-08
0.0,0.06194165
0.0,8.408706e-17
0.0,7.443668e-07
0.0,0.21305113
0.0,0.008620455
0.0,1.5213815e-11
0.0,2.653652e-08
0.0,1.4753064e-09
0.0,1.1567305e-05
0.0,6.787881e-10
1.0,0.23307456
0.0,4.9368755e-06
0.0,0.021409152
0.0,6.242593e-07
0.0,0.0075153634
0.0,0.022194097
0.0,0.057569537
0.0,4.6547185e-12
0.0,1.4186855e-07
0.0,0.009336751
1.0,1.0
0.0,2.2035092e-06
0.0,4.8028564e-10
0.0,0.16704527
0.0,2.6672544e-07
0.0,0.032690987
0.0,0.09204637
0.0,1.658684e-06
0.0,2.9531304e-17
0.0,0.0103290565
0.0,1.4918238e-05
0.0,1.1709662e-05
0.0,0.00015880875
0.0,1.9614472e-16
0.0,0.04357264
0.0,0.0045771734
0.0,2.6346665e-09
0.0,1.249698e-08
0.0,1.4945231e-06
0.0,0.007248433
0.0,5.683979e-07
0.0,4.7116228e-06
0.0,0.006048462
0.0,0.0038996574
0.0,0.07343514
0.0,5.7658304e-05
0.0,1.5028541e-11
0.0,0.019149296
0.0,0.29133227
0.0,0.007137771
0.0,0.11193784
0.0,0.0015879154
0.0,0.16710462
0.0,5.150111e-05
0.0,0.021840101
0.0,0.024922037
0.0,0.01849865
0.0,0.033290714
0.0,0.1004276
0.0,5.774658e-11
1.0,1.0
0.0,0.01385659
0.0,1.7494266e-06
0.0,0.0070801363
0.0,9.037722e-14
0.0,0.23804368
0.0,1.2286075e-05
0.0,0.12200382
0.0,0.022085626
0.0,0.03567351
0.0,5.272242e-07
0.0,2.6563764e-06
1.0,0.40100184
0.0,0.3502044
0.0,7.2778533e-07
0.0,8.3889384e-13
0.0,4.7369294e-06
1.0,0.035833724
0.0,4.36524e-05
0.0,0.0071324776
0.0,2.0911234e-07
0.0,0.32759088
0.0,1.6379349e-09
0.0,0.118038565
0.0,0.0069126426
0.0,7.0506074e-05
0.0,0.031330284
0.0,0.28171396
0.0,2.7496196e-16
0.0,0.00019735505
1.0,0.06047078
1.0,1.0
0.0,1.0411015e-11
0.0,1.9818795e-19
0.0,3.317198e-13
0.0,6.571524e-06
0.0,0.21320711
0.0,4.8854222e-08
0.0,3.4854132e-08
0.0,0.00034982702
0.0,0.028457992
0.0,3.6872254e-07
0.0,0.0069092694
0.0,8.293753e-06
0.0,8.421398e-07
0.0,0.019627227
0.0,2.2926714e-19
0.0,9.590508e-07
0.0,0.050425384
0.0,0.054179065
0.0,1.6715154e-19
0.0,6.901578e-13
0.0,1.718172e-06
0.0,1.0352522e-11
0.0,3.086989e-13
0.0,0.383647
0.0,4.2554224e-05
0.0,0.014699461
0.0,2.2354029e-13
0.0,0.023038857
1.0,1.0
0.0,0.0060858126
0.0,4.515315e-11
0.0,0.031095577
0.0,3.1208558e-08
0.0,3.321976e-06
0.0,0.09121765
0.0,0.0026983195
0.0,1.1508689e-05
0.0,0.025953777
0.0,2.1810322e-08
0.0,1.6085586e-14
0.0,1.08742474e-16
0.0,4.8667764e-11
1.0,0.09537986
0.0,8.070067e-15
0.0,4.528837e-08
0.0,0.002169881
0.0,6.1593477e-07
0.0,4.570196e-06
0.0,1.5339354e-16
0.0,0.018899046
1.0,1.0
0.0,0.03180093
0.0,2.7857197e-06
0.0,6.3599337e-10
0.0,8.023558e-06
0.0,0.02204471
0.0,8.032277e-18
0.0,6.610491e-07
0.0,1.3395641e-09
0.0,1.1580089e-07
1.0,0.21727642
0.0,0.0019170638
0.0,0.046921074
0.0,0.04688188
0.0,3.1656212e-19
0.0,9.90148e-08
0.0,0.005032377
0.0,0.07263693
1.0,1.0
0.0,0.016706998
0.0,2.554157e-07
1.0,1.0
0.0,2.3363516e-05
0.0,3.763203e-06
0.0,0.035050124
0.0,8.970237e-08
0.0,1.0153211e-08
0.0,3.871619e-05
0.0,0.17469648
0.0,9.966942e-16
0.0,8.6918124e-07
0.0,6.601015e-06
0.0,5.6446636e-12
0.0,1.1926707e-07
0.0,0.022460237
0.0,1.25374645e-05
0.0,4.5863155e-05
1.0,1.0
0.0,1.3534195e-09
0.0,0.013303002
0.0,0.0021252064
0.0,0.014971335
0.0,0.0016976442
0.0,0.009813671
0.0,4.9120663e-10
0.0,0.016742097
0.0,0.07073105
0.0,2.5131904e-11
0.0,1.1467651e-07
0.0,0.0100706285
0.0,0.114727475
0.0,6.1307175e-16
0.0,6.476925e-12
1.0,1.0
0.0,0.063622884
0.0,0.053507112
0.0,1.7331835e-13
0.0,0.05546587
0.0,1.2976298e-07
0.0,0.042402253
1.0,1.0
0.0,2.4218093e-07
0.0,0.051654316
0.0,4.6027995e-15
0.0,1.6702666e-07
0.0,4.924597e-14
0.0,2.4822235e-19
0.0,8.549193e-06
0.0,0.036437955
0.0,1.0886463e-06
1.0,1.0
0.0,0.119703956
0.0,2.1276127e-16
0.0,0.16657442
0.0,0.020189118
0.0,0.07352623
1.0,0.9999392
1.0,1.0
0.0,0.005704011
0.0,4.5903894e-06
0.0,1.6081185e-05
1.0,1.0
0.0,0.02293224
0.0,6.995787e-09
0.0,0.001377787
0.0,7.947054e-06
0.0,0.009485749
0.0,1.5254307e-09
0.0,2.4222232e-11
0.0,3.7536157e-07
1.0,0.99999994
0.0,0.025381168
1.0,1.0
0.0,0.00018046019
0.0,4.4797238e-05
0.0,9.117416e-06
0.0,0.31582966
0.0,0.008519784
0.0,0.01633893
0.0,3.4014809e-06
0.0,7.903563e-09
1.0,1.0
0.0,1.6729821e-06
0.0,0.0059469063
0.0,1.6072767e-14
0.0,0.005996622
0.0,3.0155653e-07
0.0,1.9182107e-07
0.0,1.3616963e-05
1.0,1.0
0.0,0.041424677
0.0,0.01541979
0.0,0.050462462
0.0,2.1382518e-06
0.0,0.0361801
0.0,2.7408575e-10
0.0,0.020147445
0.0,0.22640252
0.0,5.5931186e-18
0.0,4.225645e-14
0.0,1.8929145e-13
0.0,2.54528e-11
0.0,1.1307415e-18
1.0,1.0
0.0,0.00053486787
0.0,0.00018364859
1.0,1.0
0.0,4.9160795e-09
0.0,0.0017874128
0.0,4.117966e-11
0.0,0.10395654
0.0,3.8135022e-05
0.0,0.009340969
0.0,5.5583302e-11
0.0,8.430475e-11
0.0,0.0331719
0.0,1.0366435e-05
0.0,0.009418381
0.0,0.049372483
0.0,3.593942e-18
0.0,0.04231704
0.0,1.687418e-14
0.0,3.3432013e-10
0.0,1.9986368e-14
0.0,1.3021618e-09
0.0,0.14307933
0.0,3.9843016e-16
0.0,2.0955828e-12
0.0,1.4402518e-06
1.0,1.0
0.0,1.1250354e-06
1.0,0.16288279
0.0,1.7702746e-11
0.0,0.00011512173
0.0,0.00048311325
1.0,1.0
0.0,0.005632863
0.0,6.0290145e-06
0.0,2.6152052e-14
0.0,0.0019567828
0.0,3.2261767e-05
0.0,0.00014667388
0.0,3.7901918e-11
0.0,0.09751244
0.0,0.0044276235
0.0,1.0248242e-07
0.0,0.09648161
0.0,0.027422372
0.0,1.9908743e-11
0.0,2.7927646e-07
0.0,0.22188388
0.0,7.187825e-07
0.0,6.1541904e-11
0.0,0.0054361336
0.0,5.1706615e-05
0.0,0.0356785
0.0,0.0074978634
0.0,0.00019113925
0.0,0.31246522
0.0,0.006877624
0.0,9.167976e-06
0.0,1.585442e-11
0.0,2.8643759e-05
0.0,2.408295e-06
0.0,0.3888126
0.0,1.2116628e-11
0.0,7.781596e-06
0.0,0.022014406
0.0,1.11962045e-07
0.0,2.3043277e-16
0.0,0.029638082
0.0,0.005589129
0.0,0.028283196
0.0,0.049785897
1.0,0.061349355
0.0,2.785526e-15
0.0,1.6136778e-11
0.0,5.2212815e-14
0.0,0.18281877
0.0,0.030707141
1.0,0.20029396
1.0,1.0
0.0,0.011355971
0.0,0.10509615
0.0,0.024518367
0.0,0.09060167
0.0,0.047679693
0.0,0.042784214
0.0,0.04465514
0.0,3.9326573e-09
0.0,0.04975942
0.0,1.923683e-05
1.0,0.2797725
0.0,0.07254935
0.0,2.2871717e-08
0.0,1.1320432e-10
0.0,0.014899538
1.0,1.0
0.0,0.06830745
0.0,2.9980206e-11
0.0,3.5758556e-11
0.0,1.103834e-07
0.0,9.92842e-14
0.0,0.00017512079
0.0,5.0244376e-05
0.0,3.2778968e-16
0.0,0.2137761
0.0,0.013264652
0.0,1.2947088e-06
0.0,0.016650354
0.0,0.0082069235
0.0,0.0020792054
0.0,1.0545071e-12
0.0,3.952495e-09
1.0,1.0
0.0,9.9249606e-05
0.0,1.3784036e-07
0.0,0.13155106
0.0,0.030618407
0.0,0.008705261
0.0,2.551109e-07
0.0,0.013767722
1.0,1.0
0.0,0.0022028715
0.0,0.0070618023
0.0,2.7790923e-09
0.0,0.00012311859
0.0,0.18630612
0.0,0.056259006
0.0,4.7593167e-16
0.0,5.835927e-07
0.0,0.2185446
0.0,0.581391
0.0,2.926785e-14
0.0,0.019456422
0.0,0.001117447
0.0,7.7050266e-17
0.0,0.018955264
0.0,5.9085482e-06
0.0,9.737293e-06
0.0,0.28755456
0.0,0.033374235
0.0,0.1468428
0.0,5.6736003e-09
0.0,0.02405553
0.0,0.01700127
0.0,0.020299958
0.0,0.00015083684
1.0,1.0
0.0,0.023718012
0.0,0.2838273
0.0,6.6169585e-13
0.0,3.4216296e-13
0.0,0.12494874
0.0,4.1082576e-10
0.0,0.3913919
0.0,0.018167749
0.0,0.014209509
0.0,9.966278e-12
0.0,8.3245894e-10
0.0,9.114987e-13
1.0,0.123655364
0.0,1.0741516e-06
0.0,0.032989267
0.0,0.3161989
0.0,0.028865784
0.0,0.045870375
0.0,0.025559532
0.0,0.051460505
0.0,0.031365197
0.0,0.03457986
0.0,0.10414805
0.0,0.0059048547
0.0,0.055749007
0.0,0.095366776
0.0,0.051013585
0.0,6.998654e-05
0.0,0.00940026
0.0,0.09242482
1.0,1.0
1.0,1.0
0.0,0.014825833
0.0,8.005533e-08
0.0,1.7897459e-14
0.0,3.9049824e-19
0.0,0.13415527
0.0,5.6032904e-12
0.0,4.0789573e-08
0.0,5.381829e-06
1.0,1.0
0.0,1.6008195e-05
0.0,0.06080179
0.0,4.574996e-17
0.0,2.8339284e-05
0.0,0.14680554
0.0,0.00023474361
0.0,2.535834e-16
0.0,0.029737338
0.0,0.1396361
0.0,0.059428994
0.0,0.2891807
0.0,6.260257e-07
0.0,6.685038e-06
0.0,2.2374412e-05
0.0,0.0075023035
1.0,1.0
0.0,2.5356314e-08
0.0,9.776494e-07
1.0,1.0
1.0,0.1129462
0.0,0.47214484
0.0,0.0019380953
0.0,3.6581032e-20
0.0,0.009715929
1.0,0.35457033
0.0,3.8594576e-06
0.0,0.13909066
0.0,0.000106667234
0.0,0.0002872227
0.0,0.0015599992
0.0,1.1042514e-06
0.0,0.024294488
1.0,0.5336637
0.0,1.3022977e-05
0.0,4.547341e-09
0.0,1.5448342e-07
1.0,0.9998591
0.0,0.02175751
0.0,2.1985397e-05
0.0,0.054261815
0.0,0.037940186
1.0,0.063688196
0.0,1.7129133e-07
0.0,1.3779187e-07
0.0,6.0511354e-07
0.0,1.0664118e-05
0.0,1.0423656e-14
0.0,6.459939e-06
0.0,0.05156598
0.0,5.028402e-12
0.0,2.2832468e-14
0.0,1.6894004e-08
0.0,4.69349e-12
0.0,0.18292998
0.0,0.2483714
0.0,2.6639468e-08
0.0,0.114170186
0.0,0.0950506
1.0,1.0
0.0,5.5591993e-11
1.0,1.0
1.0,0.12896496
0.0,1.375676e-06
0.0,1.1658283e-05
0.0,0.022362113
0.0,1.3153923e-06
0.0,1.506017e-14
0.0,1.2362078e-10
0.0,7.6885376e-10
0.0,1.4507312e-06
0.0,0.0020638541
0.0,8.453002e-15
0.0,1.1072627e-07
0.0,5.706166e-07
0.0,0.3895667
0.0,4.5175457e-06
0.0,0.015775872
0.0,0.40751424
0.0,0.00019882544
0.0,0.030556835
0.0,0.043777358
0.0,0.091289125
0.0,0.17260838
0.0,1.2026553e-08
0.0,3.823856e-05
0.0,3.6988376e-06
0.0,1.0143708e-12
0.0,0.005587103
1.0,1.0
0.0,0.009186896
0.0,6.3053635e-10
0.0,0.018871602
0.0,6.406826e-16
1.0,1.0
0.0,0.009239271
0.0,0.008408155
0.0,2.2588526e-06
0.0,7.700754e-07
0.0,0.10510719
1.0,0.23450552
0.0,9.035101e-05
0.0,1.4039162e-08
0.0,4.4472065e-07
1.0,1.0
0.0,2.412926e-08
0.0,0.0003207673
0.0,0.20840901
0.0,0.063195676
0.0,9.153512e-08
0.0,0.12820294
0.0,4.593934e-14
0.0,0.1979064
0.0,0.1373208
0.0,1.0549963e-19
0.0,0.5060379
0.0,0.00033288088
0.0,0.01290882
0.0,0.21955417
0.0,0.013005753
0.0,6.512152e-07
0.0,0.09034755
0.0,0.0021608174
0.0,0.19473809
0.0,1.8579779e-09
0.0,0.10582696
0.0,1.0359384e-10
1.0,0.9989182
0.0,7.0625692e-06
0.0,1.9442908e-16
0.0,1.735243e-05
0.0,1.5652549e-07
0.0,5.7195775e-05
0.0,0.13022313
0.0,0.109865315
0.0,0.030330857
0.0,0.00043643243
0.0,3.822604e-06
0.0,5.7616428e-05
0.0,0.15864293
0.0,4.419629e-14
0.0,5.5667164e-07
0.0,2.6975645e-06
0.0,4.2968622e-06
0.0,1.04866216e-13
0.0,0.18375877
0.0,0.058894217
0.0,3.1799565e-16
0.0,0.34278545
0.0,3.7612663e-05
0.0,1.8216131e-10
0.0,0.4654673
0.0,0.013447434
0.0,1.1104311e-05
0.0,0.0339119
0.0,0.0014991139
0.0,2.714753e-08
0.0,1.4726673e-05
0.0,7.698034e-17
0.0,1.6978836e-12
0.0,2.9487595e-07
0.0,7.839627e-06
0.0,0.25087568
0.0,2.3838896e-07
0.0,4.7008956e-07
0.0,6.2430365e-05
0.0,1.0568718e-07
1.0,0.17279893
0.0,1.6396849e-05
0.0,0.3776511
0.0,1.7050577e-07
1.0,1.0
0.0,1.07738586e-07
0.0,2.9395812e-07
0.0,0.18717413
0.0,3.0683577e-13
0.0,0.008062708
0.0,0.03144783
0.0,0.012292293
1.0,0.9999998
0.0,7.4922056e-05
0.0,0.0031626036
0.0,1.886773e-16
0.0,0.0004135209
1.0,0.26940012
0.0,2.4117481e-08
0.0,0.017140552
0.0,0.028216783
1.0,0.13477767
0.0,0.08813509
0.0,0.01453222
0.0,0.01791406
0.0,0.006824903
0.0,6.063727e-06
0.0,7.28875e-15
0.0,0.0040831245
0.0,1.408072e-09
1.0,0.15769987
0.0,0.0016837387
0.0,0.010097184
0.0,1.6369899e-05
0.0,0.145028
0.0,0.007840148
0.0,2.8235803e-05
0.0,5.7684474e-08
0.0,1.2576868e-06
0.0,0.0019377031
0.0,0.011185563
1.0,1.0
0.0,0.011600846
0.0,1.9054551e-13
0.0,1.6044975e-08
1.0,0.11113542
0.0,1.9744826e-07
0.0,5.4994165e-05
0.0,1.5587774e-13
0.0,6.257442e-13
0.0,0.007973619
0.0,5.606536e-07
0.0,1.2835987e-07
0.0,0.03323588
0.0,4.2210747e-08
0.0,0.04534336
0.0,2.6426866e-07
0.0,1.0565235e-06
0.0,0.04654075
0.0,0.093425535
0.0,1.3027787e-08
0.0,0.03327531
0.0,0.0054405825
0.0,4.8889944e-11
1.0,1.0
0.0,0.039809473
0.0,5.3387874e-05
0.0,0.023430137
1.0,0.98523694
0.0,1.987319e-06
0.0,1.5022273e-13
0.0,0.0026431845
0.0,1.7583786e-06
0.0,4.5175456e-15
0.0,0.016084185
1.0,0.9993965
1.0,0.9973622
0.0,1.3975358e-07
0.0,9.401225e-17
0.0,0.034193095
1.0,0.056902636
0.0,1.3201528e-13
0.0,3.6099315e-09
0.0,0.37834632
0.0,2.612668e-09
0.0,0.062284864
0.0,7.774725e-08
0.0,0.20345494
0.0,5.759076e-07
0.0,0.0068887775
0.0,0.3177194
0.0,0.051264018
0.0,0.053371664
0.0,1.0936891e-06
0.0,1.5315528e-06
0.0,0.24914828
0.0,1.1803848e-14
1.0,0.44633886
0.0,0.31673566
0.0,2.6376931e-14
0.0,1.2342891e-05
0.0,1.0900757e-06
0.0,1.08603766e-13
0.0,7.917555e-05
0.0,7.5306125e-05
0.0,3.0135824e-17
0.0,0.10506948
0.0,0.013602883
0.0,1.7894837e-13
0.0,0.19360934
0.0,3.2499818e-16
0.0,5.9552203e-05
0.0,1.842048e-11
0.0,7.4388393e-09
1.0,0.28954446
1.0,0.42828494
1.0,1.0
1.0,1.0
0.0,0.020692151
0.0,4.9478266e-10
0.0,1.5459832e-18
0.0,1.640364e-05
0.0,8.079224e-06
0.0,0.10313373
1.0,1.0
0.0,5.896736e-15
0.0,0.12672453
0.0,4.685358e-13
0.0,0.111579284
1.0,1.0
0.0,0.49060398
0.0,0.53720266
0.0,6.720703e-09
0.0,6.0755895e-08
0.0,3.312836e-06
0.0,3.6970418e-16
0.0,3.4619098e-13
0.0,0.014099845
0.0,9.1046335e-09
0.0,5.95124e-07
0.0,0.05402254
0.0,9.356746e-07
0.0,5.8886127e-07
0.0,1.3692521e-14
0.0,0.0105025
0.0,1.12537e-05
0.0,0.33534148
0.0,8.84956e-09
0.0,0.06170605
0.0,0.010184931
0.0,0.0027103536
0.0,0.0011428751
0.0,2.8929559e-05
0.0,5.612105e-06
0.0,9.077529e-13
0.0,3.8796243e-05
0.0,1.1927864e-05
0.0,0.109138235
0.0,5.9541243e-12
0.0,7.2482767e-06
1.0,0.2967101
0.0,6.9282713e-10
1.0,1.0
0.0,2.4128856e-06
0.0,0.004923585
0.0,0.00053283165
0.0,1.1482624e-12
0.0,4.1734495e-08
0.0,2.2805521e-05
0.0,0.051123947
0.0,1.3663807e-13
0.0,1.0740656e-05
0.0,0.27027512
0.0,0.069006756
0.0,2.7609333e-09
0.0,7.8353196e-07
0.0,1.20329674e-17
0.0,0.16208397
0.0,2.7666973e-08
0.0,0.02290925
0.0,0.15878342
0.0,1.529914e-14
0.0,0.0479991
0.0,0.1026366
0.0,2.5452564e-05
1.0,0.11199478
0.0,0.031603485
1.0,1.0
0.0,0.5375782
0.0,0.4329369
0.0,3.7929473e-19
0.0,3.3516988e-11
0.0,0.0072769322
0.0,0.014962892
0.0,0.053512845
0.0,4.2261648e-13
1.0,0.2905073
0.0,6.8182443e-10
0.0,6.788183e-16
0.0,0.013065082
0.0,1.487503e-11
0.0,0.023512622
0.0,2.8681102e-06
0.0,0.014330751
0.0,1.4673456e-08
0.0,8.209051e-07
0.0,1.5843485e-18
0.0,1.6568712e-14
0.0,0.056878634
0.0,0.01266825
0.0,0.027799016
0.0,1.3689503e-13
0.0,0.026011718
0.0,0.014951228
0.0,7.026946e-09
0.0,1.723845e-19
0.0,1.2136837e-06
0.0,6.367903e-08
0.0,9.436001e-10
0.0,0.008543711
0.0,0.16776556
0.0,0.057978
0.0,0.044718426
0.0,0.0023888703
0.0,7.136792e-11
0.0,9.5378804e-05
0.0,2.8478466e-09
0.0,0.002242815
0.0,1.2900088e-17
0.0,0.05326819
0.0,1.4779971e-05
0.0,9.7789336e-05
0.0,0.027921118
0.0,1.0595528e-10
0.0,6.4039135e-10
0.0,1.3457714e-10
1.0,0.4146147
0.0,6.1444196e-05
0.0,0.0045802817
0.0,0.009130382
0.0,1.00043765e-10
0.0,6.3382455e-10
0.0,6.369851e-06
0.0,2.4174083e-08
0.0,0.45756438
0.0,0.01029114
0.0,0.010134858
0.0,0.002543505
0.0,1.0240381e-08
0.0,2.2070253e-14
0.0,7.925526e-07
0.0,0.027875992
0.0,5.6478035e-07
0.0,0.032352295
0.0,1.1856576e-11
0.0,0.03064397
0.0,0.0023518107
1.0,0.29366726
0.0,2.5760608e-07
0.0,0.00015243512
0.0,2.28724e-07
0.0,1.6726948e-06
0.0,0.03166446
0.0,0.061660785
0.0,1.2249106e-05
1.0,1.0
0.0,2.426276e-06
0.0,8.356292e-06
0.0,1.0267908e-05
0.0,4.3417847e-07
0.0,0.034523692
0.0,0.026543517
0.0,0.00031466526
0.0,0.00020814726
0.0,0.034832224
0.0,0.057271957
0.0,1.0479294e-07
0.0,0.20394559
1.0,0.2651791
0.0,0.022229483
1.0,0.017683914
0.0,0.008227184
0.0,0.00270303
0.0,8.198602e-19
0.0,0.025272861
0.0,0.018507447
0.0,0.0347821
0.0,2.3100574e-08
0.0,7.216188e-13
0.0,1.8126162e-13
0.0,4.7015638e-07
0.0,4.7968394e-14
0.0,8.8007e-15
0.0,1.5751699e-06
0.0,1.4107124e-05
0.0,0.14242652
0.0,0.00665172
0.0,0.044858567
0.0,0.009897194
0.0,0.032792293
0.0,4.3640516e-10
0.0,0.005600872
0.0,0.058165904
0.0,7.46193e-17
0.0,0.0053322143
0.0,2.1288311e-05
0.0,1.7193727e-12
0.0,4.0793723e-14
0.0,8.422441e-06
0.0,0.0094224475
0.0,5.247757e-07
0.0,1.2560477e-15
1.0,1.0
0.0,1.3523205e-06
0.0,0.24912052
0.0,0.0030914636
0.0,4.3382102e-09
0.0,2.0264685e-09
0.0,7.1186724e-07
0.0,0.011553557
0.0,0.024823159
0.0,1.6461835e-13
0.0,1.6453857e-14
0.0,0.026325667
0.0,0.038687054
0.0,0.44400725
0.0,0.00013552146
0.0,7.7848084e-10
0.0,1.5749173e-11
0.0,4.5890363e-07
0.0,0.11818589
0.0,2.14946e-06
1.0,1.0
0.0,0.33519366
0.0,0.045566935
0.0,0.0007238633
0.0,0.009376654
0.0,0.13376854
0.0,0.00050613063
0.0,5.787232e-10
0.0,2.170644e-16
0.0,9.61517e-07
0.0,8.473869e-09
0.0,1.528881e-05
0.0,2.0202888e-05
1.0,1.0
0.0,7.166821e-17
0.0,1.2548953e-12
0.0,0.011218906
1.0,0.22863169
0.0,1.6310737e-12
0.0,2.8949846e-05
0.0,0.12610747
0.0,7.2133575e-05
0.0,0.44044375
0.0,3.9452566e-09
0.0,0.00011202488
0.0,0.00014106632
0.0,0.08076498
0.0,0.0010204267
0.0,0.0026417994
0.0,1.0933624e-12
0.0,0.2817902
0.0,2.2561553e-06
0.0,5.4568347e-05
0.0,0.024678815
1.0,1.0
0.0,4.408063e-17
0.0,9.983191e-12
0.0,2.3377002e-05
0.0,0.00013351574
0.0,0.022996176
0.0,8.199577e-06
0.0,2.6147224e-13
0.0,5.7563416e-06
0.0,4.105397e-18
0.0,1.8804782e-09
0.0,0.0009582091
0.0,0.027617486
0.0,0.0052703205
0.0,1.2653146e-08
0.0,2.4266104e-05
0.0,2.1834916e-16
0.0,4.3477975e-11
0.0,9.768817e-08
0.0,0.11388554
0.0,0.13090526
0.0,2.3793986e-15
1.0,1.0
0.0,0.16401926
0.0,1.05166355e-05
0.0,3.186269e-07
0.0,0.1616688
0.0,5.6686326e-07
1.0,1.0
0.0,3.588892e-06
0.0,0.21199347
0.0,0.0019636818
0.0,5.1372053e-06
0.0,5.9670497e-06
0.0,0.074645355
0.0,0.0038783888
0.0,2.791192e-10
0.0,0.0154959345
0.0,0.19508334
0.0,7.230925e-11
0.0,0.04649224
0.0,0.013834043
0.0,0.0013246066
0.0,3.457288e-05
0.0,5.1965463e-09
0.0,0.025289401
1.0,0.9991642
0.0,5.263294e-07
0.0,0.0132322
0.0,0.009673258
0.0,0.012489245
0.0,1.7495335e-06
0.0,0.045355853
0.0,0.10853009
0.0,1.5345315e-14
0.0,1.0603676e-05
0.0,1.4531416e-05
0.0,0.17217605
1.0,0.036217652
0.0,2.744329e-08
0.0,0.001625608
1.0,1.0
0.0,0.054725315
0.0,1.755187e-07
0.0,0.00035523722
0.0,0.07540242
0.0,0.04011369
0.0,1.4750303e-17
0.0,0.06694895
0.0,1.4251254e-05
0.0,0.11058522
0.0,0.12040687
0.0,0.003052431
1.0,0.9987435
1.0,1.0
0.0,4.3172206e-12
0.0,3.1604355e-07
0.0,7.099835e-11
0.0,2.2029447e-15
0.0,0.024153346
0.0,0.04049137
0.0,0.16945869
0.0,0.021729197
0.0,0.19392174
0.0,4.9341033e-06
0.0,1.0981083e-09
0.0,1.3381343e-06
0.0,9.7611615e-12
0.0,0.1930283
0.0,2.0802644e-10
1.0,1.0
1.0,0.41089377
0.0,8.328264e-06
0.0,1.3768408e-05
0.0,1.1442952e-14
0.0,0.011446139
0.0,0.018832937
0.0,0.008313763
0.0,0.73919654
0.0,2.0331207e-15
1.0,1.0
0.0,6.241069e-06
0.0,1.0557395e-07
0.0,1.9276882e-05
0.0,2.0064261e-20
0.0,4.233081e-07
0.0,4.2315045e-09
0.0,0.11398544
0.0,1.0702229e-16
0.0,2.0483327e-14
0.0,7.350846e-08
0.0,0.015556932
0.0,1.8218796e-15
0.0,0.060484957
0.0,0.0019906522
0.0,7.182556e-18
1.0,0.17793314
0.0,0.03485646
0.0,5.2508888e-08
0.0,0.04023126
0.0,9.55245e-06
0.0,2.7012594e-09
0.0,0.030763164
0.0,7.985488e-06
0.0,1.4622662e-12
0.0,0.016027793
0.0,1.2240861e-05
0.0,0.23815544
0.0,0.0027533972
0.0,0.06126964
0.0,1.0318024e-11
0.0,0.10073812
0.0,0.004342874
0.0,4.854546e-12
1.0,1.0
0.0,0.08303699
0.0,5.779075e-05
0.0,0.07505161
0.0,3.1319964e-06
0.0,0.00029094008
0.0,4.6428963e-06
0.0,0.1469975
0.0,1.3205319e-05
0.0,0.07562495
0.0,0.0067171683
0.0,1.6734703e-16
0.0,0.15203847
0.0,0.012030047
0.0,0.062909245
0.0,0.024159828
1.0,0.1017826
0.0,0.008537637
0.0,3.5037027e-07
0.0,6.2197378e-06
0.0,2.1807287e-12
0.0,0.018362703
0.0,1.8317274e-10
0.0,0.117389165
0.0,0.003859721
1.0,1.0
1.0,0.06778032
0.0,5.751765e-07
0.0,3.0730394e-08
1.0,1.0
0.0,7.7095615e-11
0.0,3.6348474e-08
0.0,0.2906196
0.0,0.0038346418
0.0,7.3832557e-10
1.0,1.0
1.0,0.22287734
0.0,0.047088996
1.0,1.0
0.0,4.445562e-06
0.0,2.8908975e-08
0.0,0.0008268467
0.0,0.00018851859
0.0,0.0700312
0.0,1.1548182e-13
0.0,0.017196191
0.0,2.6088838e-07
0.0,1.515727e-08
0.0,9.384932e-11
0.0,0.0041752337
0.0,0.0021023387
0.0,1.154912e-14
0.0,0.0023197513
0.0,3.6802812e-13
1.0,1.0
0.0,2.9576421e-15
0.0,0.090871885
0.0,0.009280527
0.0,0.0040761204
0.0,0.009466177
0.0,0.051270094
0.0,0.0062048105
0.0,5.665451e-15
0.0,6.906374e-16
0.0,0.0032736997
0.0,3.141665e-11
1.0,0.13003539
0.0,9.227833e-17
0.0,2.2260997e-07
0.0,0.00023014392
0.0,8.3430605e-05
0.0,0.0075612157
0.0,3.3942554e-11
0.0,0.060624577
0.0,0.044105574
0.0,2.3911456e-15
0.0,0.13020405
0.0,0.038728073
0.0,4.4509144e-10
0.0,4.250928e-08
0.0,0.02385084
0.0,6.371862e-06
0.0,0.3860839
0.0,0.0502764
0.0,8.078487e-19
1.0,1.0
1.0,0.34229773
1.0,0.99999994
0.0,1.302073e-16
0.0,0.10777658
0.0,4.87635e-06
0.0,0.00021999994
0.0,4.254537e-06
0.0,5.750745e-10
0.0,0.0006200667
0.0,0.00013347334
0.0,0.05062057
0.0,3.9009014e-06
0.0,0.1262832
0.0,0.019555885
0.0,0.30279294
0.0,3.032335e-08
0.0,0.07558624
0.0,0.002555274
0.0,1.8844145e-12
0.0,0.36318582
0.0,0.07895395
0.0,7.2777556e-07
0.0,1.8139657e-05
1.0,1.0
0.0,0.008698979
0.0,6.4597104e-16
0.0,3.8237483e-10
0.0,1.12056805e-05
0.0,7.204262e-18
0.0,5.1204148e-05
0.0,2.28372e-07
0.0,1.2742765e-06
0.0,0.28058138
0.0,0.1710739
0.0,0.02156441
0.0,9.639997e-05
0.0,1.8558813e-09
0.0,6.3659104e-06
0.0,2.0193584e-05
0.0,4.2061318e-10
0.0,0.34151947
0.0,5.9848254e-10
0.0,2.6109646e-09
0.0,0.014446345
0.0,1.112312e-16
0.0,2.0146282e-13
0.0,0.18366167
0.0,1.8176257e-07
0.0,0.0067938636
1.0,1.0
0.0,0.0041881623
0.0,0.006697609
0.0,0.076060236
1.0,0.23174357
0.0,2.559038e-06
0.0,6.35472e-10
0.0,0.023802144
0.0,1.207438e-13
0.0,1.4123218e-06
1.0,1.0
0.0,1.8113099e-13
1.0,1.0
0.0,0.17099217
0.0,0.06176296
0.0,0.0001840946
0.0,1.1294944e-05
0.0,2.1426413e-11
0.0,4.8030574e-10
0.0,0.010583207
0.0,6.1263945e-06
0.0,4.6622443e-08
1.0,0.029693622
0.0,0.12049935
0.0,5.3068057e-17
0.0,5.6450734e-08
0.0,1.8132965e-05
0.0,0.0067409445
0.0,0.03439314
0.0,1.3934049e-07
1.0,1.0
0.0,0.09618968
0.0,8.086509e-18
0.0,0.18746464
0.0,1.4271337e-13
0.0,2.4570627e-14
0.0,3.7955697e-06
0.0,1.2000324e-06
0.0,0.21888651
0.0,3.1965697e-16
1.0,1.0
0.0,1.7938531e-06
0.0,5.8968517e-06
0.0,1.9560741e-07
0.0,0.0020249463
0.0,0.004304874
0.0,1.6735429e-13
0.0,1.880355e-14
0.0,0.06870568
0.0,0.014215662
0.0,1.6306581e-10
0.0,7.4551162e-06
0.0,5.572771e-07
1.0,1.0
0.0,9.83804e-08
0.0,0.018631037
0.0,9.440161e-10
0.0,8.4748506e-13
0.0,0.008676763
0.0,1.0929129e-18
0.0,5.811766e-10
0.0,0.08812348
0.0,0.0043197484
0.0,2.1868944e-05
0.0,0.051759575
0.0,1.6000371e-17
0.0,0.18749729
0.0,2.1007276e-13
0.0,0.0016711147
0.0,0.08725662
0.0,0.061638955
0.0,5.9173624e-07
0.0,2.0702448e-07
0.0,1.4503957e-14
0.0,7.0116253e-06
0.0,9.390448e-07
0.0,4.5313688e-12
0.0,0.011434603
0.0,1.1789431e-05
0.0,0.0037428543
0.0,1.2319686e-10
0.0,0.14343025
0.0,0.001527322
0.0,3.3272764e-07
0.0,2.1865558e-19
0.0,4.731565e-16
0.0,6.982119e-13
0.0,8.5721206e-07
0.0,3.1456793e-06
0.0,0.011214231
0.0,0.044000585
0.0,0.053217497
0.0,3.425716e-10
0.0,0.0046735676
0.0,7.912777e-07
0.0,0.016797218
1.0,0.99940574
0.0,0.03784736
0.0,0.04648391
0.0,4.4564035e-06
0.0,8.0283874e-10
0.0,0.00027280848
0.0,3.1750405e-06
0.0,0.054312885
0.0,0.21184812
0.0,0.06775526
0.0,5.546496e-05
0.0,0.033821527
0.0,0.0012241701
0.0,1.5458655e-13
0.0,0.24560462
0.0,0.16064951
0.0,3.0622937e-07
0.0,0.096162155
0.0,8.192318e-19
0.0,0.04960871
0.0,0.0144332135
1.0,1.0
0.0,0.053929534
0.0,0.23858176
0.0,1.5154357e-11
0.0,0.093896285
0.0,0.0117406035
0.0,0.017849272
0.0,1.00825774e-13
0.0,1.0055156e-05
0.0,1.2632809e-05
0.0,2.3342302e-17
0.0,4.868817e-12
0.0,4.419097e-06
0.0,4.3942822e-12
1.0,0.27237484
0.0,0.026942007
0.0,9.7511575e-11
0.0,0.030123467
0.0,1.8078541e-05
0.0,1.1020497e-11
0.0,0.00013041579
0.0,0.015572146
0.0,0.00038216403
0.0,1.4299753e-10
0.0,0.29312342
0.0,0.075663954
0.0,1.7620254e-10
0.0,8.256841e-11
1.0,1.0
1.0,1.0
0.0,0.31881896
0.0,9.51549e-10
0.0,0.024357105
0.0,1.5219939e-15
0.0,3.2800038e-20
0.0,3.0241868e-05
0.0,1.479278e-06
0.0,4.7006492e-06
0.0,2.0387995e-05
0.0,2.9671055e-06
0.0,1.0732445e-11
0.0,0.004127332
1.0,0.23380414
0.0,8.296794e-08
0.0,0.0011914704
0.0,2.6521317e-13
0.0,1.39479105e-11
0.0,0.09682137
0.0,0.00036349564
0.0,0.0298529
0.0,0.14179175
0.0,9.690236e-06
0.0,2.0762707e-08
0.0,0.11862485
0.0,2.6500459e-08
0.0,4.322818e-06
0.0,0.051614784
0.0,0.036211263
0.0,0.120687164
0.0,0.020587418
0.0,0.023273934
0.0,1.96266e-08
0.0,7.161788e-11
0.0,1.3560346e-13
0.0,2.4779652e-05
0.0,0.08516195
0.0,0.03668629
0.0,0.052465487
0.0,1.07274405e-10
0.0,0.18101478
0.0,0.05895424
0.0,7.701892e-07
0.0,0.005144372
0.0,0.25019968
1.0,0.062680885
0.0,5.1819654e-05
0.0,0.012310295
0.0,0.021818828
0.0,0.08741122
0.0,0.08396393
0.0,0.00937859
0.0,7.7318375e-20
0.0,0.06716436
0.0,0.0025281117
0.0,0.024494387
0.0,1.9219385e-06
0.0,0.0471894
1.0,1.0
0.0,2.1327816e-05
0.0,0.015141269
0.0,0.011725995
0.0,1.9607875e-10
0.0,0.061985634
0.0,0.01494378
1.0,1.0
0.0,4.068667e-10
0.0,3.5727942e-05
0.0,5.346423e-19
0.0,0.10517157
0.0,0.16451943
0.0,0.0010375278
1.0,1.0
0.0,6.417594e-06
0.0,0.015126124
0.0,0.0016170659
0.0,1.4161582e-12
0.0,0.011207841
0.0,0.0032314213
0.0,0.014112013
0.0,0.012782476
0.0,5.7908723e-11
0.0,0.31851816
0.0,4.8453427e-07
0.0,4.4097786e-17
0.0,0.10888977
0.0,2.01203e-06
1.0,1.0
0.0,0.09644292
0.0,4.6259156e-06
0.0,1.0077355e-15
0.0,2.4138394e-10
0.0,2.4215951e-06
0.0,1.270967e-13
0.0,0.04568304
0.0,0.030223075
0.0,0.09792943
0.0,1.3077253e-08
0.0,4.1362746e-06
0.0,1.0249428e-06
0.0,7.928684e-05
1.0,0.00698034
0.0,0.104567826
0.0,6.7660065e-11
0.0,0.0023222654
0.0,1.6386748e-07
0.0,5.9387776e-06
1.0,1.0
0.0,1.6931578e-16
0.0,0.16366553
0.0,5.556864e-16
0.0,0.03230067
0.0,5.83113e-14
0.0,0.023992183
0.0,0.030199246
0.0,0.00028991033
0.0,0.062382456
0.0,4.2643416e-07
0.0,1.1543683e-06
0.0,0.1729359
0.0,0.07390612
0.0,3.1610797e-11
0.0,0.0019044065
0.0,0.43405265
0.0,0.0015737356
0.0,8.991995e-05
0.0,1.5633791e-12
0.0,6.139654e-07
0.0,1.4824046e-07
0.0,0.00011817123
0.0,0.017534735
0.0,2.5910754e-06
0.0,2.7217053e-15
0.0,2.6277002e-14
0.0,0.019344391
0.0,1.4046741e-12
0.0,9.434318e-16
0.0,1.6219255e-07
0.0,1.5068782e-06
0.0,0.08549258
0.0,4.970796e-13
0.0,5.9537495e-08
0.0,2.5337132e-11
0.0,0.031250637
0.0,1.3656254e-06
0.0,0.0077050473
0.0,8.7023056e-07
0.0,0.0020260862
0.0,0.0099074645
0.0,0.052599046
0.0,0.13433349
0.0,0.24848382
0.0,0.03263647
0.0,2.0377591e-08
0.0,7.1944083e-07
1.0,0.5774461
0.0,7.064876e-11
0.0,0.0021741958
1.0,1.0
0.0,8.7197174e-07
0.0,0.012904724
0.0,4.2599786e-05
0.0,0.0062875566
0.0,7.5266827e-13
0.0,0.008561015
0.0,8.081398e-09
0.0,2.3927177e-07
0.0,1.5927047e-10
1.0,0.05050749
0.0,1.7876914e-06
0.0,0.00012629465
0.0,0.010799206
0.0,2.3969758e-06
0.0,0.025467219
0.0,0.17703839
0.0,1.6578639e-14
0.0,2.3136088e-06
0.0,1.1979089e-09
0.0,1.020445e-11
0.0,7.06928e-12
0.0,0.021224739
1.0,1.0
0.0,0.0019254998
0.0,6.8479426e-06
0.0,5.677073e-05
0.0,0.14368549
0.0,4.9792135e-08
0.0,1.2623757e-12
0.0,0.026055967
0.0,4.722081e-07
0.0,0.12502478
0.0,5.338858e-09
0.0,2.1065293e-06
0.0,0.000383012
0.0,0.019611891
0.0,1.0160678e-18
0.0,4.6453223e-07
0.0,0.007395296
0.0,0.020120127
0.0,0.04652056
0.0,1.2232997e-06
0.0,3.4283116e-07
0.0,1.2888753e-09
0.0,1.565714e-10
0.0,5.2067378e-08
1.0,1.0
0.0,2.420059e-13
0.0,0.12159783
1.0,1.0
0.0,1.4333431e-05
0.0,0.00022556575
0.0,4.4971023e-11
0.0,3.5734258e-12
0.0,8.8564667e-07
0.0,0.35189047
1.0,0.27477854
0.0,0.0809941
1.0,1.0
0.0,1.11588946e-07
0.0,0.18119645
0.0,0.0479001
0.0,0.10961556
0.0,0.049907357
0.0,0.004183096
1.0,1.0
0.0,2.30171e-08
0.0,0.04040726
0.0,3.723344e-09
0.0,0.11764106
0.0,9.633321e-06
0.0,1.3061893e-06
0.0,2.2045965e-07
0.0,2.6499317e-06
0.0,1.5010142e-12
0.0,0.04211697
0.0,0.006134678
0.0,0.06808744
0.0,0.06705598
0.0,0.3886254
0.0,0.018994493
0.0,2.6209404e-19
0.0,0.0025476383
0.0,5.6575946e-13
0.0,0.054310568
0.0,0.032251157
0.0,1.9389774e-06
0.0,1.591526e-11
0.0,5.442598e-07
0.0,6.026136e-12
0.0,0.017683914
1.0,0.43196064
0.0,0.001949785
0.0,0.00011225735
1.0,1.0
0.0,0.063540325
0.0,5.7079346e-06
0.0,1.7959085e-13
0.0,0.103827275
0.0,1.8939577e-06
0.0,0.017069332
0.0,2.4738683e-05
0.0,0.010287344
0.0,0.00023773385
0.0,0.00012312201
0.0,2.5036774e-08
0.0,2.077719e-06
0.0,0.444074
1.0,1.0
0.0,0.05993014
0.0,0.17844811
0.0,9.606037e-06
0.0,2.6656596e-07
0.0,1.044618e-16
0.0,4.6220222e-11
0.0,0.002038931
0.0,1.0918558e-06
0.0,0.037759688
0.0,0.007982171
0.0,3.690567e-05
0.0,3.8656974e-05
0.0,3.174443e-07
0.0,0.01023569
0.0,0.022918424
0.0,0.02591627
0.0,0.0002873139
0.0,0.018212814
0.0,0.04557609
1.0,1.0
0.0,0.13123599
0.0,4.0237977e-10
0.0,0.043447785
0.0,2.8507584e-06
0.0,0.050825283
0.0,0.25568426
0.0,0.0008428233
0.0,8.3633563e-07
0.0,0.0043942844
0.0,0.0055747437
0.0,0.03691683
0.0,6.9991383e-06
1.0,0.22152583
0.0,0.13024014
0.0,0.3423208
0.0,9.559392e-08
0.0,1.873053e-05
0.0,2.0443389e-05
0.0,1.1524643e-16
0.0,0.008944116
0.0,5.9585727e-05
0.0,0.10596223
0.0,6.762062e-10
0.0,1.1542654e-05
0.0,2.7362747e-08
0.0,0.0077116922
0.0,0.11754559
0.0,2.9654618e-06
0.0,0.25064436
0.0,3.4416843e-13
0.0,6.012284e-10
0.0,4.090049e-07
0.0,0.07434706
0.0,3.8064758e-05
0.0,2.6127682e-07
0.0,2.7763796e-09
0.0,0.040741395
0.0,6.237393e-08
0.0,0.0040461053
0.0,0.018162988
0.0,0.11172782
0.0,2.1931733e-14
0.0,3.698974e-05
0.0,7.277205e-11
0.0,9.488711e-15
0.0,0.052724518
0.0,0.002523221
1.0,1.0
0.0,3.958616e-07
0.0,1.1731424e-17
0.0,0.17074662
0.0,0.15329422
0.0,0.0054408326
0.0,0.14666077
0.0,0.09628336
0.0,0.4019383
0.0,0.017331278
0.0,0.07649575
0.0,3.2080004e-18
0.0,5.5539062e-09
0.0,0.0096961055
0.0,1.8389868e-06
0.0,0.053614024
0.0,0.016930534
0.0,2.1189005e-06
0.0,0.020833338
0.0,0.24612089
0.0,0.13221861
0.0,7.0017134e-09
0.0,0.05117088
0.0,0.15119146
0.0,0.00014184798
0.0,0.19538377
0.0,2.965838e-06
0.0,1.444728e-05
0.0,9.038095e-19
0.0,3.916214e-06
0.0,1.505439e-06
0.0,2.464452e-12
0.0,0.02896851
0.0,1.0143495e-12
1.0,0.2495672
0.0,0.012136981
0.0,5.132403e-16
0.0,9.66811e-08
0.0,2.3578833e-13
0.0,3.5924214e-07
0.0,0.13029434
1.0,0.21876584
0.0,1.1005086e-05
0.0,1.3005031e-05
0.0,0.04251903
0.0,0.06373414
0.0,1.1051484e-07
0.0,1.553126e-05
0.0,0.085281916
1.0,0.060811624
0.0,1.9539893e-06
1.0,0.14127545
0.0,5.5725963e-05
0.0,0.13519779
0.0,1.5727663e-07
0.0,0.070752
0.0,1.2296543e-05
0.0,0.0068580867
0.0,2.8511283e-06
0.0,0.020805122
0.0,0.11230769
0.0,0.016845165
0.0,1.6345095e-05
0.0,5.8309026e-12
0.0,2.2590122e-05
0.0,8.054383e-06
0.0,1.6943222e-15
0.0,4.2852673e-19
0.0,0.0018440555
0.0,0.12050081
0.0,6.8017414e-08
0.0,4.7940464e-08
0.0,0.0034012024
0.0,0.0071744537
0.0,2.9595628e-06
0.0,8.049015e-06
0.0,3.245318e-07
0.0,9.702262e-07
0.0,7.486226e-07
0.0,0.063524656
0.0,0.00015875165
0.0,4.003971e-06
0.0,0.0058785323
0.0,6.930555e-11
0.0,3.2117245e-05
0.0,0.063147865
1.0,0.017513217
1.0,1.0
0.0,0.112885214
0.0,0.045814633
0.0,5.6793573e-07
0.0,3.3639827e-18
0.0,2.210103e-12
0.0,1.8161698e-14
0.0,7.3977037e-07
0.0,0.03933786
0.0,2.5655889e-15
0.0,0.06401579
0.0,1.4022768e-05
0.0,1.6831054e-16
0.0,0.0029801277
0.0,7.759267e-18
0.0,0.0002155608
0.0,9.921969e-06
0.0,1.0422856e-06
0.0,1.6811891e-05
0.0,0.030464314
0.0,3.1267538e-07
0.0,0.06136136
0.0,0.1618663
1.0,0.19273357
0.0,0.00021243356
0.0,0.014374821
0.0,0.00012270991
0.0,2.9691367e-09
0.0,1.89947e-11
0.0,0.0003800215
0.0,0.33261475
0.0,0.025503395
0.0,0.023939667
1.0,1.0
0.0,1.583491e-17
1.0,1.0
0.0,0.064387046
0.0,2.1821641e-08
0.0,0.0019651926
1.0,1.0
1.0,1.0
0.0,0.0107865855
0.0,0.3754817
0.0,1.656025e-17
0.0,8.782274e-05
0.0,0.21035483
0.0,2.0090807e-08
0.0,2.0987981e-20
0.0,6.886617e-16
0.0,9.622064e-06
0.0,0.028660178
0.0,0.026343847
0.0,0.013197672
0.0,9.073644e-05
0.0,0.0016405152
0.0,1.6805962e-13
0.0,0.016938373
0.0,0.15890862
0.0,2.8950333e-06
0.0,4.7333637e-19
0.0,0.031345896
0.0,0.014833328
0.0,0.029731052
0.0,1.0868722e-06
0.0,1.1233993e-12
0.0,6.5772525e-08
0.0,0.011842713
0.0,2.7774707e-09
0.0,8.599455e-12
0.0,3.5897537e-07
0.0,1.2736192e-13
0.0,3.3908324e-11
0.0,1.1284374e-16
0.0,8.375982e-06
0.0,1.8465154e-06
0.0,0.046596784
1.0,0.06985098
0.0,2.9542975e-05
0.0,9.58336e-12
0.0,0.1286268
0.0,0.18202119
0.0,0.0001577028
0.0,0.062373094
0.0,3.2877457e-20
1.0,0.07783438
0.0,1.3703749e-05
0.0,0.005371151
0.0,1.22968545e-11
0.0,7.647954e-17
0.0,3.54041e-05
0.0,0.0013232031
1.0,1.0
0.0,3.7423742e-06
0.0,0.22170603
0.0,4.347559e-05
0.0,1.7178461e-06
0.0,4.163086e-05
0.0,0.0136888
0.0,3.3257935e-10
0.0,6.992463e-05
0.0,9.48233e-07
0.0,0.030559776
0.0,7.965323e-09
0.0,0.014483821
0.0,1.1467344e-09
0.0,3.6180854e-06
0.0,7.3294224e-09
0.0,1.907843e-15
1.0,1.0
0.0,0.15058018
0.0,0.005575941
0.0,2.0588057e-07
0.0,3.5404765e-19
0.0,1.5202994e-07
1.0,0.16728352
0.0,0.02073153
0.0,1.7223309e-05
0.0,0.045334507
0.0,8.2406217e-07
0.0,7.8805776e-08
0.0,0.058483034
0.0,0.20894125
0.0,1.3333813e-05
0.0,4.626801e-05
0.0,0.119870014
0.0,2.7381666e-10
0.0,6.7514164e-14
0.0,4.631343e-05
0.0,9.3055695e-07
0.0,1.654409e-16
0.0,4.3831636e-10
1.0,0.070524275
0.0,0.015501783
0.0,4.328882e-14
0.0,4.876774e-07
0.0,4.023951e-10
0.0,4.4267033e-08
0.0,0.0018200414
0.0,0.031370275
0.0,1.0426618e-05
1.0,1.0
0.0,7.606678e-06
0.0,0.03503134
1.0,1.0
0.0,0.009189104
1.0,0.084595
1.0,1.0
0.0,7.427875e-07
0.0,5.415556e-19
0.0,7.9953156e-07
0.0,8.8625066e-11
0.0,5.938741e-05
0.0,5.1431566e-06
0.0,0.3952526
0.0,1.5110428e-06
0.0,9.968174e-13
0.0,0.00021954271
0.0,3.251817e-16
0.0,0.029402418
0.0,9.724181e-06
0.0,0.024103506
0.0,0.11128852
0.0,3.774642e-09
0.0,1.0111577e-10
0.0,0.0028584152
0.0,2.24409e-11
0.0,0.039624833
0.0,1.303399e-10
0.0,0.28824148
0.0,1.2422714e-08
0.0,0.05461751
0.0,1.1449054e-06
0.0,1.2853847e-13
0.0,0.011968165
0.0,3.3559344e-10
0.0,0.12269955
0.0,4.4220384e-11
0.0,0.039936446
1.0,1.0
0.0,6.797893e-11
0.0,2.0147068e-06
0.0,5.2923025e-13
0.0,7.712311e-12
0.0,5.8718796e-13
0.0,0.0051544243
0.0,1.201054e-05
0.0,5.9366025e-06
0.0,2.5457858e-10
0.0,0.058373407
0.0,6.4377637e-10
0.0,0.1018986
0.0,1.1404972e-07
0.0,3.3593395e-08
0.0,0.4493782
0.0,0.20085147
0.0,0.36689052
0.0,0.04255596
0.0,1.0648346e-05
0.0,2.8313807e-10
0.0,0.0016232375
0.0,0.00024242187
0.0,1.8463599e-12
0.0,0.009153357
0.0,4.0889438e-16
0.0,1.1247919e-06
0.0,1.4251595e-05
0.0,3.238648e-06
0.0,2.1696918e-05
0.0,1.1196346e-08
1.0,0.22431988
0.0,0.00018438412
1.0,1.0
0.0,2.644304e-16
0.0,4.277881e-07
0.0,3.1963427e-07
0.0,1.6793105e-06
0.0,0.23833273
0.0,0.12542431
0.0,2.971321e-18
0.0,0.0002485766
0.0,0.026081601
0.0,2.102894e-06
0.0,0.00022254598
0.0,9.941084e-06
0.0,6.9972095e-10
0.0,0.19704165
0.0,0.0002540643
0.0,3.796428e-15
0.0,1.778162e-15
0.0,6.33289e-15
0.0,3.1629996e-09
0.0,0.3072071
0.0,0.0020224017
0.0,1.8052609e-09
0.0,0.0044455063
0.0,3.021359e-05
0.0,5.2635704e-07
0.0,0.1605489
0.0,0.00017463336
0.0,0.03416286
0.0,0.12756364
0.0,0.05907553
0.0,0.0004132151
0.0,0.0023361081
0.0,0.3635246
0.0,0.15284242
0.0,0.0001534317
0.0,0.028414125
0.0,0.02785963
1.0,0.35871378
1.0,1.0
0.0,1.051482e-05
0.0,0.024415882
0.0,2.9141444e-07
0.0,1.7695326e-10
1.0,1.0
0.0,1.3049109e-07
0.0,0.051095184
0.0,4.5001597e-10
0.0,6.0757492e-09
1.0,0.19143596
0.0,2.5942725e-06
0.0,1.1890821e-19
1.0,1.0
0.0,0.10269832
0.0,0.04606584
1.0,1.0
0.0,0.0029299448
0.0,0.12920833
0.0,9.109099e-08
0.0,0.02545415
0.0,0.0012143829
0.0,2.5981174e-06
0.0,1.9253445e-16
0.0,0.0153762605
0.0,1.1751099e-15
0.0,0.0024636395
0.0,2.0656794e-06
0.0,4.6544057e-09
0.0,2.7815955e-07
0.0,0.046005588
0.0,0.11515686
0.0,0.0724994
0.0,6.037105e-10
0.0,1.4839803e-06
0.0,6.531766e-13
0.0,2.501659e-07
0.0,9.719993e-08
0.0,0.018121196
0.0,0.0023290666
0.0,0.013504322
0.0,0.00026726484
0.0,0.2091428
0.0,0.06291834
0.0,5.9105155e-06
1.0,0.29845694
0.0,0.017147537
0.0,0.41561407
0.0,4.595351e-06
0.0,6.15324e-15
0.0,1.7244884e-07
0.0,0.000260381
0.0,0.33033165
0.0,0.11421462
0.0,0.112049975
0.0,0.014923319
0.0,0.06870215
0.0,8.904014e-12
0.0,0.002369198
0.0,0.025927385
0.0,0.0014942455
0.0,1.0969788e-15
0.0,0.027173042
0.0,1.01096816e-07
0.0,0.0068687215
0.0,3.4084227e-15
0.0,4.2512126e-16
0.0,5.1924453e-13
0.0,1.14252025e-10
0.0,0.011270077
0.0,0.02956244
0.0,0.31780082
0.0,0.10030605
0.0,0.018333243
0.0,8.3323576e-10
0.0,0.023081794
0.0,4.734373e-08
0.0,3.8485527e-05
0.0,0.00030663685
0.0,1.7991676e-11
0.0,2.9642263e-06
0.0,0.00016194182
0.0,7.920874e-06
0.0,0.20084576
0.0,0.011222595
0.0,4.387147e-12
0.0,3.3827637e-06
0.0,0.084856525
0.0,1.9562492e-13
0.0,9.624318e-07
0.0,0.05202438
0.0,0.18299717
0.0,0.07526198
0.0,8.9776144e-08
0.0,1.3806306e-11
0.0,0.024632346
0.0,2.1868291e-07
1.0,1.0
0.0,0.026739538
0.0,6.004972e-10
0.0,5.2421353e-07
0.0,0.0093400115
0.0,0.03132036
0.0,2.5434193e-12
0.0,8.498659e-14
0.0,0.02263868
0.0,1.5532303e-18
0.0,2.3224744e-05
0.0,4.0987964e-09
0.0,0.39270967
0.0,0.010931189
1.0,0.29016536
0.0,2.1176739e-08
0.0,9.104642e-07
0.0,8.3075224e-10
0.0,1.7059948e-06
0.0,5.769556e-09
0.0,2.387577e-08
0.0,1.3171599e-07
0.0,3.5020324e-07
0.0,4.461195e-06
0.0,0.001886736
1.0,0.99941885
0.0,7.840984e-11
0.0,0.15540162
0.0,0.012575423
0.0,0.054009255
0.0,1.4502859e-06
1.0,1.0
0.0,0.023816418
1.0,0.3083498
1.0,1.0
0.0,0.090235144
0.0,2.7642695e-16
0.0,5.680518e-13
0.0,2.0491502e-17
0.0,0.07782594
0.0,3.4582037e-08
0.0,0.08644243
0.0,4.616687e-06
0.0,0.07525406
0.0,9.2632086e-17
0.0,0.0017581386
1.0,0.17425755
1.0,1.0
0.0,5.996869e-07
0.0,6.104873e-07
0.0,6.271952e-06
0.0,1.2526341e-07
0.0,0.014965336
0.0,1.029122e-05
0.0,1.387021e-07
0.0,7.341247e-07
1.0,0.17196497
0.0,4.162541e-07
0.0,9.339547e-06
0.0,0.09398078
0.0,1.6563819e-13
0.0,7.337795e-15
0.0,1.8725481e-06
0.0,7.336334e-05
0.0,3.726024e-12
0.0,3.934724e-19
0.0,3.2134698e-10
0.0,3.9351994e-06
0.0,3.0719118e-13
0.0,7.695248e-16
0.0,1.4078607e-08
0.0,2.0246127e-06
0.0,0.0002109675
0.0,1.1118665e-16
0.0,0.013107822
1.0,1.0
0.0,0.0002331083
0.0,0.022806134
1.0,1.0
0.0,0.0016292888
1.0,0.2816098
0.0,0.011925383
1.0,1.0
0.0,2.6498938e-06
0.0,0.14980905
0.0,0.018041922
1.0,0.99885464
0.0,0.003650108
0.0,0.11445682
0.0,2.1813921e-06
1.0,1.0
0.0,4.226756e-07
0.0,0.0001655449
0.0,0.16678567
0.0,3.656055e-07
0.0,1.1724125e-18
0.0,3.459919e-08
0.0,1.7677385e-05
0.0,2.1403364e-08
0.0,1.5970608e-14
0.0,0.036715165
0.0,3.5590874e-16
0.0,7.081059e-16
0.0,0.01243905
1.0,1.0
0.0,5.1924067e-16
0.0,0.13354577
0.0,2.2195343e-05
0.0,1.3834746e-05
0.0,0.50912046
0.0,0.0001584341
0.0,3.4028595e-05
0.0,0.05543538
0.0,2.340451e-19
0.0,0.13727194
0.0,0.005293426
0.0,0.00013758722
0.0,9.13779e-13
0.0,1.692133e-06
0.0,0.047898315
0.0,0.04068434
0.0,3.0460479e-09
0.0,9.13045e-06
0.0,0.000107929416
0.0,0.05756492
0.0,9.5243644e-07
0.0,0.29888046
0.0,0.17898479
0.0,0.27542844
0.0,0.00014553985
0.0,0.1542923
0.0,0.01994699
0.0,0.0019211491
0.0,3.259883e-09
1.0,1.0
1.0,1.0
0.0,0.119879566
0.0,0.11853262
0.0,0.053379588
0.0,1.3283639e-09
0.0,1.1078585e-05
0.0,0.21042456
0.0,0.022004832
0.0,9.2475375e-08
0.0,5.606878e-06
0.0,3.533945e-08
0.0,4.8857887e-14
0.0,0.023985539
0.0,0.009341087
0.0,1.9799419e-11
0.0,1.2891542e-15
0.0,0.42181864
1.0,0.31404957
0.0,5.165076e-08
0.0,3.0891712e-07
0.0,4.742489e-06
0.0,7.514836e-09
0.0,3.317484e-06
0.0,0.013694224
1.0,1.0
0.0,8.7707e-09
1.0,1.0
0.0,0.43829563
0.0,0.001448211
0.0,7.8534504e-05
0.0,1.9363142e-10
0.0,4.5616577e-09
0.0,7.466689e-07
0.0,9.3517665e-05
0.0,1.0451261e-08
0.0,0.1904389
0.0,7.1476936e-14
0.0,2.9806656e-14
0.0,1.0123371e-13
1.0,1.0
0.0,3.829029e-06
0.0,1.7938156e-06
0.0,2.2668018e-13
0.0,0.06702108
0.0,4.7542903e-06
0.0,2.9405571e-09
0.0,0.21173958
0.0,1.9979678e-09
0.0,0.3318745
0.0,1.3104554e-07
0.0,3.606395e-05
0.0,0.11403856
0.0,0.019004414
0.0,0.023355724
0.0,0.10323047
0.0,8.3930675e-17
0.0,0.034941457
0.0,0.073853225
0.0,3.6172028e-13
0.0,0.030766245
1.0,1.0
0.0,0.025511581
0.0,2.0869636e-11
0.0,2.1351478e-14
0.0,2.89951e-13
0.0,5.046983e-07
0.0,1.8744959e-11
0.0,0.06408879
0.0,0.0031873519
0.0,1.9302597e-06
0.0,2.6885666e-05
0.0,1.0333225e-08
0.0,0.011873785
0.0,1.4485965e-09
0.0,0.114217386
0.0,0.018720113
0.0,3.345076e-05
0.0,3.4055243e-05
1.0,1.0
0.0,0.1856894
0.0,1.4631674e-08
0.0,9.077602e-06
0.0,4.0576342e-05
0.0,3.8378985e-05
1.0,1.0
0.0,4.2686327e-08
1.0,1.0
0.0,3.989311e-09
0.0,5.8779915e-07
0.0,0.007623716
0.0,4.2644892e-06
0.0,0.016900573
0.0,5.068249e-07
0.0,5.141447e-08
1.0,1.0
0.0,0.0023082772
0.0,1.5034992e-15
0.0,0.20561601
1.0,1.0
0.0,0.117898405
0.0,1.1742471e-05
0.0,5.306789e-08
0.0,2.5256808e-10
0.0,4.934663e-05
0.0,4.1131466e-11
0.0,0.048046276
0.0,8.182919e-11
0.0,9.90515e-06
0.0,0.27600938
1.0,0.0800312
0.0,6.9763278e-06
0.0,0.029050384
1.0,0.9999995
0.0,0.031855565
0.0,2.4590785e-10
0.0,0.09219658
0.0,3.3098152e-10
0.0,3.5155077e-07
1.0,0.9978727
0.0,0.0018851928
0.0,0.04281641
0.0,2.0533345e-05
0.0,0.32942
0.0,0.008857548
0.0,5.4753324e-14
0.0,1.8180406e-05
1.0,1.0
0.0,8.602361e-11
0.0,4.037285e-16
0.0,1.0858995e-05
0.0,2.1347432e-06
0.0,8.3186353e-07
0.0,0.20939197
0.0,2.6728102e-07
0.0,3.1933375e-10
0.0,0.13933839
0.0,0.017842943
0.0,5.496691e-17
0.0,3.1440955e-16
0.0,0.0034585271
0.0,3.0906803e-15
0.0,3.528348e-08
0.0,1.8425559e-09
0.0,0.06364875
0.0,0.044787645
0.0,2.4347888e-05
0.0,0.0016179507
1.0,1.0
0.0,1.2632055e-18
0.0,0.030501379
0.0,0.06300884
0.0,3.2380735e-06
0.0,2.8319944e-08
0.0,7.844661e-06
0.0,0.0002762461
0.0,0.019050164
0.0,1.6754237e-18
0.0,1.5524922e-05
0.0,2.6942256e-13
1.0,0.99907297
0.0,2.8759649e-12
0.0,5.518774e-09
0.0,0.043301553
0.0,0.075951256
0.0,0.11362477
0.0,3.8115988e-06
0.0,6.195727e-08
0.0,0.02369022
0.0,9.034283e-12
0.0,0.32504416
1.0,0.15245202
0.0,0.024923958
0.0,0.031219352
0.0,3.859954e-05
0.0,8.673643e-13
0.0,1.8654771e-06
0.0,2.8899869e-12
0.0,0.004464381
1.0,0.26236776
0.0,0.20516282
0.0,2.8537432e-08
0.0,0.013944502
0.0,9.173931e-05
0.0,0.059207037
1.0,1.0
0.0,1.3294909e-06
0.0,0.06724368
0.0,0.047306374
0.0,1.0696787e-07
1.0,1.0
1.0,0.2519429
0.0,0.1895823
0.0,0.024601283
0.0,4.5335532e-06
0.0,1.3737118e-15
0.0,6.900065e-06
0.0,4.921997e-06
0.0,0.0029757675
0.0,0.2414758
0.0,0.05999012
0.0,0.025667854
0.0,0.024712108
0.0,0.020710606
0.0,0.0041566207
0.0,0.002061816
0.0,1.5536355e-07
0.0,1.9204547e-06
0.0,0.05796685
0.0,2.0164923e-06
0.0,0.0037035195
0.0,0.003434575
0.0,1.6019173e-06
0.0,0.034298338
0.0,0.2378732
0.0,0.019322809
1.0,1.0
0.0,0.060960717
0.0,2.0521622e-13
0.0,0.17154595
0.0,3.5911484e-13
0.0,0.018653797
0.0,7.316987e-14
0.0,1.3409379e-15
0.0,0.16649723
1.0,0.07692303
0.0,0.16257426
0.0,5.335218e-07
0.0,0.02872155
1.0,0.9998961
0.0,5.083153e-10
0.0,0.19396797
0.0,0.018830461
0.0,0.06521457
0.0,0.15301216
0.0,0.14615199
0.0,0.13525352
0.0,0.14202303
0.0,4.8785694e-07
0.0,0.14059712
0.0,9.603481e-05
0.0,7.1137115e-06
0.0,0.0013145452
0.0,1.7192283e-08
0.0,3.2404923e-06
0.0,0.04652061
0.0,0.021742787
0.0,0.13026536
0.0,0.00021348475
0.0,2.29164e-05
0.0,2.5466462e-09
0.0,0.012242414
0.0,2.4960087e-09
0.0,0.00011583549
0.0,0.058733378
0.0,0.20029853
0.0,8.8274795e-12
0.0,7.544034e-07
0.0,0.020444315
0.0,0.0075926827
0.0,0.0034915805
0.0,2.1694875e-10
1.0,1.0
0.0,0.013360979
0.0,9.745894e-05
0.0,6.014109e-13
0.0,2.555189e-10
0.0,2.7957422e-14
0.0,0.029343106
0.0,1.5012369e-09
0.0,1.7403125e-05
1.0,0.11102402
0.0,3.919895e-06
0.0,0.044143386
0.0,0.36889756
0.0,1.3073328e-17
0.0,0.42237124
0.0,1.6223359e-09
0.0,0.102175996
0.0,9.687843e-06
0.0,2.9846035e-09
0.0,5.954855e-06
0.0,4.9494615e-06
0.0,5.3921593e-19
0.0,0.009783345
0.0,0.0006749152
0.0,0.026658306
0.0,0.00269678
1.0,1.0
0.0,1.4877972e-05
0.0,0.07623059
0.0,1.5004525e-06
0.0,0.018921671
1.0,0.18998869
0.0,1.7928244e-10
0.0,0.000305953
1.0,0.25258142
0.0,0.19610502
0.0,0.0005199168
0.0,1.1062651e-09
0.0,0.019943928
0.0,1.6090464e-05
0.0,0.03271678
0.0,0.089967124
0.0,5.891053e-09
0.0,0.26856318
0.0,0.12993908
0.0,3.913554e-13
0.0,5.1090506e-08
0.0,0.1344215
0.0,8.016033e-12
0.0,0.00017577905
0.0,1.5792173e-07
0.0,3.0756704e-09
0.0,2.5170127e-06
0.0,0.0053871954
0.0,1.1160759e-12
0.0,0.048283163
0.0,0.0013164203
0.0,7.486072e-12
0.0,0.001933915
0.0,0.2790989
0.0,8.096887e-07
0.0,1.5337804e-06
0.0,0.42905593
0.0,0.014156706
0.0,0.001337734
0.0,0.07943259
1.0,1.0
0.0,0.054089297
0.0,0.14591242
0.0,0.013766648
0.0,3.139628e-05
0.0,1.5383434e-06
0.0,0.016883977
0.0,4.0433693e-10
0.0,0.0028890448
0.0,3.529724e-10
0.0,0.009705042
0.0,0.00031556803
0.0,0.13480073
0.0,0.18292707
0.0,5.3084864e-10
1.0,1.0
0.0,0.020726591
0.0,3.1582203e-16
0.0,3.5622095e-06
0.0,0.0024070228
0.0,1.5087309e-10
0.0,6.194362e-07
0.0,0.013613071
0.0,4.6040467e-11
0.0,0.0055958545
0.0,8.0249185e-09
0.0,1.0699447e-09
1.0,1.0
0.0,0.00021346296
0.0,2.5015352e-05
0.0,1.7994591e-07
0.0,5.757429e-06
0.0,0.05770341
0.0,0.010500871
0.0,0.005684705
1.0,0.26468107
0.0,1.1077923e-19
0.0,0.15636855
0.0,8.744453e-10
0.0,0.14086802
0.0,0.22944976
1.0,0.34892142
0.0,1.4969808e-06
0.0,2.5396443e-19
1.0,0.21078585
0.0,0.0024809027
0.0,8.4436255e-07
0.0,3.3692338e-08
0.0,0.003819716
1.0,1.0
0.0,3.7189707e-06
0.0,6.48207e-07
0.0,0.011720972
0.0,6.0755717e-10
0.0,1.8610236e-10
0.0,5.8783553e-06
0.0,0.00066880096
0.0,0.02042077
0.0,1.1502787e-05
0.0,6.4162435e-07
0.0,0.07386323
0.0,5.0812196e-05
0.0,1.4037536e-06
0.0,0.01720631
0.0,0.0026069328
0.0,7.955355e-15
0.0,5.5845017e-08
0.0,0.16967845
0.0,6.3795e-09
0.0,2.158509e-06
0.0,1.628516e-05
1.0,0.9999574
0.0,0.0032610463
0.0,3.31227e-08
0.0,0.29812908
0.0,0.01503688
0.0,0.0012733229
0.0,1.7865857e-16
0.0,0.008318041
0.0,9.016515e-06
0.0,0.019886313
0.0,0.024049256
0.0,7.414005e-18
0.0,7.065147e-07
0.0,1.4935355e-06
0.0,1.8041283e-06
0.0,1.8378421e-06
0.0,3.3485896e-06
0.0,2.2079821e-07
0.0,3.522519e-06
0.0,0.033219915
0.0,2.0048954e-07
0.0,1.2754136e-08
0.0,5.768037e-09
0.0,2.880135e-06
0.0,0.23945267
0.0,7.793793e-11
0.0,3.1326167e-08
0.0,8.080087e-08
0.0,4.6454336e-15
0.0,7.7014165e-06
0.0,2.390155e-05
0.0,5.8000755e-09
1.0,1.0
0.0,1.0248666e-12
0.0,8.9128265e-13
0.0,3.5634057e-05
0.0,4.7080255e-05
0.0,2.2909591e-10
0.0,0.02964913
0.0,1.414188e-08
0.0,0.050127216
0.0,0.019230613
0.0,9.5802e-08
0.0,2.2982087e-12
0.0,3.5003773e-06
0.0,3.979483e-17
0.0,1.0345018e-12
0.0,8.243004e-07
0.0,0.026490701
0.0,7.195459e-10
0.0,2.4201195e-06
0.0,3.1317717e-09
0.0,0.017069437
0.0,0.2610059
0.0,0.14061897
0.0,0.12326512
0.0,0.1921355
0.0,1.1529689e-06
0.0,0.058471803
0.0,6.9498255e-06
0.0,0.038298834
0.0,2.0901245e-13
0.0,0.35915983
0.0,2.0447037e-06
0.0,7.506028e-07
0.0,3.471286e-05
0.0,0.08084126
0.0,1.7249605e-15
0.0,4.1274722e-12
0.0,5.2647704e-07
0.0,0.024899203
0.0,0.10577927
0.0,0.0027257425
0.0,7.931273e-09
0.0,1.608456e-08
0.0,4.219347e-14
0.0,0.014770377
0.0,4.938262e-07
0.0,0.01554599
0.0,0.02348307
0.0,0.0006392605
0.0,4.4480824e-08
0.0,6.2657577e-09
0.0,0.0115101375
0.0,0.0256808
0.0,2.3728644e-06
0.0,0.001331923
0.0,0.025824672
0.0,0.00050894066
0.0,0.00045147576
0.0,2.7958727e-12
0.0,2.5551367e-07
0.0,2.384353e-10
0.0,6.755391e-19
0.0,1.2813502e-10
1.0,0.52195
0.0,0.05547293
0.0,2.5924018e-12
0.0,2.4626296e-08
1.0,1.0
0.0,0.04482638
0.0,6.9001124e-11
0.0,0.028272763
0.0,0.00424394
0.0,4.3502567e-07
0.0,1.6269594e-05
0.0,0.060298987
0.0,1.5329892e-06
0.0,1.4811009e-19
0.0,0.015207475
0.0,0.015186996
0.0,1.0771694e-08
0.0,0.12722114
1.0,0.5294468
0.0,5.7004687e-20
0.0,5.353981e-07
0.0,5.020589e-07
0.0,0.08789322
0.0,6.040066e-14
0.0,1.2960107e-06
0.0,0.05526863
0.0,0.009813883
0.0,0.009964933
0.0,5.294588e-07
0.0,5.5287124e-08
1.0,0.16986586
0.0,1.4456011e-14
1.0,1.0
0.0,0.06252653
1.0,0.029396338
0.0,0.0016047194
0.0,0.05291264
0.0,0.0038823795
0.0,0.29136595
0.0,8.046164e-05
0.0,3.7796345e-13
1.0,0.0880057
0.0,9.2944555e-11
0.0,4.0916573e-13
0.0,1.6399852e-05
0.0,4.7238584e-14
0.0,3.2541964e-06
0.0,7.2210526e-08
0.0,9.432423e-13
0.0,7.301639e-05
0.0,2.3688657e-15
0.0,0.20592214
0.0,0.04379269
0.0,7.745012e-14
0.0,1.2578806e-05
0.0,7.542827e-08
0.0,0.08192644
0.0,0.015940664
0.0,7.2802965e-07
0.0,5.137176e-06
0.0,2.0543357e-06
0.0,8.718235e-11
0.0,0.001188875
0.0,1.2106666e-06
0.0,0.0023615293
0.0,3.5501027e-05
0.0,1.0059722e-12
0.0,1.4934679e-05
0.0,0.051425464
0.0,0.024101874
0.0,0.06645889
0.0,2.3051369e-15
0.0,3.7552758e-16
0.0,0.07137495
0.0,0.165318
0.0,7.6663366e-14
0.0,0.2744094
1.0,0.62287116
0.0,2.1402642e-11
0.0,0.01330907
0.0,0.00019050954
0.0,0.13244493
0.0,0.00015020504
0.0,2.495607e-05
0.0,0.0035052751
0.0,8.237777e-15
0.0,6.9929875e-08
0.0,0.031274606
0.0,0.0017078082
0.0,0.014868788
0.0,0.0012526957
0.0,0.0001890159
0.0,0.17745903
0.0,3.6115235e-16
0.0,0.3137717
0.0,1.0846696e-16
1.0,1.0
0.0,4.393274e-10
0.0,0.04353113
0.0,1.3084497e-18
0.0,0.098396674
0.0,1.618107e-05
0.0,0.00035900835
0.0,0.089147635
0.0,2.523399e-07
0.0,5.5318194e-10
0.0,0.012072856
0.0,2.100309e-15
0.0,0.003781099
0.0,0.00011765885
0.0,4.6112692e-07
0.0,2.3154442e-07
0.0,2.5997355e-15
0.0,2.5528007e-06
0.0,2.0322182e-14
0.0,0.013726541
1.0,1.0
0.0,1.966453e-11
0.0,1.5050299e-06
0.0,0.0046051214
1.0,1.0
0.0,0.13479944
0.0,0.011623977
0.0,0.009314839
0.0,0.011023447
0.0,0.029580086
0.0,0.24354082
0.0,0.0058194213
0.0,0.00011056617
0.0,1.3952417e-10
0.0,0.00020810419
1.0,0.26174486
0.0,4.2606354e-13
0.0,5.9551963e-10
0.0,0.041488294
0.0,3.8401287e-09
0.0,8.967738e-09
1.0,1.0
1.0,0.07682456
0.0,9.3748514e-07
1.0,1.0
0.0,0.008379397
0.0,0.06907767
0.0,0.17880876
0.0,0.19420324
0.0,1.4640317e-05
0.0,9.940057e-09
0.0,0.40555236
0.0,2.607999e-12
0.0,1.6939977e-06
0.0,2.514089e-07
0.0,0.4063446
0.0,0.113793865
0.0,6.5108215e-05
0.0,5.8578514e-10
0.0,1.0394146e-12
1.0,1.0
0.0,4.4787507e-14
0.0,5.6284603e-05
0.0,0.0009804766
0.0,4.8807557e-08
0.0,2.8929437e-06
0.0,1.9782838e-08
0.0,9.8346405e-05
0.0,0.12710892
0.0,0.16347183
0.0,1.5176153e-16
0.0,3.5225626e-13
1.0,1.0
1.0,1.0
0.0,0.006730382
0.0,7.443752e-20
0.0,5.4437944e-05
0.0,0.10740162
0.0,1.400809e-14
0.0,9.35339e-06
0.0,2.6066154e-09
0.0,1.6347599e-17
0.0,0.040972162
0.0,0.37747243
0.0,0.00048101632
0.0,0.055195123
0.0,6.9873587e-09
0.0,6.359887e-13
0.0,0.03754472
0.0,0.12991704
0.0,2.0012371e-06
0.0,0.1491298
0.0,4.2040712e-05
0.0,0.031855028
0.0,4.8425477e-07
0.0,4.686868e-05
0.0,0.119344935
0.0,0.4615175
0.0,5.0348895e-06
0.0,1.1054017e-05
0.0,3.4556268e-11
0.0,0.1630069
0.0,4.2014492e-10
0.0,1.5483974e-13
0.0,0.06331978
0.0,0.009766543
0.0,0.076332726
0.0,2.8822067e-06
0.0,0.051976822
0.0,0.037428524
0.0,1.2579549e-17
0.0,0.2865024
0.0,0.015646381
0.0,3.7443044e-08
0.0,1.7423614e-13
0.0,0.010504377
0.0,0.05972666
0.0,0.011034466
0.0,0.050172858
0.0,2.3022775e-11
0.0,0.055780444
0.0,0.013940476
0.0,2.0878547e-06
0.0,7.1897307e-07
0.0,0.059887595
0.0,0.02005772
1.0,0.9999957
0.0,0.06138264
0.0,0.026453916
0.0,0.0005940939
0.0,0.18906695
0.0,2.6364687e-06
0.0,1.6194644e-12
0.0,9.541605e-06
0.0,0.044869415
0.0,0.030723562
0.0,2.4560043e-07
0.0,0.16787268
0.0,2.2595735e-07
0.0,5.238121e-10
0.0,0.096434735
0.0,0.083348535
0.0,0.024817076
0.0,1.7508392e-10
0.0,0.14835632
0.0,4.6689058e-07
0.0,3.9319514e-07
0.0,4.66773e-10
0.0,8.379955e-09
0.0,3.6034424e-05
0.0,3.7466629e-07
0.0,0.035831884
0.0,0.057170827
0.0,0.005008675
0.0,0.00016185846
0.0,1.4569454e-07
0.0,0.022873633
0.0,0.00024962207
0.0,8.2852644e-08
1.0,0.11648108
0.0,3.9409413e-12
0.0,8.363538e-06
0.0,2.1561708e-14
0.0,0.004222445
0.0,0.042956818
0.0,2.4364595e-13
0.0,0.017242007
0.0,0.0036766725
0.0,0.09608266
0.0,6.219834e-08
0.0,0.013861053
0.0,8.573448e-12
0.0,4.0764382e-16
0.0,0.0732957
0.0,8.563794e-07
0.0,3.588596e-12
0.0,1.5604679e-06
0.0,0.00017417256
0.0,0.06043052
0.0,0.0046464796
1.0,1.0
0.0,3.620016e-18
0.0,3.5822522e-11
0.0,3.29155e-08
0.0,0.024827195
0.0,0.1020144
0.0,7.813936e-06
0.0,9.842683e-06
0.0,1.868758e-16
0.0,0.05613611
0.0,2.8696757e-08
0.0,1.8234059e-06
1.0,1.0
0.0,5.9264814e-05
0.0,6.080945e-08
1.0,0.998937
0.0,3.617999e-06
0.0,0.0031088039
0.0,1.1279184e-09
0.0,1.4483362e-14
0.0,1.3603062e-13
0.0,3.828166e-12
0.0,0.06954083
0.0,5.4348988e-05
0.0,0.00020692634
0.0,1.5499286e-09
0.0,2.4893526e-13
0.0,1.0371571e-06
0.0,0.030468503
0.0,3.3013562e-06
0.0,0.0045318794
1.0,1.0
0.0,0.08426822
0.0,3.721031e-12
0.0,1.5380235e-11
0.0,3.7226244e-17
0.0,0.089068554
0.0,1.0561255e-12
0.0,0.15121183
0.0,2.0869814e-13
0.0,1.3393051e-06
1.0,0.9999364
0.0,1.1795399e-08
0.0,3.1763361e-13
0.0,3.6064706e-12
1.0,0.2677899
0.0,0.0065919203
0.0,0.023370149
0.0,0.011887364
0.0,0.0037371207
0.0,0.02446349
0.0,5.3894093e-17
0.0,5.840578e-11
0.0,0.0048170313
1.0,1.0
0.0,0.0019568647
0.0,0.17337546
0.0,5.674296e-05
0.0,0.023177246
0.0,0.021667207
0.0,7.1294215e-10
0.0,0.23498721
0.0,0.16206357
0.0,5.2847313e-06
0.0,1.09005705e-05
0.0,0.00019381079
0.0,1.2324815e-13
1.0,1.0
0.0,0.00428954
1.0,1.0
0.0,0.3629413
0.0,0.8255285
0.0,0.35634506
0.0,0.010892323
0.0,1.597007e-16
0.0,2.84993e-07
0.0,0.08370741
0.0,9.1435587e-10
0.0,3.9941087e-06
0.0,1.187427e-08
1.0,1.0
0.0,0.020903613
0.0,5.2467362e-06
0.0,0.029160451
0.0,0.00011095474
0.0,9.734014e-09
0.0,5.433135e-06
0.0,6.0334906e-07
1.0,0.06333631
0.0,1.8494754e-12
0.0,6.738726e-05
0.0,0.021645727
0.0,1.7034348e-10
0.0,0.02348273
0.0,1.0715166e-18
0.0,1.6436242e-20
0.0,3.924611e-08
0.0,0.042855393
0.0,2.6475237e-12
0.0,2.2001628e-05
0.0,0.021815388
0.0,0.04251421
0.0,0.01831621
0.0,0.0045797685
0.0,1.02689496e-10
0.0,0.002117412
0.0,4.0027793e-13
0.0,0.5406467
0.0,0.03442037
0.0,2.7676917e-06
0.0,0.02883766
0.0,4.8897135e-14
0.0,1.3968912e-08
0.0,2.9502482e-17
0.0,0.0021953254
0.0,1.7457416e-05
0.0,2.1627923e-08
0.0,0.07858076
0.0,0.022088863
0.0,6.7628747e-10
0.0,0.0031450044
0.0,0.0077110454
0.0,4.030181e-20
0.0,0.00439261
1.0,0.3130657
0.0,0.016277077
1.0,0.14771275
1.0,0.16539331
0.0,0.03399266
0.0,0.00023285262
0.0,0.018296286
0.0,1.4377158e-06
0.0,0.09841149
0.0,0.19931035
0.0,0.00025485427
0.0,0.018495474
0.0,0.00012952978
0.0,4.9379844e-07
0.0,1.9911291e-05
0.0,8.9330655e-07
0.0,9.925684e-19
0.0,0.015131219
0.0,8.3876785e-07
0.0,0.244438
0.0,2.1828882e-08
0.0,0.013600587
1.0,0.9999972
0.0,1.6468358e-06
0.0,0.036211956
0.0,0.11435634
1.0,0.04980309
0.0,0.05700687
0.0,0.0013734472
0.0,0.00010681585
0.0,2.6706404e-12
0.0,6.656806e-05
0.0,0.00038830758
0.0,4.321864e-10
0.0,3.1058642e-07
1.0,1.0
0.0,7.731446e-05
0.0,0.0014269167
0.0,0.02158706
0.0,0.013337665
0.0,1.6071437e-12
0.0,0.0060187154
0.0,6.531562e-05
0.0,0.00030133568
0.0,0.024780825
0.0,1.0080555e-10
0.0,0.010732157
1.0,1.0
0.0,2.8695663e-08
0.0,2.083231e-06
0.0,0.028576838
0.0,0.0036153311
0.0,0.012280196
1.0,1.0
0.0,2.1174511e-16
1.0,1.0
0.0,0.03881662
0.0,0.24794269
0.0,9.172507e-07
0.0,6.1247265e-05
0.0,0.0027622178
0.0,0.25127402
0.0,2.7454917e-08
0.0,0.00013161727
0.0,0.06021834
1.0,0.99999994
0.0,0.0019022396
1.0,0.99994606
1.0,0.9999306
0.0,4.502706e-07
0.0,5.0545033e-18
0.0,0.13577576
0.0,4.6022155e-06
0.0,0.007984531
0.0,0.00015910642
0.0,3.458817e-08
0.0,4.286134e-11
0.0,0.015987355
0.0,0.043404613
0.0,7.1034704e-13
1.0,0.014837705
0.0,1.35805585e-05
0.0,0.1429406
0.0,1.7811251e-05
0.0,0.018151073
0.0,5.4389915e-08
1.0,0.11055162
0.0,0.009880968
0.0,5.6861907e-12
0.0,4.2032086e-11
1.0,1.0
0.0,6.1540555e-09
1.0,1.0
0.0,1.222566e-06
0.0,0.17751186
0.0,1.3913278e-06
0.0,1.5360301e-05
0.0,8.004727e-12
0.0,0.063811205
0.0,3.2625308e-10
0.0,0.4429502
0.0,4.715344e-05
0.0,8.613074e-06
0.0,2.2479446e-06
0.0,3.4768814e-15
0.0,0.030038582
0.0,1.8678684e-15
0.0,2.7780174e-05
0.0,0.009916576
0.0,8.5753413e-07
0.0,3.2518372e-08
0.0,0.0002903485
0.0,0.0042483266
0.0,0.04993331
0.0,0.089656256
0.0,0.0075550494
0.0,3.925387e-07
1.0,0.999798
0.0,1.0203085e-12
0.0,6.620477e-11
0.0,0.1321037
0.0,0.18772979
0.0,0.009167853
0.0,0.1586701
0.0,1.0211764e-09
0.0,0.019668346
0.0,0.03857613
0.0,0.13348916
0.0,2.3582577e-05
1.0,0.13815467
1.0,0.024810836
0.0,1.0721373e-06
0.0,0.15410222
0.0,1.8568191e-13
0.0,5.588925e-06
0.0,0.31201717
0.0,1.0770769e-12
0.0,0.011460062
0.0,0.06158914
1.0,0.35229525
0.0,0.019166633
0.0,1.4924015e-12
0.0,1.1651469e-11
0.0,1.4998214e-15
0.0,3.5816063e-09
1.0,1.0
0.0,0.33907762
0.0,0.009041434
0.0,0.030225074
1.0,1.0
0.0,2.5244068e-15
0.0,0.000112931935
1.0,0.5555934
0.0,4.7934087e-11
0.0,0.001167906
0.0,0.09231481
0.0,2.8868134e-12
0.0,0.42133802
0.0,2.6829745e-17
0.0,4.500968e-06
0.0,1.9409306e-08
0.0,1.2039533e-10
0.0,0.0033347413
0.0,2.6072444e-08
0.0,0.015461362
0.0,0.0008121073
0.0,0.39740688
0.0,9.465946e-13
0.0,0.00017615825
0.0,2.7983907e-16
0.0,4.302331e-07
0.0,0.010985547
0.0,6.278266e-07
0.0,7.7562793e-13
0.0,2.6607881e-06
0.0,1.937578e-06
0.0,2.024507e-11
0.0,0.0025369478
0.0,0.33224964
0.0,0.00014127565
0.0,2.5686947e-11
0.0,0.06376331
0.0,0.00012139004
0.0,4.66632e-15
0.0,0.008727126
0.0,8.105726e-09
0.0,0.027218344
0.0,0.00027284806
0.0,7.776703e-07
0.0,0.25447085
0.0,2.340454e-06
0.0,2.0647092e-05
0.0,0.016170569
0.0,3.3650416e-11
1.0,0.1532299
0.0,0.96736586
0.0,1.1012461e-09
0.0,0.00014795779
0.0,5.2207013e-11
0.0,2.930217e-16
0.0,3.398193e-06
0.0,8.257293e-06
0.0,0.00013720464
0.0,0.18992454
0.0,2.8428254e-10
0.0,1.8553378e-11
0.0,3.2248545e-13
1.0,1.0
0.0,7.309133e-07
0.0,2.5906074e-12
0.0,0.07576765
0.0,0.001224898
0.0,8.828369e-09
0.0,0.033679295
0.0,4.118845e-16
0.0,2.3017794e-06
0.0,1.23251075e-05
0.0,9.0753965e-10
0.0,1.3346966e-15
0.0,2.1879676e-10
1.0,0.12574269
0.0,1.8443507e-06
0.0,0.17250912
1.0,0.12890907
0.0,2.2971036e-09
1.0,1.0
0.0,1.1618853e-06
0.0,0.00016999341
0.0,0.20931727
0.0,0.06725853
0.0,3.2430234e-15
0.0,5.314768e-06
0.0,5.797918e-09
0.0,0.0359456
0.0,0.28580603
0.0,1.5869976e-10
1.0,0.9981966
0.0,6.340681e-09
0.0,0.004033863
0.0,2.1931071e-13
0.0,3.6111766e-07
0.0,1.3843659e-06
0.0,1.5928045e-11
0.0,0.007680274
0.0,0.03934629
0.0,0.0042997613
0.0,8.7250455e-06
0.0,8.359122e-09
0.0,5.0372795e-09
0.0,1.338544e-07
0.0,0.05328952
1.0,0.15552582
0.0,1.6426382e-05
1.0,0.17925937
0.0,3.011927e-13
0.0,1.7189443e-10
0.0,3.5586672e-07
1.0,0.9998485
0.0,0.009428542
0.0,1.621706e-15
0.0,0.0001526207
1.0,1.0
0.0,4.397106e-06
0.0,0.017844066
0.0,9.984803e-10
0.0,0.11636563
0.0,0.037523642
0.0,8.499702e-06
0.0,2.9032843e-05
0.0,2.0685782e-05
0.0,3.0221667e-08
0.0,0.001602161
0.0,2.7733227e-08
0.0,0.010936129
0.0,5.326215e-07
0.0,0.029942589
0.0,0.03708243
0.0,7.059625e-06
0.0,0.0076286215
0.0,0.21424983
0.0,7.83662e-15
0.0,0.24071336
0.0,0.1051915
0.0,7.954471e-12
0.0,0.38186327
0.0,0.0024203048
0.0,0.013813124
0.0,0.0015047023
0.0,6.744196e-07
0.0,0.06531509
0.0,2.7385383e-07
0.0,0.051336188
0.0,2.3252323e-06
1.0,1.0
0.0,1.120431e-09
0.0,6.526115e-16
0.0,5.435498e-06
0.0,1.5276028e-09
1.0,1.0
0.0,8.030281e-05
0.0,0.005863342
0.0,2.1134023e-14
0.0,1.838699e-07
0.0,0.006300515
0.0,1.024383e-06
1.0,0.29346558
0.0,0.0015826065
0.0,8.409046e-06
0.0,0.04928212
0.0,0.1397726
0.0,0.030419147
0.0,9.245936e-06
0.0,0.0017240177
0.0,0.13715197
0.0,2.7658843e-06
0.0,5.3624376e-07
0.0,6.465853e-08
0.0,1.9808288e-06
0.0,2.7513374e-11
0.0,8.9856185e-11
0.0,1.7904894e-15
0.0,0.019467121
0.0,0.29699934
0.0,9.4398445e-08
0.0,0.11077143
0.0,1.6822565e-06
0.0,7.0656064e-10
0.0,0.0028945692
0.0,0.00019491921
0.0,0.039203126
0.0,0.0014939692
0.0,1.4026916e-10
0.0,0.038185827
0.0,0.008790716
0.0,3.7759433e-05
0.0,9.664994e-20
0.0,1.3074034e-12
0.0,8.4463036e-13
0.0,0.28763363
0.0,0.14511131
0.0,1.183549e-12
0.0,1.9688844e-06
0.0,0.0022396557
0.0,1.9489366e-06
0.0,0.18538116
1.0,1.0
0.0,0.08364061
0.0,0.108305916
0.0,1.4861868e-15
0.0,1.3631219e-06
0.0,1.0246789e-08
0.0,1.157064e-14
0.0,1.0964091e-16
0.0,0.007240576
0.0,2.0354039e-13
1.0,0.9911741
0.0,1.6413466e-16
0.0,1.0639952e-05
0.0,0.017948616
0.0,5.5176088e-08
0.0,0.08636671
0.0,0.10219676
0.0,0.045748442
0.0,2.029596e-10
0.0,0.33211437
0.0,8.5934694e-08
0.0,6.6198615e-13
0.0,0.0068791737
0.0,0.022087345
0.0,7.9688817e-19
0.0,0.064454034
0.0,0.009597542
0.0,3.7270513e-07
1.0,0.287182
0.0,1.5505585e-06
0.0,2.0621334e-09
0.0,3.5450648e-06
0.0,1.6179196e-07
0.0,1.1562094e-08
0.0,0.2672408
0.0,8.278187e-16
0.0,4.0123257e-05
0.0,1.9779625e-09
1.0,1.0
0.0,0.0600934
0.0,0.021013536
0.0,0.033347994
0.0,6.0223024e-06
1.0,0.59981865
0.0,0.046809934
0.0,0.015060895
1.0,0.27167654
0.0,2.0703224e-05
0.0,0.0038128037
0.0,0.012205727
0.0,1.099049e-13
0.0,0.013804451
0.0,2.0280797e-06
0.0,1.9198633e-07
0.0,6.4495307e-09
0.0,9.488e-09
0.0,2.0086494e-14
0.0,0.011488375
0.0,2.173895e-06
1.0,0.42433044
1.0,1.0
0.0,1.9578142e-16
0.0,0.07975212
0.0,4.8447782e-06
0.0,0.00019614222
0.0,0.04617721
1.0,1.0
0.0,5.2342315e-11
0.0,5.3657986e-06
0.0,5.9097587e-05
0.0,5.2423642e-11
1.0,0.06755307
0.0,5.4476045e-06
0.0,0.010079917
0.0,7.019835e-08
0.0,1.0984902e-06
0.0,0.039782967
0.0,2.0935097e-07
0.0,1.6536639e-13
0.0,2.9900778e-07
0.0,9.44378e-10
0.0,0.054624524
0.0,0.06562058
0.0,4.567639e-09
0.0,4.1667771e-16
0.0,2.622505e-16
0.0,1.7944346e-15
0.0,0.042493105
0.0,0.036416803
0.0,2.3212322e-05
1.0,1.0
0.0,0.11771257
0.0,0.003223593
0.0,0.042447686
0.0,0.06485089
0.0,4.4406923e-07
1.0,1.0
1.0,1.0
0.0,7.609181e-08
0.0,0.1498488
0.0,5.394924e-16
0.0,3.0117224e-08
0.0,0.0029998822
0.0,0.12326337
0.0,2.9418768e-06
0.0,7.255975e-14
0.0,0.19796473
0.0,5.854411e-07
0.0,0.010919333
0.0,9.975733e-15
0.0,0.0002204289
0.0,0.16868775
0.0,0.021725163
0.0,8.764364e-08
0.0,0.010269352
0.0,1.4018777e-06
0.0,0.00032204262
0.0,5.651322e-06
0.0,0.24596891
1.0,0.999026
0.0,1.4721797e-14
0.0,1.2176407e-06
0.0,0.22460479
0.0,0.043176692
0.0,5.778083e-06
0.0,0.14303806
0.0,0.029179923
0.0,0.051241472
0.0,5.19466e-14
0.0,1.512238e-09
0.0,1.3719784e-06
0.0,0.38647223
0.0,0.00016083708
0.0,0.19327869
0.0,0.13464332
0.0,0.069506586
0.0,0.01302907
0.0,1.0734886e-07
0.0,0.16074805
0.0,8.7881324e-07
0.0,1.0510574e-08
0.0,0.15681145
0.0,0.15929893
0.0,3.3416435e-07
0.0,4.7353257e-07
0.0,0.059957415
0.0,1.6170421e-11
0.0,1.573927e-10
0.0,6.9244317e-07
0.0,1.3327799e-05
1.0,0.21463205
0.0,6.765392e-13
0.0,2.0821822e-13
0.0,2.1781008e-16
0.0,7.2100025e-05
0.0,0.028232533
0.0,0.057969578
0.0,0.020978983
0.0,0.102437034
0.0,1.2146241e-05
0.0,0.049566887
0.0,0.036464933
0.0,4.5913813e-16
0.0,4.519691e-05
0.0,1.4270525e-07
0.0,0.00850082
0.0,2.8429977e-11
0.0,0.24891998
0.0,5.249555e-05
0.0,2.808789e-14
0.0,7.1983905e-08
1.0,1.0
0.0,6.730235e-05
0.0,2.303848e-09
0.0,5.360141e-10
0.0,0.09395316
0.0,1.6310045e-05
0.0,0.0625332
0.0,3.7534524e-14
0.0,0.10218484
0.0,0.18158628
0.0,0.010457442
0.0,0.056344178
0.0,6.691187e-15
0.0,2.199445e-13
0.0,0.16214082
0.0,1.8450682e-07
0.0,0.017468236
0.0,2.5164993e-06
0.0,0.0014558757
0.0,1.4462727e-08
0.0,0.003952127
0.0,0.009361121
0.0,6.1486817e-06
0.0,4.7401183e-05
0.0,0.006304454
0.0,2.3698686e-12
0.0,1.5076696e-13
0.0,3.585514e-10
0.0,0.1332294
0.0,0.006677131
1.0,0.11826889
0.0,1.2592694e-05
0.0,6.2771067e-13
0.0,0.35002822
0.0,0.0020700507
0.0,1.8042007e-05
0.0,0.0045927754
0.0,3.9453238e-07
0.0,0.0153554985
1.0,0.22943285
0.0,3.961482e-05
1.0,1.0
0.0,1.4482823e-08
0.0,0.12737748
0.0,3.408949e-05
0.0,6.852335e-07
0.0,1.1782065e-06
0.0,1.2854214e-07
0.0,5.795751e-09
0.0,0.046758816
0.0,5.5369637e-12
0.0,0.00033380024
1.0,0.9844027
0.0,1.6286122e-11
0.0,0.026989955
0.0,0.12090557
0.0,2.3751672e-06
0.0,0.00022243777
0.0,5.7945915e-20
0.0,0.122121595
0.0,2.4563857e-08
0.0,0.08668264
0.0,4.4188247e-12
0.0,0.018960763
0.0,8.284673e-10
0.0,0.007187604
0.0,1.3712473e-09
1.0,0.9928449
0.0,0.006973231
0.0,1.5147847e-08
1.0,1.0
0.0,3.0208844e-07
0.0,3.4614875e-09
0.0,1.118768e-06
0.0,6.540091e-07
0.0,0.018873578
0.0,0.028998708
0.0,1.1926325e-06
0.0,9.310414e-06
0.0,0.33658034
0.0,1.5208399e-13
0.0,0.03248597
0.0,1.6257749e-08
0.0,2.71974e-11
0.0,7.498179e-07
0.0,0.011583861
0.0,2.203576e-14
0.0,0.0031553223
0.0,1.7879614e-10
0.0,3.4962683e-10
0.0,9.515884e-07
0.0,0.04657959
0.0,1.5756952e-12
0.0,0.012100823
0.0,8.099969e-18
0.0,0.11003143
0.0,0.030118775
0.0,9.359937e-15
0.0,0.0039575985
0.0,2.504994e-06
0.0,4.697915e-16
0.0,6.395422e-05
0.0,1.5062101e-06
0.0,5.5334312e-05
0.0,0.15104273
0.0,0.07497257
0.0,0.015597157
0.0,4.911121e-07
0.0,0.04003488
0.0,0.0022313457
0.0,0.15031044
0.0,9.363672e-11
0.0,0.14947711
0.0,6.4682485e-15
0.0,6.3934356e-05
0.0,7.6798606e-10
0.0,7.436805e-05
0.0,0.062351122
0.0,0.34186164
0.0,0.2485206
0.0,8.7285116e-07
0.0,1.2421965e-14
0.0,0.0003945625
0.0,1.1993106e-13
0.0,0.018106569
0.0,0.0031858282
0.0,3.138296e-06
1.0,1.0
0.0,1.016369e-09
0.0,3.318052e-05
0.0,0.074901536
0.0,0.05984645
0.0,1.1792957e-14
0.0,0.08000265
0.0,1.393047e-15
1.0,1.0
0.0,2.4618574e-09
0.0,9.971591e-07
0.0,1.0044038e-12
1.0,1.0
0.0,0.0042086774
0.0,0.020757632
0.0,0.010830975
0.0,1.189012e-14
0.0,4.0844217e-09
0.0,1.1481246e-08
0.0,5.950015e-05
0.0,3.2031632e-08
0.0,1.2504866e-05
1.0,0.05675498
0.0,1.8910971e-06
1.0,1.0
1.0,0.77901053
0.0,1.9453905e-15
0.0,0.15563072
0.0,1.7804595e-08
0.0,1.0205537e-12
1.0,1.0
0.0,9.128214e-12
0.0,0.01583112
0.0,0.04138757
0.0,0.020632597
0.0,1.6024941e-08
1.0,1.0
0.0,0.007555267
0.0,6.5165324e-07
0.0,1.4508658e-18
0.0,0.23805761
0.0,5.012538e-11
0.0,0.09461454
0.0,0.40734524
0.0,5.6902817e-08
0.0,4.874417e-10
0.0,4.196736e-11
0.0,2.0653986e-05
0.0,2.2419904e-06
0.0,0.15161459
0.0,0.21367292
0.0,3.089861e-05
0.0,1.2634965e-05
0.0,8.229331e-14
0.0,1.3867576e-06
0.0,0.003065712
0.0,1.2091345e-08
0.0,1.7126133e-05
0.0,0.002167635
1.0,1.0
0.0,0.0010311202
0.0,1.1992659e-14
0.0,6.919389e-09
0.0,1.2320156e-10
0.0,0.17347844
1.0,0.22610296
0.0,5.9901026e-13
0.0,7.437239e-05
0.0,1.4110279e-15
0.0,8.431043e-10
0.0,0.18933912
0.0,2.1590192e-06
1.0,1.0
0.0,0.20453477
0.0,6.1054644e-17
1.0,0.13092336
0.0,1.8316832e-09
0.0,0.034953255
0.0,0.000864102
0.0,5.517589e-07
1.0,1.0
0.0,3.1960913e-06
0.0,4.8743355e-13
0.0,1.1758317e-11
0.0,0.020212669
0.0,1.5305613e-07
0.0,8.1096635e-10
0.0,6.3767434e-06
0.0,0.00053634855
0.0,4.3653604e-06
0.0,0.110958956
0.0,1.1486217e-08
0.0,8.02558e-11
0.0,0.00011428967
0.0,0.051439643
0.0,0.0021746685
0.0,8.510818e-12
0.0,5.396666e-07
1.0,0.9917209
0.0,0.0336118
0.0,1.1366727e-05
0.0,0.0014925863
0.0,0.00016518508
0.0,6.886388e-07
0.0,0.015727976
1.0,1.0
0.0,1.5556911e-10
0.0,0.2107121
0.0,0.041162375
0.0,8.142958e-05
0.0,0.0076078516
0.0,2.1779658e-14
0.0,7.290232e-20
0.0,0.3369538
0.0,0.16058506
0.0,1.5325712e-05
0.0,2.9922471e-09
1.0,1.0
0.0,0.021097576
1.0,1.0
0.0,3.02093e-10
0.0,8.549572e-08
0.0,0.092263475
0.0,0.23358849
0.0,0.06826102
1.0,0.19102901
0.0,0.0023333994
0.0,1.585716e-06
0.0,0.13494503
0.0,0.008949715
0.0,1.2919157e-08
0.0,2.6273483e-11
0.0,0.0019792577
0.0,4.736874e-12
0.0,6.4375777e-06
0.0,7.889388e-07
1.0,0.8232935
0.0,2.4694405e-08
0.0,1.2436592e-06
0.0,8.8148077e-16
1.0,0.5697558
0.0,0.0017487265
1.0,1.0
0.0,2.4390856e-10
0.0,1.8939129e-07
0.0,0.045307186
1.0,1.0
0.0,3.2804334e-10
0.0,0.0055668484
0.0,0.00023130918
0.0,0.17582543
0.0,0.0043592807
0.0,1.9633713e-05
1.0,0.26269484
0.0,0.08546415
0.0,2.7420892e-05
0.0,1.9653344e-16
0.0,0.0013728797
0.0,0.14672616
0.0,0.02523828
0.0,1.0119888e-07
0.0,3.8671044e-13
0.0,1.5901035e-10
0.0,0.029288014
0.0,5.7066103e-05
0.0,0.10069358
0.0,3.3675549e-06
0.0,0.20479566
0.0,0.087316565
0.0,0.14969248
0.0,1.816037e-07
0.0,9.984102e-09
0.0,0.32395682
0.0,3.1250245e-05
0.0,3.3022967e-08
0.0,3.4975434e-05
0.0,6.598156e-17
0.0,4.835891e-14
0.0,0.032004472
0.0,1.9604418e-05
0.0,3.879467e-15
0.0,8.896513e-19
0.0,0.12045367
0.0,0.13689163
0.0,6.6134285e-06
0.0,2.2561543e-11
0.0,0.054941796
0.0,2.1958252e-08
0.0,1.6221513e-07
0.0,8.228899e-08
0.0,0.505958
0.0,0.023493057
0.0,8.053005e-13
0.0,1.3465864e-08
0.0,4.1426073e-12
0.0,2.2910958e-09
0.0,0.25603232
0.0,3.380341e-13
0.0,0.013531664
0.0,0.06003242
0.0,4.7939916e-06
0.0,3.8101687e-14
0.0,4.273176e-07
0.0,1.691033e-14
0.0,1.9828701e-06
0.0,0.034638762
0.0,0.0032811842
0.0,3.8638247e-16
0.0,0.03363174
0.0,6.190311e-18
0.0,1.859197e-06
0.0,4.5852503e-18
1.0,1.0
0.0,0.0020799486
0.0,6.354236e-10
0.0,0.018280087
0.0,1.4321121e-05
0.0,1.9591633e-08
0.0,2.2394389e-14
0.0,3.8661047e-14
0.0,2.5619882e-13
0.0,1.3073361e-05
0.0,2.519408e-12
0.0,0.0073985807
0.0,1.5019463e-05
0.0,1.8767047e-06
0.0,0.0007132543
0.0,0.18766023
0.0,5.1966113e-06
0.0,6.3357968e-09
0.0,0.0020621784
0.0,1.2953487e-14
0.0,0.3343114
0.0,0.00038876466
0.0,1.0073086e-16
0.0,0.048114475
0.0,3.0463478e-18
1.0,0.99999994
0.0,0.0018026511
0.0,0.00024671952
0.0,5.8534783e-07
0.0,2.0077822e-08
0.0,3.7260775e-10
0.0,0.008741898
1.0,1.0
0.0,8.312749e-15
0.0,8.5656495e-09
0.0,0.0536517
0.0,0.46596828
0.0,0.013062267
0.0,2.9247929e-06
0.0,7.15538e-08
0.0,2.0140462e-07
0.0,1.5134514e-06
1.0,1.0
0.0,1.1163779e-09
0.0,2.2893885e-06
0.0,1.5184828e-05
0.0,5.704033e-14
0.0,8.203691e-06
0.0,1.0011346e-06
0.0,0.010154189
0.0,5.2223724e-05
0.0,1.6793424e-06
0.0,0.030671893
0.0,0.16771364
0.0,0.014739836
1.0,1.0
0.0,1.3255163e-17
0.0,0.07810904
0.0,2.065027e-06
1.0,1.0
0.0,0.13439186
1.0,1.0
0.0,0.049046908
0.0,4.3702923e-05
0.0,5.3153863e-06
0.0,0.015241328
0.0,0.05843169
0.0,1.9470842e-06
0.0,2.8888387e-06
0.0,0.013716421
0.0,4.573987e-12
0.0,1.9070864e-15
0.0,5.646596e-14
0.0,1.2377415e-09
0.0,0.066282324
0.0,0.07357656
0.0,0.06555411
0.0,2.1084124e-06
0.0,0.039644483
0.0,0.0037543841
0.0,0.22269416
0.0,0.00032064563
0.0,0.32099316
0.0,0.007190987
0.0,0.06486061
1.0,1.0
0.0,1.7420189e-10
0.0,1.1403559e-14
1.0,1.0
0.0,0.014034241
0.0,0.012789139
0.0,3.410449e-06
0.0,1.5777595e-14
0.0,7.447641e-05
0.0,6.5013865e-07
1.0,1.0
1.0,1.0
0.0,2.952931e-11
0.0,9.3105776e-08
0.0,1.5396526e-11
0.0,4.8175857e-06
0.0,3.0398034e-05
0.0,0.11393778
1.0,0.23690934
0.0,0.02995957
0.0,4.939598e-06
0.0,0.035999533
0.0,8.485659e-09
0.0,0.1815524
0.0,1.8088831e-06
0.0,4.3652267e-13
0.0,1.9684347e-15
0.0,8.319979e-12
0.0,3.1601537e-06
0.0,1.358386e-15
0.0,4.0831574e-17
0.0,3.5383905e-06
0.0,9.43732e-05
0.0,9.934629e-07
0.0,1.7454463e-08
0.0,3.5800795e-06
1.0,1.0
0.0,0.070958056
0.0,0.022211881
0.0,0.017763112
0.0,0.052542713
0.0,0.13599487
0.0,0.19826531
0.0,0.13404949
0.0,0.0003365131
0.0,1.1477614e-11
0.0,0.05327979
1.0,1.0
0.0,1.5837105e-06
0.0,1.3473628e-05
0.0,2.7590814e-12
0.0,5.1061755e-12
0.0,3.0741125e-15
0.0,5.0337807e-18
0.0,1.3829733e-08
1.0,0.06820214
0.0,0.0018842565
0.0,0.00081466965
0.0,0.07309618
1.0,1.0
1.0,0.2221428
0.0,1.3291526e-16
0.0,2.7657532e-07
0.0,1.304636e-08
0.0,0.016051447
0.0,0.048338432
0.0,8.458609e-09
0.0,0.16732195
0.0,0.090434544
0.0,6.617876e-11
1.0,0.19583096
1.0,1.0
0.0,2.9720346e-07
0.0,2.926607e-14
1.0,1.0
0.0,0.08399815
1.0,0.25854585
0.0,8.776201e-06
0.0,0.14207466
0.0,2.8351853e-05
0.0,0.06391992
0.0,0.14963108
0.0,8.636231e-14
0.0,7.4828527e-06
0.0,0.021179229
0.0,0.0034926408
0.0,7.750976e-06
0.0,0.08330372
0.0,0.1655215
0.0,1.0418636e-09
0.0,0.010748613
0.0,0.08190818
0.0,0.069090284
1.0,1.0
0.0,0.00010014754
0.0,3.540118e-15
0.0,0.014129293
0.0,1.8827562e-06
0.0,0.09951113
0.0,1.9814876e-14
0.0,1.1200861e-05
0.0,0.005936638
0.0,3.2210967e-06
0.0,8.904542e-15
0.0,4.357494e-11
0.0,0.13621922
0.0,5.2223253e-15
0.0,0.028828822
1.0,1.0
0.0,0.082233995
1.0,0.9999997
0.0,0.011168655
0.0,0.025761718
0.0,2.0628374e-16
0.0,0.17775157
0.0,3.316532e-11
0.0,0.01025521
0.0,0.029279841
0.0,0.008165999
0.0,0.06325457
1.0,1.0
1.0,0.36197588
0.0,2.857438e-06
0.0,3.7647095e-18
0.0,1.5328242e-16
0.0,4.1704446e-14
0.0,1.923298e-15
0.0,1.4735944e-08
0.0,3.8014846e-08
0.0,8.734977e-06
0.0,0.053650994
0.0,7.1895516e-09
0.0,0.0010146643
0.0,3.5183157e-06
0.0,0.10548087
0.0,0.2428221
0.0,3.2415855e-17
0.0,0.0014967126
0.0,3.549753e-07
0.0,0.19992428
0.0,0.058089618
0.0,5.179945e-11
0.0,0.006307769
0.0,5.6141317e-14
0.0,0.027957726
0.0,0.20630828
0.0,2.6773864e-10
0.0,0.21790703
0.0,8.155585e-08
0.0,0.038359024
0.0,0.2621378
0.0,5.56754e-05
0.0,0.0002867764
0.0,0.0030709777
0.0,0.033288773
0.0,0.115061074
0.0,0.19208091
0.0,2.9011312e-17
0.0,0.26189303
0.0,4.8537605e-15
0.0,0.031910196
0.0,0.048873726
0.0,1.2940091e-13
0.0,1.095086e-13
0.0,0.04624637
0.0,7.9446943e-07
0.0,0.00015007563
0.0,3.927568e-09
0.0,0.012720101
0.0,1.6203878e-05
0.0,0.058198504
0.0,7.627303e-12
0.0,9.176037e-10
0.0,3.5353276e-06
0.0,8.253632e-06
0.0,0.08729026
0.0,8.571864e-06
1.0,1.0
0.0,1.8101515e-11
0.0,5.31692e-16
0.0,1.1624868e-07
0.0,0.19988063
0.0,0.0053086635
0.0,3.002734e-08
0.0,0.06666806
0.0,0.021210166
0.0,5.2997416e-06
0.0,0.009122902
0.0,0.18550147
0.0,1.014843e-08
0.0,2.427318e-16
0.0,0.0027771662
0.0,2.579073e-11
0.0,0.0036203105
0.0,8.218356e-05
0.0,0.011100666
0.0,3.2828895e-16
0.0,7.746633e-19
0.0,0.13038509
0.0,4.3873495e-15
0.0,1.8109736e-11
0.0,6.728398e-16
0.0,0.042791013
0.0,0.040479902
1.0,1.0
0.0,1.768463e-10
0.0,0.027666496
0.0,7.492157e-19
1.0,1.0
1.0,1.0
0.0,7.7195557e-07
0.0,2.4188408e-05
0.0,3.1865513e-15
0.0,0.018378392
0.0,0.14274757
0.0,0.020431735
0.0,1.495849e-09
0.0,1.0991708e-09
0.0,0.018581066
0.0,0.000119997014
0.0,0.03645699
0.0,1.2985571e-06
0.0,0.035969786
1.0,1.0
0.0,5.042895e-05
0.0,0.1673516
0.0,0.017540224
0.0,0.0032544932
0.0,1.981186e-06
0.0,0.040994663
0.0,0.038073026
0.0,8.629689e-15
0.0,5.4658545e-07
0.0,0.015459676
0.0,5.0331516e-13
0.0,4.5477715e-05
0.0,0.017592806
0.0,0.03489543
0.0,4.5383635e-07
0.0,1.5258406e-07
0.0,0.1342301
0.0,4.4761964e-05
0.0,8.34176e-06
0.0,0.057153907
1.0,1.0
0.0,5.4333427e-11
0.0,5.1877014e-05
1.0,0.2823082
0.0,0.00968367
0.0,0.024088023
0.0,0.062003165
0.0,0.40150186
0.0,9.819993e-07
0.0,0.31546548
1.0,1.0
0.0,0.14995863
0.0,1.01914225e-07
0.0,0.00012715673
0.0,2.0219841e-10
0.0,0.026148846
0.0,5.338647e-08
0.0,1.6763278e-06
0.0,0.012627064
0.0,0.0026185757
0.0,0.00011685171
0.0,0.006089782
0.0,7.6431604e-08
0.0,0.0001654256
0.0,0.1518887
0.0,1.8766992e-06
0.0,3.2673715e-09
0.0,1.919382e-05
0.0,7.2341e-07
0.0,0.032505974
0.0,0.0017719127
0.0,2.0372496e-16
0.0,1.6500555e-05
0.0,0.0018615527
0.0,2.265385e-05
0.0,0.045606945
0.0,1.2063308e-12
0.0,2.1884368e-06
0.0,0.054533236
0.0,0.06331521
0.0,0.01097107
0.0,1.8122435e-16
0.0,0.019620879
1.0,1.0
0.0,6.856489e-06
0.0,5.9897525e-06
0.0,0.00071319885
1.0,0.18515581
0.0,2.9564463e-15
0.0,3.466029e-08
0.0,0.105595045
0.0,0.00024664382
0.0,2.6763794e-11
0.0,5.3222134e-06
0.0,0.00028709043
0.0,1.6902597e-13
0.0,3.3123143e-08
0.0,3.547267e-09
1.0,0.41198224
0.0,3.5058795e-06
1.0,1.0
0.0,0.03820435
0.0,5.6776196e-07
0.0,0.008956324
0.0,9.323102e-06
0.0,5.6496947e-07
0.0,0.14286828
0.0,1.0364589e-08
0.0,0.0006447692
0.0,0.016304163
0.0,5.03848e-07
0.0,9.062385e-07
0.0,2.3142302e-07
0.0,0.31487277
0.0,0.0054134345
0.0,1.6031452e-12
0.0,1.4759434e-05
1.0,1.0
0.0,1.9302629e-14
0.0,7.233919e-06
0.0,0.16792862
0.0,0.030391198
0.0,6.8294474e-11
0.0,4.5427896e-06
1.0,1.0
0.0,0.25525373
0.0,0.25637436
1.0,0.16170965
0.0,7.150022e-11
0.0,2.3596283e-10
0.0,0.051715985
0.0,0.20210658
0.0,1.1183005e-05
0.0,0.033478927
0.0,9.324271e-10
0.0,4.810796e-10
0.0,0.0099340025
0.0,7.265952e-06
0.0,2.8431746e-16
0.0,0.019603632
0.0,0.003641628
0.0,0.081522696
0.0,0.015293288
0.0,8.4689884e-07
0.0,1.4115267e-10
0.0,0.024873642
1.0,1.0
0.0,0.0071396357
0.0,9.902461e-12
0.0,6.50273e-06
0.0,0.00015499552
0.0,0.032888345
0.0,0.0021625417
0.0,0.058861747
0.0,0.0012718524
0.0,0.0006723319
0.0,6.3050625e-14
0.0,1.41033366e-11
0.0,0.082989804
0.0,0.09992322
0.0,3.681326e-10
0.0,0.056945026
0.0,0.021016741
0.0,5.822929e-14
0.0,0.016943814
0.0,0.008183053
0.0,2.300381e-05
0.0,0.21464308
0.0,2.716967e-06
0.0,0.00018734096
0.0,1.939682e-05
0.0,2.6675513e-08
0.0,9.826882e-15
0.0,3.115656e-16
0.0,6.463836e-05
0.0,0.017940892
0.0,6.4724943e-15
0.0,0.3072092
0.0,4.939849e-10
0.0,0.014742488
0.0,9.815079e-05
0.0,6.2996755e-06
0.0,5.5176356e-06
0.0,0.033974323
0.0,0.008077849
0.0,3.002738e-09
0.0,0.032522067
0.0,0.0003443323
1.0,1.0
0.0,0.13608024
0.0,0.21338366
0.0,2.8341047e-13
0.0,5.629231e-06
0.0,1.0665558e-06
0.0,0.008245282
0.0,2.4136702e-09
0.0,0.10402757
0.0,6.0413145e-06
1.0,0.105125114
0.0,2.3966886e-15
0.0,0.3195978
0.0,2.1096861e-07
0.0,7.904889e-09
0.0,0.06651876
0.0,0.076615125
0.0,9.927119e-05
0.0,0.15231626
0.0,2.884075e-11
0.0,0.00422925
0.0,0.17623815
0.0,0.00014444308
0.0,2.093785e-06
0.0,0.06298021
0.0,1.8709835e-16
1.0,0.9995248
0.0,0.048673403
0.0,2.9819428e-05
0.0,2.1252026e-07
0.0,0.03972611
0.0,3.296775e-09
0.0,1.1425536e-09
0.0,0.0027359927
0.0,4.3448804e-06
0.0,1.2058524e-12
0.0,0.016594281
0.0,0.01689682
1.0,0.99932677
0.0,2.3487013e-08
0.0,1.3415406e-05
0.0,0.020230716
0.0,0.0130674755
0.0,3.210273e-05
0.0,3.2987434e-13
0.0,0.03093285
0.0,7.129197e-08
0.0,5.8291323e-09
1.0,1.0
0.0,0.051620275
0.0,5.0655935e-14
0.0,0.011376302
0.0,0.021176767
0.0,0.06183546
0.0,0.0049982173
0.0,2.7486713e-19
0.0,0.06869729
0.0,0.002485963
0.0,0.03591431
0.0,0.00015097194
0.0,2.0438887e-13
0.0,0.46711534
1.0,1.0
0.0,1.1026359e-12
0.0,0.2139752
0.0,1.9588815e-06
0.0,2.7507065e-06
0.0,0.03554781
0.0,2.8981423e-18
0.0,6.66394e-19
0.0,0.14370862
0.0,1.9630103e-10
0.0,0.04959468
0.0,1.9005183e-06
0.0,0.02515282
0.0,2.4651928e-10
0.0,6.836149e-10
0.0,7.891699e-15
0.0,0.01342701
0.0,1.41205e-07
0.0,0.013206878
0.0,3.2547332e-06
1.0,0.99873906
0.0,0.20783809
0.0,1.0634058e-09
0.0,0.03447802
0.0,1.6074024e-14
0.0,5.741172e-06
0.0,0.6821933
0.0,0.08683258
0.0,1.7486267e-10
0.0,0.07239408
0.0,6.088053e-14
0.0,4.466444e-06
0.0,0.01244253
0.0,0.18869843
0.0,3.4853573e-13
0.0,0.120131284
0.0,0.09918168
0.0,1.1236287e-06
0.0,1.4687183e-07
0.0,0.15994412
1.0,0.21662506
0.0,0.006266965
0.0,0.001657303
0.0,6.8297977e-06
0.0,6.136188e-10
0.0,0.050191317
0.0,4.402124e-07
0.0,3.18073e-10
0.0,2.2243819e-14
0.0,0.04550408
0.0,6.446492e-16
0.0,0.06431126
0.0,4.8939247e-10
0.0,0.036609113
0.0,2.262673e-05
0.0,3.0145424e-09
0.0,0.012388495
1.0,1.0
0.0,0.06467221
0.0,2.707083e-13
0.0,1.2257226e-05
0.0,0.07120472
0.0,5.775218e-08
0.0,0.0057623577
1.0,1.0
0.0,0.083907
0.0,0.0187061
0.0,0.059136648
0.0,1.9424583e-18
0.0,0.070054516
0.0,1.585367e-10
0.0,2.8774258e-07
0.0,2.5116245e-10
0.0,2.3445685e-07
0.0,0.033335444
0.0,0.010816299
0.0,4.766727e-05
0.0,3.2895275e-12
0.0,0.10412247
0.0,0.0036771516
0.0,0.06776945
0.0,1.504517e-12
1.0,0.25415292
0.0,0.19337142
0.0,5.5148393e-13
0.0,0.028631207
0.0,0.2996349
0.0,5.5040146e-06
0.0,8.946358e-06
0.0,0.00024275722
0.0,0.005764516
0.0,0.00024958997
0.0,4.9857823e-11
0.0,3.0803474e-11
0.0,0.07966871
0.0,2.0509466e-05
0.0,0.05377765
0.0,3.2541286e-10
0.0,0.13019551
0.0,1.7731125e-05
1.0,0.23508853
0.0,5.9370643e-05
0.0,0.0004929775
0.0,0.0778709
0.0,1.9944324e-14
0.0,4.512812e-10
0.0,0.11310273
0.0,0.024929281
0.0,9.36066e-06
0.0,0.051814504
0.0,0.0069222734
0.0,5.726822e-06
0.0,0.022128213
0.0,3.6809715e-07
0.0,1.7718492e-18
1.0,0.09994479
0.0,4.9669016e-08
0.0,0.55612236
0.0,0.015105161
0.0,0.40887392
0.0,8.116475e-05
0.0,0.0005101172
0.0,0.0004955477
0.0,0.00033623012
0.0,2.1066014e-10
0.0,5.1957477e-07
0.0,1.1835262e-13
0.0,1.6849459e-06
0.0,7.693722e-07
0.0,0.030440582
0.0,0.022671228
1.0,0.9990466
0.0,4.301003e-06
0.0,1.7553442e-05
0.0,5.6898745e-07
0.0,0.005043934
0.0,8.6923047e-10
0.0,0.15176308
0.0,0.033055786
0.0,5.1535824e-08
1.0,1.0
0.0,0.005266781
0.0,2.3033096e-11
0.0,3.4717215e-10
0.0,0.13470884
0.0,0.022970345
0.0,0.024320712
1.0,1.0
0.0,0.002508332
0.0,4.03571e-06
0.0,7.764143e-08
0.0,0.0028357494
0.0,4.1326775e-13
0.0,0.0029253124
0.0,0.10127135
0.0,6.3848574e-08
0.0,7.6200577e-16
0.0,0.023782736
0.0,1.5154241e-06
0.0,4.1644487e-12
0.0,0.09078078
0.0,1.0638409e-05
0.0,1.0696731e-05
0.0,0.25938028
0.0,1.16516475e-11
0.0,0.37072185
0.0,0.08069021
0.0,4.368134e-13
0.0,0.0017801889
0.0,2.2443955e-05
0.0,0.0052115615
0.0,1.9257992e-13
0.0,1.267502e-05
1.0,1.0
0.0,0.03966058
0.0,1.1564683e-14
0.0,4.0979698e-16
1.0,1.0
0.0,0.0331979
1.0,0.9978466
0.0,2.4956657e-07
0.0,3.6643005e-15
0.0,9.187468e-18
0.0,2.2034593e-13
0.0,0.08086102
0.0,0.040501494
0.0,5.873137e-09
0.0,0.011030457
0.0,3.8984447e-20
0.0,4.6336461e-07
1.0,0.9996193
1.0,1.0
0.0,9.36048e-14
0.0,1.1058436e-12
0.0,3.017987e-10
0.0,0.06331592
0.0,1.0575789e-12
0.0,1.1673972e-09
0.0,0.13131088
0.0,0.027543211
0.0,1.27942e-06
0.0,1.5448574e-13
0.0,0.004049979
0.0,0.0056758756
0.0,1.081051e-16
0.0,5.8301274e-11
0.0,1.1940813e-06
1.0,0.028916162
0.0,0.11843686
0.0,6.0950413e-05
0.0,6.440501e-06
0.0,0.038379114
0.0,0.3008603
0.0,1.6545097e-05
0.0,1.7035354e-05
0.0,0.1361584
0.0,0.11028449
0.0,0.003734645
0.0,0.068794586
0.0,0.039105143
0.0,0.10278935
1.0,1.0
0.0,2.970706e-05
0.0,0.048218764
0.0,0.2326746
0.0,0.0718277
0.0,0.12413648
0.0,9.222454e-05
0.0,1.0668254e-08
0.0,0.003948712
0.0,0.16936655
0.0,7.159094e-12
0.0,4.6852274e-06
0.0,2.1117363e-09
0.0,2.1605552e-14
0.0,0.03192539
0.0,6.0269695e-10
0.0,0.001511679
0.0,2.4715053e-11
0.0,4.1287454e-20
0.0,0.022624727
0.0,2.3898718e-07
0.0,1.23075985e-08
0.0,5.5706147e-05
1.0,0.17252271
0.0,0.011045745
0.0,0.18420123
0.0,0.10504064
0.0,3.7980633e-05
0.0,0.10175448
0.0,1.5766032e-05
0.0,0.029151743
0.0,1.1275748e-12
0.0,5.2827145e-05
0.0,0.043849364
0.0,1.3277365e-08
0.0,1.885187e-05
0.0,2.4803865e-05
0.0,2.1393933e-09
0.0,0.013826981
0.0,3.2609163e-12
0.0,8.590419e-07
0.0,1.1256434e-11
1.0,1.0
1.0,0.29306647
0.0,0.20395118
0.0,0.015161475
1.0,1.0
0.0,8.963378e-08
0.0,0.09511363
0.0,8.5139715e-11
0.0,0.10971342
0.0,0.16201468
0.0,1.2231293e-06
0.0,2.9383506e-07
0.0,4.698587e-08
0.0,3.8513388e-08
0.0,0.12386712
0.0,2.4244556e-11
0.0,3.7548212e-10
0.0,2.7851873e-05
0.0,3.7126258e-05
0.0,0.19522554
0.0,1.9303115e-13
0.0,1.1625919e-05
0.0,1.9383855e-08
0.0,0.19384553
0.0,0.0018990745
0.0,0.0003748013
0.0,2.9200724e-05
0.0,0.06668691
0.0,0.028453922
0.0,0.052163515
0.0,0.0010971903
0.0,1.3143951e-11
0.0,0.11397598
0.0,1.2860989e-11
0.0,0.060330503
0.0,0.000104753744
0.0,2.5753636e-17
0.0,1.596625e-06
0.0,1.6485323e-12
0.0,4.176979e-07
0.0,0.024215085
1.0,1.0
1.0,1.0
0.0,1.6694191e-08
0.0,6.8589632e-15
0.0,0.010068575
0.0,1.0830811e-06
0.0,5.22695e-06
0.0,0.0026935306
0.0,0.5882968
0.0,0.10676904
0.0,4.4427932e-07
0.0,5.077781e-06
0.0,4.092492e-20
0.0,2.2076149e-10
0.0,0.076176584
0.0,0.0013317441
0.0,8.362646e-07
1.0,1.0
0.0,5.0486644e-05
0.0,8.5542307e-10
0.0,0.17941672
0.0,0.017963171
1.0,1.0
0.0,0.05213721
0.0,4.4640987e-05
0.0,1.3073696e-07
0.0,8.8286746e-05
0.0,2.8358568e-07
0.0,0.00087989744
0.0,6.5976874e-10
0.0,2.683799e-07
0.0,0.015379574
1.0,1.0
0.0,0.0058047324
0.0,0.005714283
0.0,9.657325e-13
0.0,0.071162425
0.0,0.0109131755
0.0,0.028322969
0.0,0.009895571
0.0,3.3619297e-06
1.0,1.0
0.0,3.5269457e-13
0.0,0.0033153957
0.0,3.2295844e-05
0.0,0.004080036
0.0,9.384256e-14
0.0,2.2453776e-06
0.0,1.641242e-10
0.0,0.0036086112
1.0,1.0
0.0,2.6515167e-05
0.0,3.0465608e-07
0.0,3.9674982e-11
0.0,0.00018923375
0.0,1.0058717e-10
0.0,1.4979474e-07
0.0,1.935962e-05
0.0,4.2887672e-07
0.0,1.3667113e-10
0.0,7.571561e-14
0.0,0.22747609
0.0,9.584907e-10
0.0,2.170485e-10
0.0,0.044286665
0.0,2.7530938e-12
0.0,2.1538817e-05
0.0,0.10575242
0.0,4.5170764e-06
0.0,3.4826985e-07
1.0,0.99999857
0.0,8.333965e-13
0.0,1.2085038e-06
0.0,1.01017924e-16
0.0,0.008681399
0.0,3.2880226e-07
0.0,1.2705875e-07
0.0,8.977529e-06
0.0,1.7629758e-05
0.0,2.5876543e-12
0.0,0.00026601308
0.0,9.815526e-07
0.0,0.13059546
0.0,1.074985e-09
0.0,4.0548525e-06
0.0,3.4208188e-14
0.0,0.53681445
1.0,0.9999968
0.0,2.269072e-14
0.0,0.18870561
0.0,2.0501993e-08
0.0,0.012018508
0.0,1.5830132e-10
0.0,0.31338504
0.0,1.0002975e-11
0.0,0.00014672747
0.0,0.0037340363
0.0,0.05839716
0.0,0.4754472
0.0,6.7129945e-06
0.0,3.665285e-12
0.0,2.9230765e-07
0.0,0.04058636
0.0,0.2865156
0.0,0.004347974
0.0,1.4358537e-05
0.0,0.0032446166
0.0,0.041477997
0.0,9.2683255e-18
0.0,0.07177969
0.0,1.9065745e-06
0.0,1.3677759e-06
1.0,1.0
0.0,4.098996e-14
0.0,0.14292422
0.0,0.088596135
0.0,1.0503135e-05
0.0,2.6749536e-16
1.0,0.0886416
0.0,1.485847e-06
0.0,0.0045425827
0.0,0.0002608526
0.0,0.058672667
0.0,2.7665473e-13
0.0,7.169737e-20
0.0,0.015632229
0.0,6.781461e-07
0.0,2.783656e-06
0.0,1.6144573e-18
0.0,4.4275822e-08
0.0,6.19774e-15
0.0,0.27595994
0.0,0.09470492
0.0,0.017161774
0.0,7.347432e-10
0.0,4.9196474e-19
0.0,3.0146097e-05
1.0,0.21528855
0.0,2.0125444e-12
0.0,0.016855398
1.0,1.0
0.0,9.0925347e-13
0.0,0.22502695
0.0,0.017120004
0.0,0.006016203
0.0,2.5531579e-05
0.0,9.517509e-07
0.0,0.023868697
0.0,6.210991e-12
1.0,0.075485066
0.0,1.8722421e-05
0.0,0.12629692
0.0,2.9533898e-09
0.0,0.016294703
0.0,3.818307e-08
0.0,0.041376475
0.0,0.10960262
0.0,4.591371e-09
0.0,0.28639677
0.0,1.6081238e-07
0.0,0.26480895
0.0,1.75868e-05
0.0,2.0669633e-10
0.0,0.0016179375
1.0,0.09156827
0.0,0.53460896
0.0,0.10877536
1.0,1.0
0.0,0.14269556
0.0,0.011199025
0.0,0.08659937
0.0,3.0810877e-06
0.0,0.018355558
1.0,0.9999995
0.0,1.1628775e-12
0.0,0.00077262573
0.0,0.0002742357
0.0,2.7420579e-06
0.0,9.2139585e-09
0.0,0.27670652
0.0,0.054825038
0.0,0.056337953
0.0,2.015287e-06
0.0,1.7523051e-07
0.0,0.069240235
0.0,0.0015776948
0.0,8.3883234e-11
0.0,6.683119e-06
0.0,5.470334e-10
0.0,3.146731e-08
0.0,0.0020783485
1.0,0.31566644
1.0,1.0
0.0,0.02131348
0.0,4.5796332e-05
0.0,3.7758246e-06
0.0,0.0034398262
0.0,0.032719076
0.0,0.02748311
0.0,0.6006783
0.0,1.6993445e-08
0.0,6.0747425e-06
0.0,9.099497e-12
1.0,0.49637538
0.0,1.544333e-13
0.0,0.13747065
1.0,0.052297235
0.0,9.546211e-06
0.0,0.04456173
0.0,0.04495639
0.0,3.0217798e-06
0.0,4.4902713e-06
0.0,0.002297183
0.0,9.609418e-14
0.0,5.5278797e-08
0.0,0.00011859399
0.0,0.17704211
0.0,0.0381846
0.0,2.9130945e-07
0.0,0.10353705
0.0,0.14664704
0.0,0.18879038
1.0,0.081905894
0.0,0.10524607
0.0,0.019103335
0.0,0.0049028494
0.0,0.035873123
0.0,1.2334596e-07
0.0,5.5007393e-07
0.0,5.179661e-14
0.0,5.6777316e-14
0.0,2.0400017e-07
1.0,1.0
0.0,6.515185e-08
0.0,2.0902669e-14
0.0,4.905254e-08
1.0,1.0
0.0,0.16866969
1.0,0.06426973
0.0,1.3653625e-16
0.0,3.2655873e-06
0.0,4.2015203e-17
0.0,0.0011560267
0.0,5.2323558e-06
0.0,0.0462507
1.0,1.0
0.0,5.71546e-09
0.0,6.261767e-06
0.0,0.00018675956
0.0,2.1141158e-14
0.0,7.0390524e-07
0.0,0.05443009
0.0,5.055172e-10
0.0,0.12789065
0.0,2.7829844e-06
0.0,7.3368494e-09
0.0,0.19170052
0.0,0.3585849
0.0,1.9844909e-18
0.0,0.004469977
0.0,6.8270035e-17
0.0,7.837626e-13
0.0,2.1191511e-07
0.0,6.3220876e-05
0.0,0.0065101148
0.0,1.6494121e-06
1.0,0.079710774
1.0,1.0
0.0,0.0581378
0.0,0.089144565
0.0,1.3112546e-08
0.0,1.5560567e-05
0.0,2.2832575e-16
0.0,3.2496904e-12
0.0,1.0596896e-07
0.0,0.03245822
0.0,0.012776069
0.0,0.00019904508
0.0,4.999316e-06
0.0,7.739555e-09
0.0,1.2350135e-13
0.0,1.9629839e-05
1.0,1.0
0.0,3.6334416e-06
0.0,0.002773111
0.0,1.8448556e-05
0.0,0.04985491
0.0,8.251358e-08
0.0,2.353144e-06
0.0,3.8056987e-05
0.0,0.043927353
0.0,0.04971348
1.0,0.15680867
0.0,4.2699307e-06
1.0,0.31752345
0.0,0.0028479595
0.0,0.005417102
0.0,1.1646883e-09
0.0,4.9884234e-13
0.0,0.07031614
0.0,0.22687553
0.0,1.8341821e-07
0.0,0.100143574
0.0,6.5881245e-08
0.0,0.045697182
0.0,0.035826154
0.0,0.009189568
0.0,3.5176065e-10
0.0,0.00015250534
0.0,0.001291898
0.0,0.05551524
0.0,1.5552472e-06
1.0,1.0
0.0,5.787911e-07
0.0,0.0015093086
0.0,0.32818902
0.0,5.661473e-12
1.0,1.0
0.0,0.021196837
1.0,0.47905743
1.0,0.17925215
0.0,0.05890555
0.0,1.2405676e-06
0.0,1.3100437e-10
0.0,0.026497016
0.0,0.000114532304
0.0,0.042090923
0.0,4.7672383e-08
0.0,1.0375211e-08
0.0,8.367602e-10
0.0,1.3205086e-11
0.0,0.080392204
0.0,0.003279513
0.0,4.928056e-06
0.0,0.024753062
0.0,8.512924e-06
0.0,0.0071200584
0.0,1.5405727e-14
0.0,8.4473226e-07
0.0,0.11866033
0.0,0.029529916
0.0,0.09740037
0.0,0.04270202
0.0,0.010988194
0.0,9.399097e-05
0.0,5.4915728e-11
1.0,0.9986132
0.0,6.474286e-10
0.0,0.013627179
0.0,4.864278e-08
0.0,4.1350283e-12
1.0,1.0
0.0,1.7296457e-05
0.0,7.638912e-06
0.0,3.47521e-08
1.0,0.99999994
0.0,3.3780184e-11
0.0,6.436308e-07
0.0,0.0074290032
0.0,4.3547502e-16
0.0,3.968624e-12
0.0,3.6662553e-09
0.0,4.2340413e-05
0.0,1.0222482e-09
1.0,0.6030442
1.0,1.0
0.0,0.11541172
0.0,5.457543e-15
0.0,0.0047378186
0.0,3.7087327e-14
0.0,2.0727913e-13
0.0,0.08650633
0.0,0.16165966
0.0,3.0711108e-06
1.0,0.11610181
0.0,2.0384006e-08
0.0,1.5959505e-06
0.0,0.00015266654
0.0,4.715118e-14
1.0,1.0
0.0,0.00023121374
0.0,1.1980118e-13
1.0,1.0
0.0,4.8124343e-07
0.0,2.517514e-10
0.0,0.015367759
1.0,1.0
0.0,2.3619884e-17
0.0,9.160286e-06
0.0,9.49809e-16
0.0,0.1393693
0.0,0.13177086
0.0,1.0021803e-05
0.0,0.036549583
0.0,0.014350918
0.0,0.10035213
0.0,0.07583922
0.0,0.42225385
0.0,4.4076696e-06
0.0,5.276064e-07
0.0,1.9721353e-08
0.0,5.7811303e-07
0.0,1.960135e-08
0.0,0.019471945
0.0,2.7066069e-14
0.0,0.23890357
0.0,3.836131e-07
0.0,5.1999697e-05
0.0,3.9523093e-11
0.0,0.35280398
0.0,1.0091151e-05
0.0,5.390827e-10
0.0,1.5515187e-14
0.0,5.260288e-10
0.0,0.09161814
0.0,2.8105178e-06
0.0,0.00024355658
0.0,0.114935465
0.0,1.355743e-08
0.0,5.290899e-13
0.0,4.181699e-05
0.0,1.0419093e-05
1.0,1.0
0.0,0.057891272
0.0,3.4924722e-12
0.0,0.01771813
0.0,6.001017e-07
0.0,1.7877073e-05
0.0,8.328442e-19
0.0,9.486856e-10
0.0,5.5835852e-12
0.0,0.14931442
0.0,1.6660448e-06
0.0,0.0013824304
0.0,0.1518179
0.0,0.32726264
0.0,2.0628642e-07
0.0,2.0567568e-06
0.0,0.58259434
0.0,1.4621359e-06
0.0,3.6611564e-06
1.0,0.18565898
0.0,1.1555011e-05
0.0,1.2366765e-18
0.0,0.0077888076
1.0,0.99954957
0.0,0.15080643
1.0,1.0
1.0,0.99987143
0.0,1.5665791e-12
1.0,1.0
0.0,0.000114724266
0.0,1.1050065e-08
0.0,0.0269624
0.0,7.9912075e-05
0.0,0.013228434
0.0,3.3974866e-06
0.0,5.6607005e-14
0.0,1.1354669e-05
1.0,0.111408316
0.0,0.22840992
0.0,0.0016384806
0.0,0.087377995
0.0,0.02817752
0.0,5.147704e-07
0.0,0.13822064
0.0,1.13296985e-17
0.0,1.7194441e-06
0.0,0.009446686
0.0,2.764678e-18
0.0,0.021602256
0.0,3.1543306e-05
1.0,1.0
0.0,0.3275533
0.0,0.223937
0.0,0.0023985705
0.0,0.110656485
0.0,0.024409033
1.0,0.0591597
0.0,1.29357005e-08
0.0,0.36043587
0.0,1.3587607e-05
0.0,0.049328152
0.0,0.2023895
0.0,0.012142461
0.0,0.00021899327
1.0,1.0
0.0,0.0052138865
0.0,0.03367248
0.0,0.10582805
0.0,4.395149e-14
0.0,0.42941055
0.0,0.0019892901
0.0,1.7060565e-06
0.0,8.06636e-05
0.0,0.010695571
0.0,0.006664562
0.0,7.7784465e-16
0.0,3.3600259e-06
0.0,0.00022090605
1.0,0.2734376
0.0,0.015910609
0.0,5.6393135e-16
1.0,1.0
0.0,5.605274e-06
0.0,5.9845114e-08
0.0,9.60562e-07
1.0,0.015921395
0.0,4.8852045e-05
1.0,0.11133613
0.0,0.0034879528
0.0,2.0747746e-12
0.0,1.8131799e-13
0.0,1.1004914e-07
0.0,0.0011951074
0.0,0.034409177
0.0,0.0391612
0.0,0.08786166
0.0,0.06440648
0.0,0.031400632
0.0,0.066975385
1.0,0.157295
0.0,1.0605523e-12
0.0,7.0835145e-13
0.0,3.6873992e-13
0.0,3.5049528e-08
0.0,0.010779327
0.0,5.416465e-07
0.0,0.063832566
0.0,1.1507957e-14
0.0,9.495084e-15
0.0,0.014244411
0.0,0.10984694
0.0,0.014446059
0.0,8.616364e-16
0.0,2.0687744e-07
0.0,3.1998943e-12
0.0,1.4429064e-05
0.0,2.1626709e-06
0.0,4.840602e-13
0.0,0.019662375
0.0,2.9617734e-06
0.0,1.048407e-15
0.0,0.010709037
0.0,0.024251418
0.0,7.762348e-17
0.0,0.0029477186
0.0,0.20429492
0.0,2.666244e-06
1.0,1.0
0.0,1.7304113e-06
0.0,6.928463e-08
0.0,2.2107141e-08
0.0,0.26160842
0.0,0.025870668
0.0,4.8197203e-11
0.0,0.46411645
0.0,2.1514408e-08
0.0,0.028441979
0.0,0.001078492
0.0,0.23987217
0.0,0.0003710423
0.0,1.9592925e-13
0.0,0.1004126
0.0,0.0049801306
0.0,4.2924867e-07
0.0,0.008909351
0.0,2.3675614e-06
0.0,7.216584e-18
0.0,2.4369984e-07
0.0,6.208383e-07
0.0,0.0573462
0.0,5.388073e-06
0.0,1.6121747e-06
0.0,2.269589e-12
0.0,0.05038434
0.0,1.6873177e-15
0.0,0.09593295
0.0,0.0012204144
0.0,3.1811404e-19
0.0,0.039119303
0.0,7.518017e-17
0.0,0.35755545
0.0,0.13122344
0.0,1.9630556e-13
0.0,1.1012091e-15
0.0,1.8852981e-16
0.0,0.14435482
0.0,0.047764722
0.0,2.3911896e-17
0.0,4.5721572e-07
0.0,0.009750726
1.0,1.0
0.0,7.205567e-14
0.0,3.1042177e-07
0.0,0.01926124
0.0,0.016848784
1.0,0.08418145
0.0,2.1943315e-05
0.0,8.015157e-07
0.0,0.16003162
0.0,0.047540106
0.0,0.24282804
0.0,4.23425e-06
0.0,0.15316035
0.0,9.0918066e-13
0.0,2.2454162e-06
0.0,2.6203655e-15
0.0,0.012811077
0.0,1.0865003e-05
0.0,8.777997e-16
0.0,6.012313e-06
0.0,0.005611869
0.0,0.08430428
0.0,0.001438151
1.0,1.0
0.0,0.039425593
0.0,0.019148827
0.0,9.190422e-13
0.0,4.7225085e-06
0.0,0.11515682
0.0,4.2332496e-16
0.0,0.38538888
0.0,0.00019185722
1.0,0.9967214
0.0,0.052828394
0.0,0.006409219
0.0,2.684755e-10
0.0,4.8106635e-15
0.0,0.029602846
0.0,6.4952433e-06
0.0,8.587861e-13
0.0,3.0802944e-06
1.0,0.16598403
1.0,1.0
0.0,0.0008803675
0.0,3.941128e-09
0.0,1.0864877e-12
0.0,5.045132e-06
0.0,0.014074719
0.0,0.00037025928
0.0,1.7909071e-10
1.0,1.0
0.0,2.2386563e-19
0.0,0.428116
0.0,0.030201763
0.0,0.00012384381
0.0,0.0025900719
0.0,3.9808884e-07
0.0,0.01014668
0.0,2.5567015e-06
1.0,1.0
0.0,3.9561857e-11
0.0,2.2344546e-11
0.0,1.1312854e-06
0.0,6.1944227e-13
0.0,0.0029259955
0.0,4.419384e-14
0.0,0.0034775843
0.0,3.2547138e-09
0.0,0.06587556
0.0,5.2983094e-05
0.0,0.029675802
0.0,0.031167286
0.0,5.35609e-05
0.0,0.045097947
1.0,1.0
1.0,0.20962356
0.0,1.7408531e-14
0.0,7.0648327e-12
1.0,0.1849404
0.0,0.017105125
0.0,0.065815024
0.0,0.0014283812
0.0,3.5389537e-06
0.0,0.0004154493
0.0,0.20522048
0.0,9.237661e-06
1.0,0.99720097
0.0,0.024881966
0.0,1.2598927e-05
0.0,9.2415516e-14
0.0,0.014380255
0.0,2.6330435e-10
0.0,0.005929568
0.0,2.3877194e-06
0.0,4.67843e-08
0.0,1.4317234e-08
0.0,0.02192209
0.0,0.04245358
0.0,2.5345598e-10
0.0,0.0042815777
0.0,0.0011820085
0.0,0.014660032
0.0,0.03484943
0.0,0.029550932
0.0,1.7884075e-06
0.0,0.0045127086
0.0,2.5646197e-05
0.0,6.805534e-15
0.0,3.7148972e-08
0.0,0.11890642
0.0,0.034718096
0.0,0.000108550135
0.0,0.07924773
1.0,1.0
0.0,2.9864053e-05
0.0,0.054685798
0.0,0.008697697
1.0,0.9908335
0.0,1.6576123e-09
0.0,0.012389791
1.0,1.0
0.0,6.2983316e-05
0.0,6.734849e-11
0.0,3.5198253e-15
0.0,7.3925735e-06
0.0,5.9768286e-07
0.0,8.332962e-05
0.0,0.117097594
0.0,0.00025610093
0.0,1.4510713e-05
0.0,2.7090167e-08
0.0,1.3772452e-08
0.0,1.0907575e-14
0.0,0.0049455143
0.0,6.244294e-16
0.0,0.026352933
0.0,0.029300926
0.0,6.442247e-10
0.0,0.00034221445
0.0,0.011797026
0.0,7.034376e-08
1.0,0.17506135
0.0,0.17942312
0.0,0.018713921
0.0,3.123514e-07
0.0,7.2683504e-09
0.0,1.9700186e-08
0.0,1.4810495e-09
0.0,0.002713089
1.0,1.0
0.0,0.0015444725
0.0,8.296499e-06
0.0,0.0033910817
0.0,0.0042980365
0.0,8.080444e-12
0.0,6.6719133e-07
0.0,0.0016510914
0.0,0.072001494
0.0,4.5949013e-09
0.0,2.9366714e-05
0.0,6.061017e-08
0.0,1.1180243e-06
0.0,0.16180879
0.0,9.311871e-06
0.0,7.2866166e-09
0.0,1.9805033e-09
1.0,0.72074634
0.0,1.7668182e-05
0.0,0.042773016
0.0,6.537596e-07
0.0,6.227116e-10
0.0,9.105344e-09
0.0,0.100767
0.0,1.5884868e-07
0.0,0.0047695828
0.0,0.033596233
0.0,0.10814829
0.0,0.45844027
0.0,1.13202156e-10
0.0,2.6514306e-06
0.0,0.06839564
0.0,0.110818826
0.0,0.021932818
0.0,0.12391464
0.0,0.025306916
0.0,1.2419569e-05
0.0,2.291626e-15
0.0,0.16717796
0.0,0.00041003124
0.0,1.4429257e-06
0.0,0.06571982
0.0,0.00063140434
0.0,9.118624e-06
0.0,1.7754986e-15
0.0,0.28789166
0.0,0.0003862002
0.0,6.601845e-06
0.0,2.8043062e-06
0.0,1.8685719e-13
0.0,0.079842046
0.0,2.8937887e-08
0.0,1.00337054e-07
0.0,3.4330112e-09
1.0,1.0
0.0,2.513923e-07
0.0,1.1169595e-05
0.0,6.599663e-07
0.0,1.9106473e-15
0.0,9.1950864e-07
1.0,0.44681984
0.0,0.057229478
0.0,0.004515852
0.0,1.0722128e-12
0.0,0.029137388
0.0,1.0212867e-05
0.0,1.7712661e-09
1.0,0.53186494
0.0,7.2792856e-19
0.0,8.537469e-06
0.0,0.08332199
0.0,3.8959997e-13
0.0,0.018806625
1.0,1.0
0.0,4.9650635e-12
0.0,0.12690918
0.0,2.1648553e-16
0.0,0.026675228
0.0,5.630906e-10
0.0,4.860374e-16
0.0,7.309042e-16
1.0,1.0
0.0,7.262488e-06
1.0,1.0
0.0,1.7620999e-13
0.0,1.0190265e-09
1.0,0.20780219
0.0,1.7175234e-05
1.0,1.0
0.0,0.21719663
0.0,8.387317e-06
0.0,1.0681973e-09
0.0,0.0024323447
0.0,6.6567163e-15
0.0,1.313617e-09
0.0,1.581485e-05
0.0,1.2706669e-05
0.0,5.6108704e-09
0.0,5.850789e-08
0.0,0.01335966
0.0,7.260895e-09
0.0,0.028754953
0.0,3.009975e-17
0.0,0.03573213
0.0,0.00013148291
0.0,0.11340519
0.0,1.0166483e-09
0.0,5.3343174e-10
1.0,1.0
0.0,0.2862435
0.0,0.017561113
0.0,4.721216e-16
0.0,0.04895791
0.0,1.1993015e-05
0.0,1.7856242e-13
0.0,0.00010980106
0.0,6.4719075e-06
1.0,0.29229644
0.0,2.911888e-15
0.0,0.035620317
0.0,0.504555
0.0,4.2603014e-09
0.0,4.8783227e-07
0.0,3.5741667e-07
0.0,2.0559332e-15
0.0,5.9337082e-05
0.0,0.2668066
0.0,1.5689862e-08
0.0,1.0763545e-11
0.0,4.4211856e-08
0.0,7.7895697e-19
0.0,0.051794257
0.0,1.6942353e-06
0.0,0.09186567
0.0,0.126441
0.0,3.7555218e-14
0.0,5.437517e-05
0.0,2.3169287e-07
0.0,0.033568103
0.0,0.0001498597
0.0,3.5840696e-06
0.0,2.026217e-09
0.0,1.2488649e-06
0.0,4.4582484e-09
0.0,0.034914963
0.0,0.033848904
0.0,1.4195163e-09
0.0,0.0020247968
0.0,0.017733365
0.0,5.727231e-14
0.0,0.08331516
0.0,7.035636e-07
0.0,4.5673057e-10
1.0,1.0
1.0,1.0
0.0,0.056994177
0.0,0.13947311
0.0,4.4091124e-14
0.0,0.015647322
0.0,0.00014673697
0.0,4.794513e-07
0.0,1.5916444e-11
0.0,2.876611e-07
0.0,1.5009296e-05
0.0,2.026833e-15
0.0,4.2985255e-05
0.0,1.0419476e-06
1.0,1.0
0.0,2.894504e-09
0.0,0.04921305
0.0,0.02003503
0.0,7.126987e-06
0.0,4.5907564e-07
0.0,5.523833e-06
0.0,1.3675336e-12
0.0,1.729866e-12
0.0,1.3067148e-09
0.0,3.2401932e-11
0.0,2.0421137e-06
0.0,0.012054458
1.0,0.34043676
0.0,0.47931355
1.0,1.0
0.0,4.796014e-06
0.0,1.3401594e-09
0.0,3.896929e-09
0.0,5.02968e-07
0.0,0.10685628
0.0,3.019904e-06
0.0,2.4072613e-09
0.0,0.088936955
0.0,1.9052588e-17
0.0,6.3563327e-10
0.0,1.3510957e-09
0.0,2.0663984e-07
0.0,0.1126556
0.0,7.9896075e-05
0.0,1.749009e-08
0.0,0.009625157
0.0,1.235546e-13
0.0,6.52415e-09
0.0,0.016226284
0.0,0.059701223
0.0,0.0691351
0.0,8.217027e-08
0.0,1.0905486e-16
0.0,3.6953075e-05
1.0,0.9999995
0.0,6.1104e-06
0.0,3.2745362e-15
0.0,0.019195218
0.0,1.4991665e-06
0.0,1.347052e-05
0.0,0.00029134445
0.0,1.3905083e-07
0.0,6.0789216e-07
0.0,1.4978118e-11
0.0,1.0644677e-12
0.0,3.4491283e-14
0.0,3.1247204e-05
0.0,0.06667088
0.0,1.2679085e-05
0.0,0.00012172385
0.0,2.1563756e-07
0.0,5.467576e-05
1.0,0.28603622
0.0,4.8204815e-06
0.0,0.044493802
0.0,1.5891758e-14
1.0,0.12197226
1.0,1.0
0.0,1.1100141e-17
0.0,7.482504e-11
0.0,0.29625618
0.0,3.9332607e-11
0.0,1.4527858e-09
0.0,9.155535e-07
0.0,0.019952398
1.0,1.0
0.0,0.011128248
0.0,0.075190745
0.0,0.08156447
0.0,8.804931e-15
0.0,4.01337e-11
0.0,1.2617833e-06
0.0,1.8369019e-10
0.0,0.047564294
0.0,0.0004810896
0.0,0.2208117
0.0,9.2176685e-07
0.0,1.2784821e-13
0.0,0.12661475
0.0,0.036156166
0.0,0.4909623
0.0,1.6763684e-08
0.0,0.043115754
0.0,0.0118462555
0.0,4.467264e-08
0.0,1.3815621e-06
0.0,0.20262869
0.0,0.35044992
0.0,7.790253e-06
0.0,9.110939e-09
0.0,0.36149934
0.0,0.13051681
0.0,7.9368077e-13
0.0,1.7151509e-12
0.0,0.00017886821
0.0,0.08690827
0.0,7.330687e-11
0.0,0.004462165
1.0,1.0
0.0,4.9040116e-15
0.0,1.0443238e-14
0.0,0.00887118
0.0,5.299676e-06
0.0,8.269545e-11
0.0,0.0013414829
0.0,0.21819201
1.0,0.37469056
0.0,0.03249792
0.0,4.9801858e-14
0.0,1.0478246e-06
0.0,0.020524383
0.0,2.6764283e-12
0.0,1.7126396e-09
0.0,1.6588535e-06
0.0,0.17636551
0.0,1.5715432e-09
0.0,0.02353748
0.0,1.8302667e-11
0.0,0.044892278
0.0,1.0164443e-10
1.0,1.0
0.0,1.2475424e-12
0.0,0.001100839
0.0,7.646436e-17
0.0,1.0407023e-06
0.0,4.2089766e-07
0.0,0.41233495
0.0,4.684179e-13
0.0,1.4544589e-15
0.0,4.1111605e-08
0.0,0.0022736406
0.0,4.090463e-09
0.0,0.042014517
1.0,1.0
0.0,0.04505925
0.0,0.0019587926
0.0,2.0056527e-13
0.0,0.012997303
0.0,4.7684274e-09
0.0,0.0022751782
0.0,4.2484663e-07
0.0,0.11070794
0.0,5.547479e-13
0.0,0.21530932
1.0,1.0
0.0,2.1283107e-16
0.0,0.100202434
0.0,0.068867914
0.0,0.03856913
0.0,0.018927066
0.0,2.5558725e-06
0.0,0.007610885
0.0,9.297819e-08
0.0,0.0021285145
0.0,2.1955516e-17
0.0,0.029945279
0.0,2.0046696e-17
0.0,2.161577e-18
0.0,1.2766738e-09
0.0,8.528302e-08
0.0,1.0009263e-06
0.0,5.389292e-15
0.0,2.7071445e-09
0.0,0.022388661
0.0,7.031268e-11
0.0,1.1250835e-07
1.0,0.9964527
0.0,1.1216342e-06
0.0,0.0017064798
0.0,2.4264582e-05
0.0,1.0512695e-13
1.0,0.115218215
1.0,1.0
0.0,0.098588854
0.0,1.4963922e-08
0.0,1.8764824e-05
0.0,2.0050656e-07
0.0,0.0015427626
0.0,0.086716555
1.0,1.0
0.0,8.3246505e-06
0.0,0.030446338
1.0,0.10552431
0.0,1.0900684e-06
1.0,1.0
0.0,6.596969e-05
0.0,0.3750247
0.0,1.4517704e-05
0.0,0.34840143
0.0,1.7069557e-19
0.0,5.5443198e-12
0.0,4.204243e-19
0.0,0.021549528
0.0,0.006356363
0.0,0.0041769
0.0,1.0424634e-06
0.0,0.10912242
0.0,5.2256037e-06
0.0,0.012754917
0.0,0.01533986
0.0,8.9678713e-17
0.0,4.730442e-07
0.0,0.018452654
0.0,1.203118e-09
0.0,4.9166036e-09
0.0,8.6747605e-05
0.0,0.093471944
0.0,2.5526649e-11
0.0,0.026318826
0.0,9.3421315e-17
0.0,0.0011513304
0.0,5.673873e-19
0.0,6.145471e-07
0.0,0.10809986
0.0,1.3289648e-05
0.0,0.047835153
0.0,0.033033155
0.0,0.026678938
0.0,0.06008256
0.0,0.13739572
0.0,2.4319695e-07
0.0,0.19199668
0.0,1.5170932e-05
0.0,2.8504138e-08
0.0,6.6619664e-17
0.0,0.01557675
0.0,0.05583189
0.0,0.07931563
0.0,0.072483346
1.0,1.0
0.0,1.6950689e-11
0.0,1.08862396e-13
0.0,0.009747746
1.0,0.28858614
0.0,7.451341e-19
0.0,7.025219e-08
0.0,3.1748915e-08
0.0,2.252097e-10
0.0,0.3074339
0.0,3.2444955e-15
0.0,0.00015369306
0.0,0.01354909
0.0,0.034432877
1.0,1.0
0.0,3.2019594e-05
0.0,2.2406633e-08
0.0,0.080108635
0.0,1.6388892e-06
0.0,2.4294065e-06
0.0,0.12913029
0.0,0.04366929
0.0,8.094171e-08
0.0,0.16272227
0.0,0.06668673
0.0,1.5776791e-09
0.0,0.013819187
0.0,0.022887414
0.0,9.247547e-14
0.0,9.321449e-13
0.0,0.0032825023
0.0,0.054729488
0.0,5.1586524e-10
0.0,0.02707562
0.0,0.37431064
0.0,3.1484194e-06
0.0,0.00561711
0.0,6.0683576e-13
0.0,7.675667e-05
0.0,0.02101868
1.0,0.99987006
0.0,5.8090065e-18
0.0,1.2141069e-10
0.0,0.009292947
0.0,2.5709274e-12
0.0,0.044897243
0.0,2.994109e-20
0.0,0.016021207
0.0,1.6631011e-12
0.0,4.0143424e-15
0.0,5.6869204e-11
0.0,9.443362e-07
0.0,0.0044557527
0.0,0.00018654349
0.0,0.0040480047
0.0,0.06396439
0.0,3.570614e-06
0.0,0.03157051
0.0,1.1018706e-08
0.0,3.2397085e-07
0.0,4.2106537e-16
0.0,1.8491858e-16
0.0,0.015109505
0.0,0.05079536
1.0,1.0
0.0,1.0124387e-05
0.0,0.047957532
0.0,4.488648e-06
0.0,6.714646e-06
0.0,1.133723e-16
0.0,0.0008719329
0.0,1.4121246e-10
0.0,1.26966855e-08
0.0,0.03323332
1.0,0.99937916
0.0,0.013640813
0.0,2.8059504e-11
0.0,0.020677151
1.0,0.13807313
0.0,0.00013728082
0.0,0.002040679
0.0,1.3710275e-09
0.0,0.0013933973
0.0,0.025688035
0.0,1.6714823e-05
0.0,0.007286837
0.0,0.032696698
0.0,0.069017164
0.0,0.021576328
0.0,0.1819838
0.0,0.055192966
0.0,2.2053065e-08
1.0,1.0
1.0,0.21793348
0.0,0.05816451
0.0,2.8518036e-07
0.0,0.00017093745
0.0,0.086137846
0.0,2.8612774e-06
0.0,4.245015e-07
0.0,0.058512285
0.0,0.09229026
0.0,2.945866e-05
0.0,5.72235e-18
0.0,0.00015599394
0.0,4.2857866e-07
0.0,0.024519335
0.0,7.68525e-11
0.0,1.2860594e-08
0.0,0.053368784
0.0,0.2812974
0.0,5.3638694e-11
0.0,5.5408645e-06
0.0,8.923449e-15
0.0,8.077513e-05
0.0,1.3125178e-07
0.0,3.3332856e-08
0.0,3.2803065e-08
0.0,2.8053265e-13
0.0,0.005457438
0.0,5.798167e-15
0.0,0.0014357351
0.0,0.027124735
0.0,1.6097305e-06
0.0,4.4424547e-11
0.0,0.07399618
0.0,6.5169906e-15
0.0,2.8543302e-06
0.0,8.91885e-09
0.0,1.3644092e-13
0.0,1.39653435e-08
0.0,8.311725e-17
1.0,0.1943609
0.0,5.724823e-12
0.0,1.3145145e-06
0.0,2.5518852e-07
0.0,0.10975118
0.0,8.027466e-07
0.0,1.38202965e-11
0.0,1.9446335e-15
0.0,0.098590136
0.0,1.3542628e-06
0.0,0.012864904
0.0,1.0162524e-10
0.0,3.8781397e-13
0.0,1.6572578e-16
0.0,6.37816e-06
0.0,2.3094335e-06
0.0,0.0021113441
0.0,4.4015155e-06
0.0,1.2836039e-08
0.0,0.2928514
0.0,1.291466e-05
0.0,1.9776118e-05
0.0,2.6589007e-06
0.0,0.073026255
1.0,1.0
0.0,0.006435691
0.0,0.023611417
0.0,1.5516696e-10
0.0,0.00012683605
1.0,0.99949086
0.0,0.056007996
1.0,1.0
1.0,0.5475479
0.0,0.012491105
0.0,6.409643e-15
0.0,8.515969e-11
0.0,9.707451e-19
0.0,4.839049e-07
0.0,0.22593823
0.0,0.015525994
0.0,0.009082266
0.0,1.3801886e-07
1.0,1.0
1.0,1.0
0.0,4.4802223e-10
0.0,1.6241296e-07
0.0,8.978228e-07
0.0,0.008910105
0.0,0.21230434
0.0,5.4165306e-05
0.0,0.13682534
0.0,0.00017305484
0.0,0.013576236
0.0,1.090446e-06
0.0,0.21210313
0.0,0.076252185
0.0,1.7584902e-10
0.0,1.2820648e-08
0.0,0.020390615
0.0,2.3320954e-15
0.0,2.4559332e-10
0.0,0.29299834
0.0,0.09195393
0.0,0.0077001587
0.0,0.038980883
1.0,1.0
0.0,0.009665541
0.0,8.766574e-11
0.0,0.035806537
0.0,7.747184e-14
0.0,0.00023095749
0.0,5.952279e-14
0.0,1.2114762e-05
0.0,1.887168e-17
0.0,0.0142575065
0.0,2.9381066e-13
0.0,1.1715261e-09
0.0,0.02477194
1.0,1.0
0.0,0.023458736
0.0,0.0058873887
0.0,0.22022808
0.0,2.722793e-06
0.0,2.1100979e-08
0.0,3.918463e-06
0.0,6.528322e-08
0.0,8.349696e-07
1.0,0.2489159
0.0,1.57902e-06
0.0,0.04547497
0.0,2.9050481e-05
0.0,0.32126752
0.0,8.3597534e-10
0.0,0.011978292
0.0,3.2765918e-08
0.0,0.00023461359
0.0,0.07921377
0.0,0.31788787
0.0,1.2000088e-08
0.0,0.34528077
0.0,0.013532766
0.0,6.3048884e-07
0.0,0.004480182
0.0,0.013219773
1.0,0.3125739
0.0,0.00013214415
0.0,0.023450093
0.0,5.759479e-15
0.0,0.05851232
0.0,0.007978176
0.0,3.6653837e-05
0.0,0.00036039823
0.0,2.0381738e-06
0.0,8.525462e-07
0.0,4.692237e-16
0.0,0.11371776
0.0,0.0073681134
0.0,5.620277e-12
0.0,0.06054144
0.0,3.6055717e-11
0.0,6.703245e-06
0.0,4.9014157e-05
0.0,3.3718386e-06
0.0,0.539854
0.0,2.6498742e-07
0.0,0.0015464189
0.0,3.3500264e-13
0.0,0.0060777357
0.0,1.1042237e-05
0.0,1.2913264e-06
0.0,0.10855534
0.0,7.56207e-07
0.0,3.2885541e-06
0.0,3.487543e-14
0.0,4.7759653e-13
0.0,0.49765676
0.0,1.1262934e-05
0.0,8.937985e-06
0.0,1.5047585e-06
0.0,0.0072605
0.0,3.9183e-05
0.0,0.19000025
0.0,3.817781e-09
0.0,1.5243086e-12
0.0,0.13024577
0.0,2.5329275e-06
0.0,1.30791595e-05
0.0,1.5699436e-06
0.0,0.08016865
0.0,3.2136236e-07
0.0,2.388028e-15
0.0,0.009642929
0.0,0.00019777361
0.0,0.024727346
0.0,0.043674562
0.0,3.1637586e-07
0.0,4.8006304e-06
0.0,0.0027368572
0.0,0.005676204
0.0,4.1603818e-07
0.0,8.967653e-08
0.0,0.037776813
0.0,0.04012648
0.0,0.30880633
0.0,2.0170064e-11
0.0,2.9661762e-09
0.0,5.6087547e-08
0.0,0.097083576
0.0,0.34622842
0.0,4.4548645e-07
0.0,0.17472422
0.0,3.121378e-06
1.0,1.0
0.0,3.0967358e-06
0.0,0.051196102
0.0,5.726995e-05
0.0,0.25208595
0.0,9.482844e-07
0.0,1.352764e-09
0.0,3.607768e-10
0.0,7.050911e-09
0.0,0.014537538
0.0,6.6373864e-06
0.0,0.017583776
0.0,2.159301e-08
0.0,0.07636148
0.0,2.21689e-07
0.0,2.851812e-07
0.0,3.5627866e-07
0.0,0.060563527
1.0,1.0
0.0,4.654774e-11
1.0,1.0
0.0,0.0037630552
0.0,3.652515e-11
0.0,0.010806661
0.0,0.08990808
0.0,0.23427404
0.0,0.50152564
0.0,0.06676587
0.0,2.5569453e-09
0.0,3.063621e-09
0.0,0.010103173
0.0,6.328432e-08
0.0,2.7488554e-08
0.0,0.041915357
0.0,7.72402e-06
0.0,1.650641e-06
0.0,0.011819643
0.0,8.8196546e-05
0.0,0.0017482986
0.0,6.75334e-16
0.0,0.0021204266
0.0,5.037106e-07
0.0,1.0072937e-07
0.0,1.7056987e-06
0.0,6.73107e-08
1.0,0.6036235
0.0,0.3613668
1.0,1.0
0.0,0.005626662
0.0,7.8191925e-19
0.0,4.2266723e-09
0.0,1.8437173e-07
0.0,0.018687561
0.0,0.035027087
0.0,1.4306391e-05
0.0,4.3438845e-07
0.0,2.1377951e-12
0.0,0.031838886
0.0,0.38274208
0.0,0.04575621
0.0,3.7153486e-13
1.0,0.22653714
0.0,5.496479e-18
1.0,1.0
0.0,4.225313e-11
0.0,2.2333103e-07
0.0,2.076881e-12
0.0,0.13700177
0.0,0.039704554
0.0,0.19781795
0.0,3.9088868e-11
0.0,7.7294014e-13
0.0,2.4917637e-05
0.0,5.8975987e-19
0.0,4.4088547e-06
0.0,0.00025306758
0.0,7.910741e-09
0.0,8.233244e-13
0.0,4.3552636e-06
0.0,1.6557362e-05
0.0,2.0059038e-15
0.0,2.8672662e-13
1.0,1.0
0.0,0.02755598
0.0,1.3064997e-07
0.0,0.3639425
0.0,0.06644297
0.0,0.03298508
0.0,0.052027673
0.0,0.086995
1.0,0.24003391
0.0,0.22069694
0.0,2.0251259e-10
0.0,3.94985e-09
0.0,0.016548172
0.0,1.4030239e-09
1.0,0.050544437
0.0,6.6997256e-07
0.0,4.2071483e-14
0.0,5.793986e-08
0.0,5.484429e-09
0.0,3.0372132e-06
0.0,0.04631292
0.0,1.2094617e-13
0.0,2.910323e-11
0.0,6.9481455e-11
1.0,1.0
0.0,0.27860197
0.0,0.005402191
0.0,0.016520321
0.0,5.7819255e-13
0.0,0.11485781
0.0,0.13183263
0.0,5.7661426e-10
0.0,1.13461775e-10
0.0,4.328738e-09
0.0,7.860272e-07
1.0,0.59114504
0.0,0.0017797127
0.0,4.9688025e-17
0.0,6.940149e-06
1.0,0.33167934
1.0,0.11608389
0.0,6.8065884e-18
0.0,3.372694e-06
0.0,1.7393138e-05
1.0,0.99993277
0.0,0.0037122285
0.0,0.0062134024
1.0,0.08142792
1.0,0.2682207
0.0,0.00012647436
0.0,0.08058918
1.0,1.0
0.0,0.032181982
0.0,0.16329697
0.0,1.4894542e-13
0.0,2.1241113e-14
0.0,0.002227626
0.0,0.012852652
0.0,1.1761365e-05
0.0,0.071325615
0.0,6.4475735e-16
0.0,3.6131014e-12
0.0,4.99428e-08
0.0,0.0029632591
0.0,0.021354297
0.0,0.01942332
1.0,1.0
0.0,9.74991e-05
0.0,2.6348218e-10
0.0,0.02586987
0.0,5.905236e-07
0.0,0.01694238
0.0,0.26962906
0.0,0.003769013
0.0,0.0967181
0.0,1.3358193e-08
0.0,0.05431174
0.0,0.0068457006
0.0,2.8146991e-14
0.0,8.306543e-13
0.0,0.11747194
0.0,2.614124e-05
0.0,4.3482476e-05
0.0,8.553727e-06
0.0,7.417976e-06
0.0,2.9786465e-11
0.0,1.2846701e-18
0.0,5.5537996e-13
0.0,4.1669335e-07
0.0,0.13063934
0.0,6.0730265e-09
0.0,0.010493411
0.0,2.041052e-10
0.0,5.529641e-07
0.0,0.1994339
0.0,0.07728868
1.0,1.0
0.0,0.00097333646
0.0,0.0884409
0.0,1.8986096e-07
1.0,1.0
0.0,1.0860306e-07
0.0,3.107394e-09
0.0,0.06740094
0.0,0.037032183
0.0,4.913062e-13
0.0,1.768133e-13
0.0,4.9548635e-05
0.0,3.0265082e-09
0.0,3.7551833e-06
0.0,0.016805844
0.0,0.00022604846
1.0,1.0
0.0,8.303939e-06
0.0,5.157935e-09
0.0,5.5140226e-06
0.0,1.3530233e-11
0.0,2.2402585e-11
0.0,7.2229382e-09
0.0,1.5807437e-06
0.0,3.1680877e-11
0.0,0.0025821135
0.0,2.866249e-13
0.0,1.9699133e-08
0.0,0.0031630036
0.0,0.04984356
0.0,0.0046108784
0.0,8.134592e-05
0.0,5.307224e-05
0.0,6.1954875e-16
0.0,0.2025185
1.0,0.33220544
0.0,0.00015189916
0.0,4.8511273e-10
0.0,3.2032202e-07
0.0,0.5422831
1.0,1.0
0.0,8.5018215e-10
1.0,1.0
0.0,0.0162627
0.0,0.22602184
0.0,0.40595832
0.0,0.067049116
0.0,2.841404e-18
0.0,0.020206744
0.0,2.2593094e-06
0.0,0.042591237
0.0,0.017511195
0.0,0.07369497
0.0,0.029090801
0.0,0.12330851
0.0,4.638321e-09
0.0,5.137253e-07
0.0,0.21839654
0.0,2.0180454e-07
1.0,0.9989298
0.0,0.05824705
0.0,1.3549048e-06
0.0,0.039010886
0.0,0.0004671085
0.0,0.17714761
0.0,3.7659104e-06
0.0,2.498519e-13
0.0,2.6695305e-05
0.0,0.14571974
0.0,3.4817365e-09
0.0,2.6859464e-08
0.0,8.755257e-08
0.0,0.008466819
0.0,7.452504e-08
1.0,0.9993794
0.0,2.8594686e-16
0.0,0.050099205
0.0,7.5433463e-06
0.0,8.866797e-12
0.0,0.09511767
0.0,0.12690283
0.0,0.2583087
0.0,1.4061553e-10
0.0,1.8781673e-08
0.0,2.474776e-13
0.0,5.8148153e-10
1.0,0.9994844
0.0,0.21281922
0.0,1.5414879e-20
1.0,1.0
0.0,0.007610132
0.0,1.3578307e-13
0.0,1.2343083e-06
0.0,0.028120827
1.0,0.9996723
0.0,2.0418684e-06
0.0,0.35112032
0.0,2.4616509e-06
0.0,1.1532599e-07
0.0,4.6621562e-07
0.0,2.5912494e-05
0.0,4.6473677e-05
0.0,0.006741076
0.0,0.010073035
1.0,0.21114993
0.0,1.7162272e-08
0.0,0.011341622
0.0,4.010459e-07
0.0,0.0073507903
0.0,7.841863e-06
0.0,0.044948988
0.0,0.028011223
0.0,0.00017091593
0.0,0.016905906
1.0,1.0
0.0,0.16348895
1.0,0.13236526
0.0,0.0038831043
0.0,3.8315047e-08
0.0,1.1511226e-05
0.0,0.00011747442
0.0,7.64501e-07
0.0,0.30613008
1.0,0.27086183
0.0,0.007218805
0.0,0.011872061
0.0,3.3718171e-12
0.0,0.20045276
0.0,8.271117e-16
0.0,5.098938e-11
0.0,0.01121448
0.0,0.0033064298
0.0,1.6561472e-15
0.0,2.8289957e-09
0.0,0.06833201
0.0,1.2009725e-06
1.0,1.0
0.0,3.0727598e-11
0.0,3.4788995e-14
0.0,0.0023761438
0.0,3.6041163e-07
0.0,5.95793e-12
1.0,1.0
0.0,2.3777638e-13
0.0,0.22281574
0.0,5.9764756e-07
0.0,0.002600469
0.0,3.5796083e-06
0.0,4.2721095e-13
1.0,1.0
0.0,3.7447298e-10
0.0,0.025227703
0.0,5.0230576e-18
0.0,9.292823e-06
0.0,1.2103998e-18
0.0,1.7105397e-07
0.0,4.4857597e-06
0.0,0.031616103
0.0,0.20337789
0.0,4.3050358e-07
0.0,1.562822e-07
0.0,0.08046413
0.0,1.749944e-11
0.0,0.036297675
0.0,5.4423395e-17
0.0,1.4634728e-10
0.0,1.6566426e-08
0.0,0.05445105
0.0,0.029013993
0.0,2.0699659e-10
0.0,6.0318827e-05
0.0,2.2539423e-06
0.0,0.0034856312
0.0,9.508689e-13
0.0,0.039929096
0.0,0.025779624
0.0,0.2902841
0.0,2.9540328e-05
0.0,8.21962e-06
1.0,0.14740954
0.0,0.0035108356
0.0,5.0947026e-05
0.0,0.017613022
0.0,2.4125487e-15
0.0,0.010047709
0.0,2.7849472e-08
0.0,3.6233996e-06
0.0,0.0025168192
0.0,4.8114623e-11
0.0,0.009506681
0.0,1.3795099e-14
0.0,0.048048366
0.0,0.008383063
0.0,1.520634e-17
0.0,2.392456e-06
0.0,1.3476588e-07
0.0,0.009533246
0.0,4.0899405e-13
0.0,2.0974232e-05
0.0,2.9034495e-06
0.0,2.994407e-08
0.0,0.08723267
0.0,0.021797262
0.0,9.940079e-07
0.0,1.1005484e-05
0.0,0.048964813
0.0,0.0009736745
1.0,1.0
0.0,1.7584638e-13
0.0,0.02970944
0.0,2.1114004e-10
0.0,0.116728604
0.0,0.0074190763
0.0,7.935951e-06
0.0,0.056484632
0.0,2.5844646e-18
0.0,4.493568e-08
0.0,8.285896e-07
0.0,0.15254751
0.0,6.2937266e-05
0.0,4.8402017e-06
0.0,0.0007919825
0.0,8.162043e-06
1.0,1.0
0.0,3.4257186e-16
0.0,0.13469966
0.0,1.06691254e-13
0.0,0.16008528
0.0,2.815944e-11
0.0,0.2161773
0.0,0.12481784
0.0,0.04352462
0.0,7.0160495e-11
0.0,0.00037626462
0.0,0.027173372
0.0,0.00018554459
0.0,1.4640345e-13
0.0,6.605204e-07
0.0,0.0016454974
0.0,7.375269e-08
1.0,1.0
1.0,0.0093901865
0.0,0.007968794
0.0,8.6343316e-05
0.0,4.949887e-06
0.0,0.008029652
0.0,0.0029533184
0.0,2.376948e-06
0.0,0.21664117
0.0,0.0038348618
0.0,0.0027947188
0.0,0.008473346
0.0,2.0621178e-09
0.0,0.02272142
0.0,2.4084324e-07
0.0,5.8354535e-06
0.0,0.0028179039
0.0,1.101383e-08
1.0,1.0
0.0,7.010734e-09
0.0,1.5337951e-06
0.0,0.034125283
0.0,9.291469e-09
0.0,8.60535e-18
0.0,9.425082e-05
0.0,1.8702974e-06
0.0,3.4093462e-15
0.0,7.770802e-15
0.0,5.7300017e-06
0.0,0.033397496
0.0,2.0795626e-06
0.0,1.4044804e-09
0.0,3.4061198e-09
0.0,3.6282905e-05
0.0,1.5231003e-06
0.0,0.000194773
0.0,2.107592e-08
0.0,3.3136725e-08
0.0,2.2596173e-06
0.0,0.0002411776
0.0,3.394183e-05
0.0,8.8403765e-05
0.0,0.04157644
0.0,0.00017861051
0.0,0.01838595
0.0,7.1912876e-07
0.0,2.6882721e-12
0.0,0.11558759
1.0,1.0
0.0,6.551032e-16
0.0,4.5668925e-15
0.0,5.707107e-06
0.0,7.630701e-13
0.0,0.10570589
1.0,1.0
1.0,1.0
0.0,1.2789769e-09
0.0,0.054337308
0.0,0.0042467
0.0,0.17210965
0.0,0.056727894
0.0,2.9343141e-06
0.0,0.03134786
0.0,0.03320832
0.0,1.0365697e-08
0.0,4.2253714e-06
0.0,2.0575062e-06
1.0,1.0
0.0,0.02469619
0.0,2.3549282e-07
0.0,0.08052472
0.0,2.1500686e-05
0.0,0.31558758
0.0,0.10499111
0.0,6.2308395e-06
1.0,0.9999995
0.0,2.245996e-18
0.0,2.3150126e-06
0.0,3.120262e-06
0.0,0.0003862674
0.0,0.041690186
1.0,0.9996149
0.0,2.3794597e-10
0.0,1.8099422e-07
1.0,0.5970538
0.0,0.00016774099
0.0,6.3625683e-13
0.0,0.0034636653
0.0,3.1107186e-06
0.0,1.4948948e-11
0.0,1.8769301e-06
0.0,0.11968929
0.0,5.3868297e-07
0.0,0.12537406
0.0,0.007817762
0.0,1.210156e-09
0.0,0.0025467903
0.0,5.121367e-18
0.0,0.029362127
0.0,2.8616551e-09
0.0,0.017908787
1.0,1.0
0.0,0.008589864
0.0,0.24094397
0.0,2.112317e-06
0.0,0.069962054
0.0,0.12152899
0.0,1.3134878e-11
0.0,0.000845752
0.0,0.09295341
0.0,1.18548105e-05
0.0,0.020545674
0.0,4.286051e-12
0.0,0.039180767
0.0,0.21216741
0.0,0.0007189431
0.0,1.2875698e-14
0.0,1.3565509e-07
0.0,0.004117652
0.0,0.03791782
0.0,0.25126398
0.0,1.962969e-05
0.0,0.02121438
0.0,0.008538146
0.0,4.7018788e-05
0.0,1.437584e-06
0.0,1.869465e-07
0.0,0.07789404
0.0,2.4759044e-13
0.0,2.431923e-07
0.0,0.08841199
0.0,0.16742782
1.0,0.09275754
0.0,0.00017375288
0.0,1.29747025e-14
0.0,1.596554e-08
0.0,8.1639725e-16
0.0,0.00024932454
0.0,0.0017830578
0.0,5.139878e-08
0.0,1.5164983e-16
0.0,0.020372804
0.0,0.0014488202
0.0,2.984217e-12
0.0,0.0003522575
0.0,0.01578182
0.0,6.6364535e-08
0.0,0.028201403
0.0,0.002762026
1.0,1.0
0.0,0.054545708
0.0,0.33045584
0.0,2.1491667e-06
0.0,5.148412e-05
0.0,5.5630392e-15
1.0,0.0693968
0.0,4.7959034e-06
0.0,3.7962316e-12
1.0,0.22217889
0.0,0.120070055
0.0,3.8052996e-05
0.0,0.00017551862
0.0,4.1392423e-06
0.0,6.756556e-05
1.0,0.99974227
0.0,5.849062e-11
0.0,0.052821953
0.0,0.51757383
0.0,0.0020871253
0.0,9.830063e-09
1.0,1.0
1.0,0.1781511
0.0,9.0473424e-07
0.0,6.200607e-09
0.0,9.742357e-20
0.0,0.18357204
0.0,0.00035769993
0.0,2.1081583e-16
0.0,1.8379053e-05
1.0,0.21578129
0.0,0.15458634
0.0,3.5403025e-10
0.0,1.0556769e-05
0.0,0.00040712152
0.0,0.012452513
0.0,2.42957e-05
0.0,0.0054553896
1.0,1.0
0.0,0.0015697397
0.0,0.13003235
0.0,1.8867288e-06
0.0,2.4781684e-05
0.0,2.7762046e-09
0.0,1.172021e-15
0.0,0.009419284
0.0,6.501967e-15
1.0,0.9998602
0.0,0.014976348
0.0,1.9527331e-18
0.0,0.009006933
0.0,1.4292017e-16
0.0,4.0764545e-15
0.0,3.468539e-05
0.0,7.687378e-14
0.0,7.682035e-09
0.0,6.8983595e-06
0.0,3.1676946e-06
0.0,0.08819138
0.0,1.0270778e-08
0.0,0.00048629497
0.0,0.00016641377
0.0,0.109527916
0.0,5.155715e-08
0.0,1.1766783e-10
0.0,0.008880274
0.0,0.32662818
0.0,0.22474189
0.0,3.505356e-10
0.0,1.339574e-10
0.0,1.0579714e-06
0.0,0.0822729
1.0,0.9998585
0.0,3.190062e-11
0.0,0.27747476
0.0,0.06023035
0.0,2.631134e-07
0.0,0.0055660424
1.0,1.0
1.0,1.0
0.0,3.7070176e-09
0.0,2.738688e-11
0.0,0.039825078
0.0,0.047581784
1.0,1.0
0.0,0.038232144
0.0,0.0022992813
1.0,1.0
0.0,7.629774e-08
0.0,0.0041388692
0.0,0.10874538
0.0,9.614702e-09
0.0,0.2497424
0.0,0.0030874452
0.0,0.04573947
0.0,0.09471072
0.0,0.20468663
0.0,0.004388999
0.0,3.2876828e-06
0.0,0.11907967
0.0,5.419618e-15
0.0,4.5247652e-18
0.0,0.09070961
0.0,0.1245481
0.0,2.2396321e-07
0.0,1.545467e-10
0.0,0.009918772
0.0,0.11797249
0.0,1.7370299e-16
0.0,0.11508167
0.0,0.11099101
1.0,0.9999523
0.0,0.00028516643
0.0,3.8225192e-08
0.0,2.6002292e-14
0.0,0.0018168391
0.0,7.821936e-08
0.0,9.689201e-14
0.0,1.5494097e-06
0.0,2.0983844e-10
0.0,7.035533e-15
0.0,8.049367e-07
0.0,3.5096553e-05
0.0,1.2990749e-07
0.0,0.10779456
1.0,0.18489587
0.0,2.6212848e-16
0.0,2.256338e-16
0.0,0.03540376
0.0,1.2019258e-12
1.0,1.0
0.0,0.057384934
0.0,0.002753396
0.0,8.500634e-05
0.0,0.026069079
0.0,6.208631e-06
0.0,0.06982833
0.0,0.04501628
0.0,1.9514455e-07
0.0,0.073241964
0.0,0.013051281
0.0,2.9336415e-11
0.0,1.5606074e-05
0.0,0.014942306
0.0,6.774241e-09
0.0,0.00020074943
0.0,0.06918981
0.0,1.0148876e-06
0.0,1.687073e-11
0.0,4.9878754e-11
0.0,0.018528497
0.0,0.07626373
0.0,0.01512251
0.0,9.839498e-09
0.0,1.4481394e-06
0.0,9.3945136e-18
0.0,0.22773466
0.0,0.36255184
0.0,0.08095267
0.0,0.05348002
0.0,0.14567624
0.0,5.6258632e-05
0.0,3.6831585e-10
0.0,2.2737098e-08
0.0,3.180033e-14
0.0,3.0272918e-10
0.0,9.960331e-16
0.0,0.17886235
0.0,0.056238823
0.0,0.07886511
0.0,2.8044072e-16
0.0,1.2059728e-07
0.0,0.28072718
0.0,0.08587042
0.0,0.12456537
0.0,9.839521e-16
0.0,2.2650699e-12
0.0,0.052072514
0.0,3.336028e-06
0.0,0.0010316992
0.0,0.00010630697
1.0,1.0
0.0,4.5342174e-05
0.0,8.046673e-15
0.0,3.7890775e-08
0.0,3.5405075e-05
0.0,5.9455897e-07
0.0,0.04374007
0.0,0.00039607176
0.0,0.27098614
0.0,9.659731e-07
0.0,0.017220827
0.0,3.4203245e-13
0.0,8.762624e-09
1.0,0.9959364
0.0,1.4005965e-16
0.0,0.33022204
0.0,0.022803385
0.0,2.5782125e-05
0.0,1.9793883e-07
0.0,1.9711563e-13
0.0,1.462709e-16
0.0,0.15468186
0.0,0.0013420933
0.0,1.8653887e-09
0.0,0.05543811
0.0,1.0227719e-07
0.0,0.038086522
0.0,0.026673082
0.0,1.5375074e-11
0.0,1.4866469e-05
0.0,0.117479965
0.0,0.04915745
0.0,4.1824505e-06
0.0,0.08252768
0.0,0.2537189
0.0,0.00021354212
0.0,6.8231354e-10
0.0,0.013404817
0.0,0.05731796
0.0,4.6378762e-10
0.0,1.7430432e-07
0.0,0.059216343
0.0,0.046794623
0.0,1.5098313e-16
0.0,8.996948e-07
0.0,0.0037748755
0.0,0.00010483061
1.0,0.07028469
0.0,7.0273156e-05
0.0,9.61334e-10
0.0,0.04395204
0.0,5.537604e-10
0.0,1.0372121e-05
0.0,0.12133216
0.0,0.029569637
0.0,5.8839644e-10
0.0,0.26369917
0.0,1.1367564e-06
0.0,0.021022169
0.0,2.1041473e-18
0.0,0.014152099
0.0,0.101121575
0.0,3.925504e-05
0.0,3.6171348e-12
0.0,1.069921e-05
0.0,2.540703e-09
0.0,3.0582777e-07
0.0,3.5553072e-09
0.0,4.0952357e-15
0.0,4.5000493e-06
0.0,7.2999107e-10
0.0,0.06855716
0.0,1.9796582e-07
0.0,0.049435116
0.0,7.2189303e-09
0.0,0.14516287
0.0,8.8485626e-13
1.0,0.021016356
0.0,2.2747437e-05
0.0,0.01046304
0.0,0.2368053
0.0,1.8651801e-07
1.0,1.0
0.0,9.63745e-09
0.0,1.4050779e-09
0.0,3.5141543e-13
0.0,0.106252596
0.0,0.0005907026
0.0,6.0286347e-06
0.0,0.00643214
0.0,6.919609e-05
1.0,1.0
0.0,0.05863536
0.0,2.9282483e-05
0.0,1.0402053e-10
0.0,6.77223e-15
1.0,0.14955251
0.0,1.2525626e-06
0.0,6.1928705e-11
1.0,1.0
0.0,0.023475097
0.0,1.3669845e-06
1.0,1.0
0.0,8.7092844e-13
1.0,1.0
0.0,0.07660743
0.0,0.004837839
0.0,0.011300514
0.0,0.01243179
0.0,5.3616606e-07
0.0,0.053834144
0.0,0.044878647
0.0,0.06941851
0.0,7.2362177e-06
0.0,1.15922e-14
0.0,1.7414732e-07
0.0,2.5788897e-06
0.0,4.0217114e-05
0.0,4.9757736e-09
0.0,3.1602842e-11
0.0,0.006818548
0.0,2.805739e-05
0.0,1.7864451e-13
1.0,1.0
0.0,4.390134e-20
0.0,0.0008104993
0.0,2.8734735e-06
0.0,0.016259825
0.0,0.11116309
0.0,2.3578566e-09
0.0,0.00951199
0.0,4.6371431e-07
0.0,0.037110567
1.0,1.0
0.0,4.476998e-06
0.0,0.31590423
0.0,0.1074246
0.0,2.3497967e-05
0.0,0.039708037
0.0,3.446621e-08
0.0,0.33979803
0.0,4.5415285e-15
0.0,0.09455988
0.0,0.037092417
1.0,0.9999975
0.0,2.5830976e-16
0.0,2.3670954e-15
1.0,0.027970962
0.0,0.011702732
0.0,0.3503232
0.0,0.0011324557
1.0,0.43224412
0.0,0.00078961416
0.0,0.006440214
0.0,0.043356225
0.0,1.01069566e-16
1.0,0.11790312
0.0,0.040594906
0.0,2.869051e-16
0.0,0.015633453
0.0,0.012568544
0.0,2.1607884e-05
0.0,9.341232e-05
1.0,0.21841155
0.0,6.00136e-07
0.0,1.2419453e-07
0.0,1.07450954e-13
0.0,0.011482794
0.0,0.013911775
0.0,0.022766337
0.0,0.06562742
0.0,5.279742e-08
0.0,3.104326e-16
0.0,1.8599244e-17
0.0,0.022313632
0.0,0.00053816877
0.0,3.803701e-10
1.0,0.07534445
0.0,4.8476547e-15
0.0,8.006161e-06
0.0,7.263932e-08
0.0,1.0264852e-05
0.0,0.114678085
0.0,6.427063e-11
0.0,0.00443864
0.0,1.9461282e-05
0.0,2.7405492e-14
0.0,0.2100083
0.0,7.560823e-07
0.0,4.786482e-07
0.0,0.053313334
0.0,0.09640895
0.0,0.009319491
0.0,5.0098595e-08
0.0,3.850399e-06
0.0,0.051104575
0.0,0.048026156
0.0,6.041932e-10
1.0,0.40952918
0.0,2.6829638e-14
0.0,0.001212489
0.0,0.076353654
0.0,0.27912793
0.0,6.138026e-06
0.0,0.04163666
0.0,0.004959205
0.0,1.5036499e-06
0.0,1.2323602e-07
0.0,1.861503e-10
0.0,5.1685183e-06
0.0,0.11846529
0.0,8.829609e-14
1.0,1.0
0.0,2.1042344e-19
0.0,4.8198926e-06
0.0,0.020568265
0.0,0.1817273
0.0,0.07991892
0.0,3.9774957e-07
0.0,5.8257892e-06
0.0,0.04874869
0.0,0.0207727
0.0,0.0021220434
0.0,8.919826e-11
0.0,7.712051e-06
0.0,0.035479136
0.0,0.012960067
0.0,5.2015566e-05
0.0,1.9286056e-06
0.0,1.1678575e-06
0.0,1.131443e-06
0.0,6.7180845e-05
0.0,3.5077166e-14
0.0,3.0821194e-12
0.0,0.24423328
0.0,1.2768787e-07
0.0,1.1991177e-10
0.0,0.3997028
0.0,4.8853664e-08
0.0,0.0075708185
0.0,3.971186e-14
0.0,0.4100782
0.0,3.5901714e-08
0.0,7.9154354e-08
0.0,0.06683011
1.0,0.34407064
0.0,3.3095006e-05
0.0,0.020772524
0.0,0.060552515
0.0,5.40582e-17
0.0,2.439791e-19
0.0,0.07204547
0.0,0.005482564
0.0,0.07554977
0.0,0.09732661
0.0,0.00018857596
0.0,5.0353607e-05
1.0,1.0
1.0,0.06711513
1.0,0.21639186
0.0,0.042526536
0.0,0.01684038
0.0,0.15708959
0.0,1.5162452e-07
0.0,2.9458404e-12
0.0,0.32513434
1.0,0.99997896
0.0,0.031586435
0.0,8.249255e-15
0.0,4.576961e-13
0.0,1.1807724e-10
0.0,0.006534967
0.0,2.0758558e-15
0.0,0.060038052
0.0,0.0001712541
0.0,0.3243713
0.0,0.013669237
0.0,0.011141926
0.0,1.532616e-13
0.0,1.3357501e-07
0.0,3.800894e-06
0.0,4.75014e-15
0.0,0.015688805
0.0,0.011496771
0.0,3.424138e-16
0.0,1.6580779e-12
0.0,0.0977647
0.0,0.0023314927
0.0,0.13912745
0.0,2.8447172e-07
0.0,3.8692533e-06
0.0,3.8118023e-06
0.0,1.27665635e-05
0.0,9.971233e-10
0.0,1.26252935e-05
1.0,0.2542815
0.0,4.522076e-06
0.0,2.2914266e-10
0.0,0.19218472
1.0,0.99992657
0.0,0.00017429567
0.0,8.867792e-07
1.0,1.0
0.0,4.678765e-07
1.0,1.0
0.0,0.004528926
0.0,1.22653e-16
0.0,1.7272785e-05
0.0,5.730056e-19
0.0,1.0491112e-14
0.0,0.09118814
0.0,0.0002622146
0.0,4.033776e-05
0.0,1.2605057e-10
0.0,2.8493e-07
0.0,2.0493873e-15
1.0,1.0
0.0,0.0011057603
0.0,1.8444383e-05
0.0,0.19133718
0.0,7.216716e-08
0.0,1.3372834e-14
0.0,1.0522882e-06
0.0,0.013815085
1.0,0.13816702
0.0,4.62426e-12
0.0,4.6465422e-11
0.0,0.28227335
1.0,0.2812512
0.0,0.023577966
0.0,0.031800088
0.0,0.13963515
0.0,7.6044365e-08
0.0,0.00014763897
0.0,3.831404e-11
0.0,2.7045976e-07
0.0,3.3504624e-16
0.0,0.13846952
0.0,0.037678353
0.0,0.0025868395
0.0,1.837419e-08
0.0,4.8531238e-05
0.0,0.023488445
0.0,0.07585108
0.0,0.003503275
0.0,1.7917828e-06
0.0,2.063115e-14
0.0,1.6386064e-05
0.0,6.236186e-13
0.0,0.0002385274
0.0,3.7530103e-07
0.0,3.91369e-06
0.0,2.0799686e-08
1.0,1.0
0.0,0.16474311
0.0,0.013841482
0.0,0.002499767
0.0,0.0026670187
0.0,0.14049554
0.0,0.20204948
0.0,2.0525144e-06
0.0,8.083607e-11
0.0,0.04600759
0.0,4.1350236e-06
0.0,2.4484368e-09
0.0,8.178772e-06
0.0,1.5812934e-18
0.0,4.2919666e-07
0.0,2.7778717e-05
0.0,0.003289014
0.0,1.9357925e-11
0.0,9.2754806e-07
0.0,5.8644755e-08
1.0,1.0
0.0,7.2804147e-07
0.0,0.00010236544
0.0,2.5501081e-12
0.0,4.7310002e-14
0.0,7.2129365e-06
0.0,0.35746515
0.0,0.02110107
1.0,1.0
0.0,1.785106e-18
0.0,0.0001525625
0.0,6.536915e-06
0.0,0.040043484
0.0,0.13584091
1.0,0.998819
1.0,0.99995416
0.0,2.4729918e-10
0.0,0.041610062
0.0,0.013003098
0.0,0.0045006624
0.0,1.4489854e-18
0.0,2.4133253e-06
0.0,8.118847e-16
0.0,0.1704539
0.0,3.79979e-11
0.0,4.5132207e-08
0.0,2.1485546e-07
0.0,4.296722e-06
0.0,2.3994367e-06
0.0,1.0944536e-12
0.0,0.071357355
1.0,0.06553729
0.0,0.2183284
0.0,3.2135287e-07
1.0,0.118779734
0.0,0.0010823733
0.0,1.560986e-09
0.0,0.033943925
0.0,0.016163873
1.0,0.18959649
0.0,0.46784115
1.0,0.13884501
0.0,0.1906044
0.0,0.047505833
0.0,0.0057668285
0.0,0.08451704
0.0,0.040943585
0.0,4.0254963e-06
0.0,0.006996356
1.0,1.0
0.0,0.0060553723
0.0,0.005968728
0.0,8.35744e-07
0.0,6.001503e-07
0.0,1.8584938e-15
0.0,3.208132e-06
0.0,0.010573683
0.0,0.047607474
0.0,0.0048055337
0.0,5.998937e-11
0.0,7.242663e-13
0.0,2.7600527e-10
0.0,2.072755e-10
0.0,1.6247419e-05
1.0,1.0
0.0,0.0003184998
0.0,1.9135512e-06
1.0,0.42432046
0.0,0.40566438
0.0,2.1574454e-11
1.0,1.0
0.0,4.8554653e-11
0.0,1.3483516e-07
0.0,0.16614516
0.0,0.0013263
0.0,0.0005250204
0.0,2.859436e-06
0.0,3.5003172e-06
0.0,0.0061041773
0.0,0.04913308
0.0,1.46094235e-05
0.0,1.9199421e-13
1.0,0.99968064
0.0,3.7929677e-08
0.0,3.0195328e-05
0.0,0.059581578
0.0,4.576359e-13
0.0,1.1293926e-06
0.0,0.03184112
0.0,1.05788695e-05
0.0,1.397593e-07
1.0,0.068964
0.0,1.987092e-15
0.0,1.0823719e-15
0.0,0.016438505
0.0,0.08663616
0.0,1.0616552e-12
0.0,0.050660208
0.0,6.6802414e-07
0.0,0.053879935
0.0,3.1776642e-16
0.0,4.79701e-06
0.0,0.015323383
0.0,0.30888742
0.0,1.3894699e-15
0.0,2.7780785e-14
0.0,4.922856e-05
0.0,0.019758908
0.0,1.8859908e-10
0.0,9.393453e-15
0.0,0.06417677
0.0,0.0017812271
0.0,0.021050256
0.0,2.3836714e-07
0.0,2.7831625e-06
0.0,1.4834857e-10
0.0,5.2263208e-11
1.0,0.261834
0.0,1.8343817e-06
0.0,2.5800606e-19
0.0,1.0261311e-06
0.0,4.7087565e-06
0.0,0.0033393768
0.0,2.8413187e-05
0.0,1.8297655e-13
0.0,6.6356744e-14
0.0,0.04163839
0.0,3.8729463e-14
0.0,0.0016757534
0.0,0.03774029
0.0,0.099306546
0.0,0.25623977
0.0,3.7304063e-14
0.0,0.14401677
0.0,0.041987233
0.0,1.3249799e-14
0.0,0.023158288
0.0,0.014591461
0.0,9.007952e-17
0.0,0.04350959
0.0,1.0554868e-09
0.0,3.0260424e-08
0.0,0.23157065
1.0,0.14057581
1.0,1.0
0.0,0.046770517
0.0,0.00021458943
0.0,0.07058142
0.0,0.03040265
0.0,0.4589702
0.0,7.848296e-09
0.0,0.056294393
1.0,0.18422107
0.0,1.3701573e-16
0.0,0.0048631257
0.0,7.9326655e-06
0.0,1.8271736e-10
0.0,0.043575086
0.0,2.1983742e-05
0.0,0.19933435
0.0,0.0002850289
0.0,0.000116824405
0.0,1.1623028e-13
0.0,4.680162e-08
0.0,6.618604e-09
0.0,2.3624829e-05
0.0,3.1443747e-06
0.0,1.11670715e-05
0.0,0.17833014
0.0,0.021964118
0.0,0.011203219
0.0,1.0267642e-05
0.0,1.1635361e-07
0.0,1.6395959e-15
0.0,1.4723066e-05
0.0,0.043735385
0.0,0.06592203
0.0,0.28701153
0.0,2.8245329e-06
0.0,3.9968498e-10
0.0,0.047514655
0.0,0.031041684
0.0,2.6832988e-06
0.0,0.09128616
0.0,4.7927195e-13
0.0,0.20489354
0.0,0.042785082
0.0,2.8985467e-10
0.0,0.114517644
0.0,5.6249854e-07
0.0,0.018872205
0.0,1.1934267e-06
0.0,6.3048205e-06
0.0,2.5486599e-05
0.0,2.5222146e-14
0.0,1.3915116e-08
0.0,0.003695431
0.0,0.047489207
0.0,1.5838872e-06
0.0,2.773146e-09
0.0,0.040570404
0.0,2.400429e-07
0.0,2.2801447e-09
0.0,1.7259498e-06
0.0,5.546499e-19
0.0,4.963314e-07
0.0,0.040465325
0.0,0.06863045
0.0,0.1268236
0.0,8.7760944e-11
0.0,0.009145481
0.0,0.010761165
0.0,0.00954289
0.0,1.0494115e-07
0.0,0.03597016
1.0,1.0
0.0,2.6486486e-09
0.0,5.369672e-08
0.0,1.4373301e-11
0.0,6.967177e-07
0.0,1.670757e-08
0.0,6.806386e-07
0.0,1.0971102e-19
0.0,0.25963902
0.0,0.069584616
0.0,0.0023362138
0.0,3.2522419e-06
0.0,0.0016143759
0.0,6.9306784e-06
0.0,4.291993e-06
0.0,0.00075252616
0.0,0.0064964537
0.0,3.780711e-06
0.0,0.08484213
0.0,0.014764787
0.0,5.2516923e-05
0.0,5.809904e-10
0.0,1.4051298e-08
0.0,1.88479e-06
0.0,0.18292052
0.0,0.005233084
0.0,3.397648e-08
0.0,5.826506e-07
0.0,0.063498
0.0,1.824266e-10
0.0,3.2741405e-09
0.0,0.0026528726
0.0,0.0025795822
1.0,0.99988955
0.0,4.009251e-13
1.0,1.0
0.0,4.950175e-06
0.0,6.757587e-14
0.0,9.626006e-17
0.0,1.3908642e-08
0.0,4.3492054e-08
0.0,2.4052855e-11
0.0,0.02493095
0.0,0.11067793
0.0,0.00018902113
0.0,0.08826378
0.0,4.1869504e-15
0.0,0.018454831
0.0,1.3827511e-20
0.0,2.599057e-08
0.0,1.129878e-05
0.0,0.00036805216
0.0,0.40640694
0.0,1.681673e-14
0.0,9.2373345e-11
0.0,0.008054294
1.0,0.1580588
0.0,6.6139386e-11
0.0,0.14067505
0.0,5.6242988e-12
0.0,2.1806572e-09
1.0,1.0
1.0,0.997731
0.0,0.0026863734
0.0,0.02160736
1.0,1.0
0.0,0.012325883
0.0,4.642443e-05
0.0,1.6351831e-06
0.0,0.008300835
1.0,1.0
0.0,4.742751e-12
0.0,0.035869565
0.0,7.35275e-05
0.0,2.9857867e-14
0.0,1.9856597e-07
0.0,0.35922724
0.0,0.03840262
0.0,2.6272076e-07
0.0,0.0017834468
0.0,1.6228091e-06
0.0,0.09992141
0.0,0.04811244
0.0,0.029392088
0.0,2.8900244e-13
0.0,0.08959781
0.0,4.4710507e-15
0.0,0.0409842
0.0,2.2258997e-05
0.0,9.834565e-05
0.0,3.570349e-15
0.0,2.948075e-10
0.0,0.33515158
0.0,0.00026608031
0.0,7.0820533e-06
0.0,4.9411715e-06
0.0,3.050534e-11
0.0,0.22512501
0.0,1.2102e-07
1.0,1.0
0.0,1.8080306e-13
1.0,1.0
0.0,1.8720934e-09
0.0,6.727854e-10
0.0,7.536317e-11
1.0,0.13706271
0.0,0.01325376
0.0,1.1263654e-14
0.0,0.00890399
0.0,0.08428506
0.0,0.30786118
0.0,0.24708822
0.0,0.07019594
0.0,2.4248347e-18
0.0,2.1601217e-07
0.0,0.021859048
0.0,4.1135662e-10
0.0,0.28872538
0.0,5.0763806e-09
0.0,1.0234114e-06
0.0,1.6409619e-09
1.0,1.0
0.0,1.5929702e-06
0.0,0.069512345
1.0,0.99473345
0.0,0.05120203
0.0,2.8975948e-05
0.0,6.7088474e-11
1.0,1.0
0.0,6.087677e-12
0.0,0.00011846514
0.0,0.0023987896
0.0,6.6763982e-06
0.0,1.198579e-08
0.0,9.795255e-16
0.0,0.09022313
0.0,0.00016997024
0.0,0.00044725055
0.0,0.0034321893
0.0,1.060904e-20
0.0,3.8358894e-07
0.0,0.00018796936
0.0,7.538869e-05
0.0,1.2055303e-06
0.0,2.7556787e-12
0.0,5.1319823e-08
0.0,0.40815532
0.0,0.02286434
0.0,0.007914776
0.0,2.1097996e-16
0.0,3.9332083e-11
0.0,6.330774e-08
0.0,3.4703228e-06
0.0,0.049196787
0.0,0.21922714
0.0,1.2547786e-15
0.0,0.028472774
0.0,2.7286524e-06
0.0,0.051592793
0.0,1.8161885e-05
0.0,0.021066498
1.0,1.0
0.0,5.015385e-06
0.0,0.056821074
0.0,1.7052663e-06
1.0,1.0
0.0,1.8193093e-08
0.0,2.3147003e-07
0.0,1.071916e-09
0.0,0.0003004149
0.0,0.082636766
0.0,0.096430406
0.0,3.380177e-06
0.0,1.08207815e-13
0.0,0.0002995483
0.0,7.309839e-19
0.0,3.2341634e-16
0.0,2.3196512e-06
0.0,9.682307e-07
0.0,1.7605096e-06
0.0,0.00035831687
0.0,3.3063375e-06
0.0,3.2527456e-07
0.0,2.479528e-05
0.0,0.0029380294
0.0,5.602308e-08
0.0,0.022561105
0.0,4.0557196e-10
0.0,7.2591715e-06
0.0,2.6674377e-13
0.0,2.4773524e-18
0.0,1.8054858e-07
0.0,0.057818875
0.0,0.16388695
0.0,1.2926115e-06
0.0,5.081637e-06
0.0,2.6321552e-09
0.0,0.069838256
0.0,0.005732941
0.0,2.389717e-13
0.0,0.00044268358
0.0,2.3201148e-05
0.0,3.7948826e-07
0.0,0.0018431051
0.0,0.12772663
0.0,4.5721277e-20
0.0,0.025483971
0.0,2.9861075e-12
0.0,1.9399856e-06
0.0,4.513047e-09
0.0,7.3056626e-14
0.0,5.04236e-11
0.0,1.0940331e-06
0.0,2.6586231e-11
0.0,0.033949375
0.0,0.0021331492
0.0,2.2232993e-11
0.0,0.0014564596
0.0,2.8268448e-06
0.0,0.00016220131
0.0,2.1396245e-06
1.0,1.0
0.0,8.045094e-18
0.0,9.242027e-10
0.0,0.1404852
0.0,0.040265437
0.0,4.273893e-07
0.0,8.044051e-06
0.0,0.01439706
0.0,6.2467373e-09
0.0,3.4473114e-15
0.0,0.014159974
0.0,1.05048476e-14
0.0,4.9518484e-10
0.0,1.2818588e-06
0.0,1.3527507e-10
0.0,1.9851067e-12
0.0,1.6753439e-10
0.0,1.8300694e-06
0.0,3.3500888e-14
0.0,0.08134832
0.0,0.094081126
0.0,0.012440345
0.0,6.915951e-07
0.0,0.0032923203
0.0,6.3683726e-13
0.0,0.019435648
0.0,1.5002226e-14
0.0,9.665658e-08
0.0,0.079667434
1.0,0.09157624
0.0,6.3655236e-08
1.0,1.0
0.0,0.011979696
0.0,2.512449e-07
0.0,0.11420848
0.0,1.9324979e-11
1.0,0.99685776
0.0,3.3963354e-07
0.0,0.01684079
0.0,0.15978023
0.0,2.5498046e-05
0.0,3.862363e-06
0.0,6.7920926e-05
0.0,5.3769504e-06
0.0,0.017077079
0.0,8.528763e-15
0.0,3.2063888e-06
0.0,0.00013385164
0.0,0.010239903
0.0,3.2332206e-05
0.0,6.9509675e-15
0.0,2.8047593e-09
1.0,1.0
0.0,0.23251793
0.0,4.073849e-08
0.0,0.3699472
0.0,6.1351074e-08
1.0,0.32026494
0.0,1.7185565e-12
0.0,1.7553883e-16
0.0,1.6298926e-11
0.0,6.594586e-09
0.0,0.16035323
0.0,0.039974906
0.0,0.0094617205
0.0,0.0017181021
0.0,2.6703229e-10
0.0,4.5253195e-17
0.0,1.2673192e-08
0.0,2.0227212e-06
1.0,0.31386554
0.0,0.54620564
1.0,0.24056728
0.0,1.2680084e-08
0.0,1.4744752e-06
0.0,0.03255071
0.0,1.041084e-05
0.0,0.0002779098
0.0,0.13078102
0.0,0.004844019
0.0,0.00011640063
0.0,2.9209245e-05
0.0,1.9218598e-06
1.0,0.26375332
0.0,0.054455023
0.0,2.3501778e-10
0.0,2.0856755e-10
0.0,0.0014985186
0.0,2.9750557e-12
0.0,0.056154564
0.0,1.0783308e-08
0.0,0.11174187
0.0,0.16513245
0.0,0.10407511
0.0,0.43348974
0.0,0.17044008
0.0,0.05859024
0.0,0.22635648
0.0,0.009036974
0.0,0.057067472
0.0,1.4986534e-06
1.0,0.3687451
0.0,0.008168101
0.0,0.09697074
0.0,0.0016187319
0.0,0.00702868
0.0,0.036110666
0.0,0.023832195
0.0,0.078251846
0.0,0.08846086
0.0,0.0066746324
0.0,1.2758277e-15
0.0,1.50033275e-05
0.0,3.666104e-15
0.0,0.18920858
0.0,1.3733178e-06
0.0,0.007701387
0.0,3.0585595e-06
0.0,0.21763887
0.0,1.2207742e-05
0.0,0.16121294
0.0,0.004986431
1.0,1.0
0.0,0.01795747
0.0,4.960396e-13
0.0,1.2300308e-05
0.0,1.50478645e-05
0.0,0.019628294
0.0,2.488057e-06
0.0,0.045626625
0.0,7.6778457e-07
0.0,0.13524517
0.0,0.03500347
0.0,0.043532286
1.0,1.0
0.0,3.5222026e-08
0.0,0.0075513427
0.0,0.14881235
1.0,1.0
0.0,0.048833612
0.0,1.6884529e-09
0.0,3.122927e-07
0.0,6.771264e-14
0.0,1.2088403e-05
0.0,0.020625105
0.0,6.0858063e-05
0.0,1.8345657e-11
0.0,0.25684947
1.0,1.0
0.0,0.38750154
0.0,1.7141232e-09
0.0,0.029350426
0.0,1.1454481e-14
0.0,0.006279343
0.0,1.9286296e-07
0.0,1.9181497e-08
0.0,1.539992e-06
0.0,0.43450394
0.0,3.4500385e-06
0.0,3.254437e-08
0.0,5.307518e-08
0.0,0.0003616655
0.0,4.9601385e-07
1.0,0.2374264
0.0,4.5140124e-12
0.0,0.002900245
0.0,0.00012991077
0.0,2.0014986e-06
0.0,1.9925027e-16
1.0,0.02502318
0.0,5.5756204e-06
0.0,4.169462e-13
0.0,5.408135e-06
0.0,0.00899354
0.0,0.0077833817
0.0,3.1086752e-12
1.0,0.99670374
0.0,0.2501892
0.0,1.469824e-06
0.0,2.0502151e-08
0.0,1.1239917e-14
0.0,0.0009285047
0.0,0.138036
1.0,1.0
0.0,0.020125393
0.0,1.3337223e-07
0.0,3.859414e-11
0.0,1.2673994e-05
0.0,0.041873597
0.0,1.1826208e-05
0.0,1.0459185e-14
0.0,4.547143e-16
0.0,0.09783565
0.0,7.463843e-08
0.0,3.5820467e-19
0.0,1.6908753e-05
1.0,1.0
0.0,0.16046157
0.0,0.010287309
0.0,0.002172439
0.0,9.9239754e-05
0.0,0.11997141
1.0,0.26880056
0.0,4.0020127e-06
0.0,0.008380404
0.0,3.0783778e-07
0.0,1.7732517e-11
0.0,0.3919615
0.0,0.0022324289
0.0,6.4753503e-13
1.0,1.0
0.0,0.0028760612
0.0,1.20009345e-08
0.0,0.00038543245
0.0,0.08376085
0.0,0.0044950247
0.0,2.0728837e-19
0.0,0.029832385
0.0,0.0028749309
0.0,0.00013113645
0.0,9.991068e-07
0.0,4.6222685e-06
0.0,2.3798517e-12
0.0,2.5417976e-10
0.0,3.5703534e-12
0.0,0.0020046209
0.0,1.7421252e-10
0.0,3.706369e-07
0.0,6.043205e-07
0.0,0.117132746
0.0,8.758864e-07
0.0,3.293066e-14
0.0,1.2020652e-07
0.0,0.13748503
0.0,4.4356694e-20
0.0,0.30184594
0.0,3.670749e-07
0.0,0.08195845
0.0,9.440664e-10
0.0,0.13305499
0.0,0.029434506
0.0,0.13068922
0.0,0.00034011365
0.0,1.0129485e-07
0.0,0.1376105
0.0,8.625562e-18
0.0,0.034359187
0.0,0.0019089335
0.0,0.100228034
0.0,0.08341949
0.0,0.14444098
0.0,0.016894404
0.0,3.1317904e-05
0.0,0.2684845
0.0,4.1766707e-06
0.0,1.17382534e-07
0.0,0.19667505
0.0,0.00015758208
0.0,0.11428365
0.0,0.00736902
0.0,1.067403e-09
0.0,4.9931834e-12
0.0,2.1439937e-12
0.0,4.5752013e-06
0.0,7.429378e-18
0.0,3.7007089e-09
0.0,0.017436445
0.0,2.1925252e-06
0.0,0.37931296
0.0,1.5190718e-06
0.0,5.3142948e-08
0.0,0.043489575
0.0,0.17075552
0.0,1.2526721e-19
0.0,1.2323743e-07
0.0,7.762058e-12
0.0,0.007879241
0.0,0.42571488
0.0,8.7900043e-10
0.0,3.9693782e-10
0.0,1.1565986e-06
0.0,0.0056712194
0.0,2.6358884e-09
0.0,0.022716567
0.0,0.021406809
0.0,5.548129e-19
0.0,5.25906e-06
0.0,3.9071772e-05
0.0,2.0080339e-05
0.0,1.3971231e-08
0.0,0.0056052282
0.0,4.1794335e-11
0.0,9.6703996e-05
0.0,1.2442921e-15
0.0,0.060056113
0.0,1.5175195e-07
0.0,0.09987966
0.0,0.018472724
0.0,1.3227812e-10
0.0,6.5754506e-07
0.0,0.029721798
0.0,2.1627611e-05
0.0,2.2443608e-14
0.0,1.4628579e-05
1.0,1.0
0.0,0.016726602
0.0,0.08468438
0.0,3.192462e-05
0.0,0.12475738
0.0,0.0071927398
0.0,1.1470594e-18
0.0,1.9435574e-05
0.0,0.013142342
0.0,0.40981916
0.0,6.939229e-08
0.0,1.4214564e-06
0.0,2.855384e-06
0.0,6.339527e-07
0.0,1.5125681e-07
0.0,0.006154705
0.0,0.1416404
0.0,0.0002087622
0.0,0.033595335
0.0,3.5296325e-12
0.0,1.5888335e-13
0.0,4.109266e-14
0.0,0.09550339
0.0,0.0041168206
0.0,5.0540025e-06
0.0,1.2477949e-08
0.0,0.32458937
1.0,0.40051368
0.0,0.0025956656
0.0,1.4547761e-13
0.0,0.0035508194
1.0,0.07019594
1.0,1.0
0.0,1.435184e-16
0.0,0.103866726
0.0,2.137128e-14
0.0,0.014359661
0.0,7.4584526e-11
0.0,1.8027054e-08
1.0,1.0
0.0,5.9324598e-06
0.0,8.183998e-07
0.0,3.427498e-15
0.0,0.015917927
0.0,1.5620671e-09
0.0,0.358874
0.0,2.1675609e-07
0.0,3.8135095e-05
0.0,0.78761065
0.0,0.0027002997
0.0,8.37804e-12
0.0,8.664469e-05
0.0,0.13662812
0.0,5.0622595e-05
0.0,5.520276e-05
0.0,0.060384527
0.0,0.0007631911
0.0,1.5225747e-15
0.0,1.92383e-05
0.0,5.1366123e-06
0.0,1.1455606e-06
0.0,1.1872434e-06
0.0,2.5726718e-10
0.0,0.15899307
0.0,0.35474622
0.0,1.2249503e-14
0.0,0.0026902878
0.0,0.046483785
0.0,1.0339579e-07
0.0,1.8805854e-13
1.0,0.7359161
0.0,2.244966e-09
0.0,3.2563603e-06
0.0,1.3124554e-12
0.0,1.6432024e-11
1.0,1.0
0.0,1.1102902e-05
0.0,0.0052426322
0.0,0.031933904
0.0,0.24742645
0.0,0.17388988
1.0,1.0
0.0,2.3002775e-07
1.0,0.090479076
0.0,0.04230773
0.0,0.44926608
0.0,0.003738312
0.0,1.5910539e-16
0.0,3.3113647e-16
0.0,1.2282281e-06
0.0,9.238343e-14
0.0,2.09781e-08
0.0,0.00015136547
0.0,0.02531485
0.0,0.40436134
0.0,2.9902669e-05
0.0,0.031298243
0.0,1.6680093e-05
0.0,1.6701279e-05
0.0,0.10085674
0.0,5.1977904e-06
0.0,4.7338934e-12
0.0,1.6810965e-07
0.0,0.12493113
0.0,9.158076e-06
0.0,0.12813696
0.0,0.021166587
0.0,5.2661747e-08
0.0,0.0014167306
0.0,3.0832072e-20
0.0,2.4017234e-05
0.0,1.1430774e-15
0.0,3.9575924e-17
0.0,0.021522855
1.0,1.0
0.0,4.783999e-07
0.0,8.6228e-14
0.0,0.01397372
0.0,0.06756864
0.0,1.9931796e-09
0.0,0.16594268
0.0,1.6824561e-10
0.0,0.38425985
0.0,3.242797e-14
0.0,3.163256e-08
0.0,0.09394642
0.0,0.13516986
1.0,0.21547498
0.0,0.06158621
0.0,7.125872e-18
0.0,1.2814999e-12
0.0,0.012638762
0.0,1.1872135e-07
0.0,1.3318717e-06
0.0,9.933164e-08
0.0,0.11300807
0.0,2.7592853e-07
0.0,4.2319425e-05
0.0,7.360392e-14
0.0,1.3488082e-07
0.0,0.0035725944
1.0,0.4554392
0.0,0.012294918
0.0,0.27431348
0.0,1.8180788e-05
0.0,9.886195e-08
0.0,0.115902826
0.0,0.08975568
0.0,4.0749777e-15
1.0,0.2635316
0.0,9.119496e-16
0.0,2.2511541e-08
1.0,0.41852015
1.0,0.3175805
0.0,1.0757337e-09
0.0,1.9216282e-09
0.0,0.068768226
0.0,0.00534098
0.0,2.649353e-06
0.0,7.937115e-06
1.0,0.99979246
0.0,3.2912371e-06
0.0,7.156171e-07
0.0,8.986969e-06
0.0,4.57256e-14
0.0,5.4476928e-08
0.0,0.00020410755
0.0,9.4842396e-20
0.0,6.240815e-13
0.0,2.4152341e-06
0.0,7.660921e-07
0.0,2.704976e-06
0.0,2.3995368e-09
0.0,9.620284e-06
0.0,9.48025e-11
0.0,2.7223884e-17
0.0,0.025632188
0.0,0.19037856
0.0,3.5065035e-08
0.0,0.04526868
0.0,3.819652e-07
0.0,4.7468375e-06
0.0,5.9060867e-06
0.0,0.0010950477
0.0,3.5663056e-15
0.0,6.9750945e-07
0.0,0.088525765
0.0,1.7052973e-05
1.0,0.99999964
0.0,6.472368e-12
0.0,2.1793368e-05
0.0,2.4236342e-05
0.0,0.3089027
0.0,1.2383676e-06
0.0,3.5325809e-13
1.0,0.99999994
0.0,0.10579966
0.0,1.8021676e-06
0.0,1.4445964e-19
0.0,0.2012487
0.0,4.307852e-12
0.0,0.018840237
0.0,5.454186e-07
0.0,0.20836253
0.0,0.044254016
0.0,2.8108238e-15
0.0,0.037315115
0.0,1.106666e-13
0.0,8.903538e-08
0.0,5.208887e-14
0.0,4.269385e-06
0.0,3.852729e-11
0.0,7.491965e-06
1.0,0.05566621
0.0,0.12751432
0.0,4.7273563e-14
0.0,2.836678e-06
0.0,5.6434557e-05
0.0,0.05010488
0.0,5.1805622e-05
0.0,6.634807e-09
0.0,1.073197e-08
0.0,3.3280084e-10
0.0,6.433086e-07
0.0,3.743935e-05
0.0,1.9449706e-06
1.0,0.08678386
0.0,0.0037086024
0.0,5.0469018e-11
0.0,0.009701823
0.0,2.9078397e-13
1.0,1.0
0.0,2.1841428e-11
0.0,2.0552198e-15
0.0,7.4204565e-14
0.0,5.756985e-05
0.0,0.20967755
0.0,0.012163641
0.0,0.09188534
0.0,3.0659408e-14
0.0,9.87298e-17
0.0,4.6874874e-08
0.0,1.0264179e-08
0.0,0.023124412
0.0,0.005077056
0.0,7.9790195e-13
0.0,0.032644577
0.0,0.060733978
0.0,0.1051348
0.0,2.1788953e-19
0.0,2.3246917e-12
1.0,1.0
1.0,0.1960676
0.0,1.3345757e-09
0.0,0.032284524
0.0,3.1941869e-12
0.0,0.04426
0.0,1.9564037e-05
0.0,0.027359739
0.0,8.747987e-05
0.0,0.050473187
0.0,0.11080192
0.0,1.9515795e-17
1.0,1.0
1.0,0.19638602
0.0,0.027638441
0.0,0.018899046
0.0,1.0105609e-06
0.0,1.414382e-12
0.0,0.00045797083
1.0,1.0
0.0,0.08288708
0.0,1.2528267e-07
1.0,1.0
0.0,0.3827076
0.0,0.00015226108
0.0,0.22562574
0.0,0.014366736
0.0,0.16482228
0.0,8.308247e-11
0.0,7.8593715e-11
0.0,0.00011435139
0.0,0.0012290966
0.0,5.6758864e-08
0.0,0.09912505
0.0,3.952459e-06
0.0,2.129737e-06
0.0,9.294704e-07
0.0,6.348249e-11
0.0,1.8644577e-08
0.0,3.3786486e-07
0.0,0.015441195
0.0,0.01341721
0.0,4.0591513e-06
0.0,3.5039946e-09
0.0,1.5905695e-08
0.0,0.0048392112
0.0,3.5460473e-10
0.0,0.21467678
0.0,3.644367e-14
0.0,4.8014313e-06
0.0,1.5251723e-08
0.0,2.252192e-13
0.0,1.5940084e-10
0.0,0.0016397585
0.0,1.1734882e-05
0.0,0.019546153
0.0,0.014274385
0.0,0.08931481
1.0,0.073017515
0.0,7.347837e-06
0.0,0.0026107852
1.0,1.0
0.0,0.0033641974
0.0,1.6200272e-06
0.0,2.6074093e-11
0.0,0.21385172
0.0,0.012939959
1.0,1.0
0.0,0.005757994
0.0,2.8700486e-11
0.0,1.3878097e-06
0.0,1.8111761e-12
0.0,2.99663e-05
0.0,4.0421373e-09
0.0,9.253392e-05
0.0,0.05641428
0.0,2.6060115e-07
0.0,3.068237e-19
0.0,0.053440616
1.0,1.0
0.0,5.018143e-07
0.0,0.04416326
0.0,7.656425e-06
0.0,7.221376e-05
0.0,0.053571068
0.0,0.017622491
0.0,1.2562363e-13
1.0,0.08548726
0.0,0.030986095
1.0,1.0
0.0,2.4113433e-15
0.0,9.841443e-07
0.0,3.0352733e-06
0.0,0.16302626
0.0,0.026390748
1.0,0.43848196
1.0,0.40553394
0.0,0.002361116
1.0,0.2868184
0.0,0.007222438
0.0,0.061913796
1.0,1.0
0.0,4.015849e-08
1.0,1.0
0.0,0.011921095
0.0,1.2445013e-05
0.0,7.5697335e-07
0.0,6.338591e-08
0.0,5.7031917e-11
0.0,3.634115e-14
0.0,3.0645302e-11
0.0,0.20779137
0.0,0.10188891
0.0,0.19958168
0.0,0.001041221
1.0,1.0
1.0,0.08799022
0.0,5.22676e-07
0.0,3.6029353e-13
0.0,1.0232299e-06
0.0,2.404726e-06
1.0,0.6387998
0.0,5.836436e-11
0.0,0.169657
0.0,5.3548332e-11
0.0,1.4317737e-14
0.0,0.003966449
0.0,6.558364e-06
0.0,2.3525022e-06
0.0,5.467632e-07
0.0,0.12957782
0.0,0.19963177
1.0,1.0
0.0,0.03377625
0.0,4.3396765e-05
0.0,0.039978985
0.0,0.004530885
1.0,0.99921715
0.0,0.011093485
0.0,0.013584775
1.0,0.09864258
0.0,2.449229e-11
0.0,0.043669935
0.0,0.11596167
0.0,0.0064894566
0.0,2.773764e-06
0.0,6.565098e-11
0.0,6.847878e-11
0.0,2.1060507e-14
1.0,0.24893807
0.0,0.00040514933
0.0,0.27260637
0.0,2.1166481e-06
0.0,0.047497932
0.0,2.5734964e-10
0.0,0.018618168
0.0,0.019484544
0.0,2.3959653e-06
0.0,0.21416214
0.0,2.335117e-06
0.0,0.009971868
0.0,0.0021979716
0.0,8.684629e-07
0.0,8.566114e-05
1.0,1.0
0.0,9.016146e-06
0.0,1.6572686e-11
0.0,1.2965217e-16
0.0,0.22142501
0.0,0.039808765
0.0,0.29909402
0.0,1.9486485e-13
0.0,0.036612894
0.0,6.512887e-08
0.0,1.8206971e-09
0.0,1.8884465e-13
0.0,0.00187691
0.0,8.994875e-06
0.0,1.7094652e-11
0.0,0.0004297133
0.0,2.0759723e-13
0.0,3.449816e-12
0.0,9.1579825e-12
0.0,2.7615067e-06
0.0,0.04199637
0.0,6.9404605e-06
0.0,0.06705225
0.0,0.16266163
0.0,2.099676e-12
0.0,0.4155619
0.0,2.6250314e-07
0.0,1.0589038e-07
0.0,0.008650426
0.0,1.8239401e-09
0.0,2.5997823e-10
0.0,0.02427975
0.0,0.28727177
0.0,0.012446908
1.0,1.0
0.0,0.038476337
0.0,0.13323084
0.0,0.4046586
0.0,9.1787996e-07
1.0,1.0
0.0,0.00013722939
0.0,3.39415e-07
0.0,0.0040351697
0.0,0.17914957
0.0,7.234623e-15
0.0,2.4380131e-12
0.0,1.05092234e-10
0.0,0.002262719
0.0,0.009580532
0.0,5.015973e-14
0.0,0.06658627
0.0,5.495771e-16
0.0,1.2655067e-10
0.0,9.196989e-11
0.0,0.097455956
1.0,1.0
0.0,0.03164244
0.0,6.013383e-15
0.0,0.016116267
1.0,0.36843398
0.0,5.9037884e-06
0.0,3.9613078e-05
0.0,0.0016647708
0.0,0.1651084
1.0,0.9995526
0.0,4.8336353e-09
0.0,4.6833835e-09
0.0,0.022302609
0.0,0.043901227
0.0,5.15104e-06
0.0,0.011643857
0.0,6.068138e-13
0.0,0.011741089
0.0,3.4481517e-16
0.0,1.1350205e-13
0.0,0.09923536
0.0,0.09204485
0.0,0.014004284
1.0,1.0
0.0,0.0031867502
0.0,0.2193924
0.0,0.1722825
0.0,0.32213414
0.0,9.6113146e-20
0.0,0.033357326
0.0,0.35524943
0.0,5.116026e-14
0.0,0.021513835
0.0,1.4145477e-05
0.0,1.5478029e-11
0.0,0.3391198
0.0,0.00011944973
1.0,0.9999999
0.0,5.1017987e-06
0.0,0.18962759
0.0,1.5890168e-05
0.0,5.5060937e-06
1.0,0.14698455
0.0,2.2290603e-08
0.0,7.166277e-16
0.0,9.534774e-08
0.0,0.103168584
0.0,0.0051779556
0.0,0.19016503
0.0,0.14246939
0.0,2.6582084e-06
0.0,0.15417796
0.0,1.09528976e-07
0.0,0.05136375
0.0,3.7364125e-13
0.0,2.8947225e-05
0.0,9.714112e-09
0.0,0.034473162
0.0,2.3091959e-10
0.0,0.11618972
0.0,2.5987936e-15
0.0,0.03623115
0.0,1.2405941e-17
0.0,0.00038478954
0.0,1.5880055e-15
0.0,1.7874336e-13
0.0,0.023050986
0.0,2.8726987e-08
0.0,1.0783412e-12
0.0,0.012475919
0.0,1.6933575e-17
0.0,6.291078e-11
0.0,0.0035424898
0.0,7.2726365e-08
0.0,1.4698306e-05
0.0,0.17785785
1.0,0.999444
0.0,3.9954347e-08
0.0,0.0010384073
0.0,0.0045150914
0.0,7.0000933e-06
0.0,4.6893276e-09
1.0,1.0
0.0,0.05297568
0.0,3.3355627e-19
0.0,2.5088565e-10
0.0,0.032121047
0.0,1.1896194e-15
0.0,0.14402403
1.0,0.21306561
0.0,3.5217635e-09
0.0,0.005876418
0.0,4.0267435e-14
0.0,0.0004208452
0.0,0.043460783
0.0,0.041882344
0.0,1.7665677e-06
0.0,2.5192006e-05
0.0,0.06860123
0.0,4.601588e-06
0.0,0.08230573
0.0,9.682837e-08
0.0,3.5456458e-15
0.0,1.4197235e-06
0.0,2.4853871e-12
0.0,1.7976256e-13
0.0,0.012389388
1.0,1.0
0.0,0.10433185
0.0,0.0058720955
0.0,1.6329684e-06
0.0,0.08654034
0.0,0.12675332
0.0,6.528259e-08
0.0,0.105041906
0.0,5.6868805e-07
0.0,0.03128602
0.0,0.124261476
0.0,0.12882303
0.0,1.9521585e-12
0.0,1.9252685e-07
0.0,0.022069821
0.0,1.9027335e-11
0.0,0.012879354
0.0,3.6047172e-12
0.0,1.1795747e-06
0.0,7.2784e-11
0.0,9.475555e-06
0.0,0.14257392
0.0,2.2413837e-10
0.0,0.00012477906
0.0,1.3351093e-06
0.0,0.4742126
1.0,1.0
0.0,0.37691137
0.0,5.323333e-16
0.0,4.433398e-15
0.0,0.01637264
0.0,2.7480656e-14
0.0,0.0027382069
0.0,5.950014e-07
0.0,7.418596e-12
0.0,1.0160555e-06
0.0,4.6935742e-14
0.0,1.4897559e-07
0.0,0.0025817053
0.0,0.021921149
0.0,0.00022040242
0.0,1.7044091e-15
0.0,3.050163e-07
0.0,1.2921442e-06
0.0,2.5939457e-06
0.0,0.13315544
0.0,0.046754036
0.0,0.030730506
0.0,6.641156e-07
0.0,3.01587e-14
0.0,0.112779565
0.0,5.3391425e-10
1.0,0.9995071
0.0,0.030757932
0.0,0.015903264
0.0,1.460715e-14
0.0,3.2101627e-07
0.0,0.0023098972
0.0,0.062321242
0.0,2.7746231e-05
0.0,0.28783813
0.0,0.13495098
0.0,0.048599396
0.0,2.9220422e-07
0.0,1.0366508e-16
1.0,0.14865537
0.0,6.0338882e-12
0.0,0.025547266
0.0,0.00014402087
0.0,1.6542451e-06
0.0,0.025715642
0.0,6.039109e-07
0.0,0.000472399
0.0,3.0707463e-09
0.0,3.1145967e-14
0.0,1.17002976e-07
0.0,4.278003e-10
0.0,1.5012043e-14
0.0,1.3403799e-16
0.0,0.0023086055
0.0,2.2715811e-12
0.0,5.250274e-10
0.0,1.6089264e-06
0.0,2.106913e-12
0.0,0.017219353
0.0,8.244309e-06
0.0,9.075046e-07
0.0,2.7118656e-07
0.0,1.2260699e-05
0.0,0.22185296
0.0,1.5277825e-14
0.0,4.400513e-09
0.0,1.5199033e-13
0.0,0.426106
1.0,1.0
0.0,0.00010744289
0.0,0.17579012
0.0,0.08493402
0.0,7.2226986e-10
0.0,4.7339527e-10
0.0,7.224791e-07
0.0,0.2279516
0.0,1.16759104e-07
0.0,5.860229e-15
0.0,1.8308228e-14
0.0,0.19633736
0.0,0.0065275664
1.0,0.18668883
0.0,7.5574817e-06
0.0,5.171375e-08
0.0,0.1042276
1.0,1.0
0.0,1.460699e-09
0.0,2.656617e-06
0.0,0.010804366
0.0,3.8245616e-06
1.0,1.0
0.0,0.0023557127
0.0,0.044482388
0.0,0.020136392
0.0,0.011207625
0.0,6.7716127e-10
0.0,1.6893867e-06
0.0,0.0018179028
0.0,1.5140272e-06
1.0,1.0
0.0,0.28168368
0.0,0.004014947
0.0,2.3784228e-12
0.0,0.00018534975
0.0,4.1565983e-07
0.0,2.3908264e-08
0.0,1.1415058e-07
0.0,2.8627906e-07
0.0,7.287064e-12
0.0,3.9803026e-06
0.0,5.2299615e-06
0.0,1.4427749e-10
0.0,2.5709411e-07
0.0,2.8712371e-11
1.0,1.0
0.0,1.7031261e-18
0.0,0.01711939
0.0,1.1856221e-06
0.0,0.0043920297
0.0,2.8894126e-13
0.0,1.7074909e-18
0.0,1.7385047e-06
1.0,1.0
0.0,4.598425e-06
0.0,0.010751519
0.0,5.193948e-05
0.0,0.0717813
0.0,8.236279e-06
0.0,0.0025199533
0.0,0.13897236
0.0,0.007108017
0.0,1.7482542e-06
0.0,0.12759688
0.0,5.0795405e-12
1.0,1.0
1.0,1.0
0.0,2.7952874e-08
0.0,0.25006732
0.0,0.11370098
0.0,1.2713142e-15
0.0,0.17506115
0.0,0.43556508
0.0,2.027985e-05
0.0,0.0021465288
0.0,0.060602866
0.0,1.1571625e-06
0.0,0.14515321
0.0,4.445886e-08
0.0,0.07097439
0.0,2.7832434e-11
0.0,8.736578e-15
0.0,0.017572831
0.0,1.950149e-06
0.0,0.020318763
0.0,3.093605e-07
0.0,8.052364e-08
0.0,4.124095e-06
0.0,0.31868905
0.0,3.808471e-07
0.0,1.4864018e-08
0.0,1.2638604e-05
0.0,5.276149e-15
0.0,9.36034e-06
0.0,0.11010351
0.0,5.680327e-07
0.0,4.836963e-10
0.0,3.82147e-06
0.0,0.09925955
0.0,2.5662472e-10
0.0,0.0024888143
0.0,0.01617434
0.0,6.116895e-06
0.0,0.0154655585
0.0,0.45998472
0.0,0.001520431
0.0,0.03353359
0.0,9.20834e-08
0.0,0.033432264
0.0,0.03384628
0.0,2.4498044e-05
1.0,0.46850276
0.0,5.378622e-11
0.0,9.565361e-05
0.0,2.3356568e-05
0.0,0.091447376
1.0,0.99785423
0.0,0.13910744
0.0,0.14000876
0.0,0.011086786
0.0,1.0240291e-07
1.0,1.0
0.0,8.3429324e-05
0.0,0.26746863
0.0,2.4189564e-09
0.0,0.13153383
0.0,0.0530704
0.0,1.3199287e-05
0.0,0.26160505
0.0,0.004293886
0.0,0.05044587
0.0,1.21195605e-08
0.0,0.0009860299
0.0,1.5901236e-08
0.0,0.012180842
0.0,0.00017081508
1.0,0.06042179
0.0,2.0987123e-14
0.0,6.698198e-07
0.0,1.5165317e-11
0.0,1.873209e-07
0.0,0.040385533
0.0,1.1082241e-18
1.0,0.31317547
0.0,1.0001237e-05
1.0,0.568262
0.0,0.00088575075
0.0,0.026050752
0.0,0.019881047
0.0,1.05201075e-07
0.0,2.910608e-10
0.0,2.0553973e-05
0.0,1.41304845e-05
0.0,2.1144797e-07
0.0,2.7204986e-14
0.0,0.027182976
0.0,1.0274514e-10
1.0,1.0
0.0,5.0912062e-05
0.0,3.2555753e-10
0.0,0.024221212
0.0,0.21519314
0.0,9.656756e-06
0.0,3.6059274e-12
1.0,0.08729026
0.0,6.8823604e-17
0.0,6.612561e-08
0.0,3.54153e-06
0.0,5.159432e-13
0.0,4.9801935e-07
0.0,1.7348983e-08
0.0,0.07274429
0.0,1.9450253e-16
0.0,1.23273e-17
0.0,1.3335607e-06
0.0,0.00038583257
0.0,0.012915516
0.0,5.334813e-05
0.0,0.032453246
0.0,6.6612165e-06
0.0,0.04698422
0.0,0.2952791
0.0,1.7313539e-06
0.0,0.057986178
0.0,0.022339169
0.0,2.9203616e-14
0.0,0.0005235405
0.0,1.9192923e-05
0.0,0.053818446
0.0,2.1171412e-05
0.0,0.014487709
0.0,2.0866067e-10
0.0,4.5030535e-10
0.0,1.005866e-06
0.0,4.3368293e-16
0.0,0.2971991
0.0,4.4836215e-15
0.0,1.5174516e-07
0.0,0.000109730405
0.0,0.00021362095
0.0,1.2562847e-08
0.0,2.8284572e-20
0.0,3.0228927e-07
0.0,0.1195442
0.0,3.6547224e-12
0.0,4.860186e-05
1.0,1.0
0.0,9.9016134e-08
0.0,0.07661907
0.0,0.025669279
0.0,0.35625455
1.0,0.03327
0.0,0.003264768
0.0,0.04537928
0.0,2.7055848e-06
1.0,1.0
0.0,0.027505755
0.0,5.3557887e-05
0.0,6.2400016e-11
0.0,0.0144481445
0.0,1.2045743e-12
1.0,1.0
0.0,8.825468e-10
0.0,0.22346173
0.0,0.024912296
0.0,0.084771484
0.0,0.06453734
1.0,1.0
0.0,1.4317719e-05
0.0,1.3817475e-11
0.0,2.2256352e-09
0.0,2.2972719e-07
0.0,0.014948265
0.0,9.953628e-08
0.0,3.5452737e-07
0.0,0.033905588
0.0,1.7002842e-09
0.0,0.033312473
0.0,6.102375e-06
0.0,7.948044e-15
0.0,0.021577207
0.0,0.105381764
0.0,0.02595169
0.0,0.025494581
1.0,1.0
1.0,1.0
0.0,0.042202167
0.0,7.5035166e-14
0.0,0.1053243
0.0,0.08489789
0.0,1.8223574e-07
0.0,6.0625553e-05
0.0,0.059224904
0.0,2.8608625e-05
0.0,0.009850237
0.0,8.033606e-11
0.0,1.7853238e-10
0.0,1.0447508e-10
0.0,0.03423719
0.0,2.8161814e-06
0.0,0.033439524
0.0,3.8111025e-09
0.0,1.2019018e-06
0.0,0.12318091
0.0,7.360969e-10
1.0,1.0
0.0,0.00028395886
0.0,2.4059758e-05
0.0,9.822314e-07
0.0,0.00042927868
0.0,0.008403855
0.0,0.069094114
0.0,0.0023230312
1.0,0.38466835
0.0,9.458255e-14
0.0,3.7584956e-14
0.0,0.011416168
0.0,3.3155427e-12
0.0,0.0035329035
0.0,2.3937406e-13
0.0,9.213009e-06
0.0,4.0472997e-08
0.0,0.00029814002
0.0,9.7977216e-05
0.0,0.07166115
0.0,3.256705e-05
1.0,1.0
0.0,9.816509e-06
0.0,8.0407446e-08
0.0,7.6835976e-10
0.0,0.07146545
0.0,0.15910392
0.0,0.016471537
0.0,0.07331925
0.0,7.18459e-09
0.0,0.13322078
0.0,0.2523651
0.0,0.12752904
0.0,0.014871939
0.0,3.0474618e-07
0.0,0.081375375
0.0,3.4694818e-08
0.0,1.2113433e-06
0.0,5.5467075e-09
0.0,0.0021141712
0.0,0.011147563
0.0,0.00018710247
0.0,4.0112145e-06
0.0,9.1041475e-06
0.0,0.042016815
0.0,0.0008189723
0.0,0.070415825
0.0,0.047203563
0.0,7.847562e-16
0.0,0.017346818
0.0,2.6201538e-05
0.0,7.209752e-09
0.0,0.084396
0.0,6.246851e-14
0.0,2.1034229e-20
0.0,0.09785596
0.0,3.9837664e-06
0.0,1.4190515e-19
0.0,4.977919e-05
0.0,1.3745846e-11
0.0,2.351828e-10
0.0,6.10722e-07
0.0,9.9406705e-08
0.0,0.042262737
0.0,7.679365e-05
0.0,1.13014924e-13
0.0,1.1647955e-16
0.0,2.2298832e-14
1.0,0.9985624
0.0,3.3577283e-13
1.0,0.13381965
0.0,2.2850642e-07
0.0,0.004205665
0.0,0.060647823
0.0,2.0019519e-05
0.0,4.6655322e-07
0.0,3.2373042e-09
0.0,8.88864e-06
0.0,4.5583337e-07
0.0,0.022004357
0.0,1.1018238e-13
0.0,2.9450193e-09
0.0,0.00013080038
0.0,2.4036357e-14
0.0,4.757831e-05
1.0,1.0
0.0,0.02578582
0.0,1.8937735e-06
0.0,0.0001624302
0.0,5.621057e-17
0.0,1.5674865e-07
0.0,6.2813496e-07
0.0,0.0212207
1.0,0.10305841
1.0,0.9987458
0.0,0.0003922427
0.0,2.5167331e-12
0.0,0.04929652
0.0,7.156061e-07
0.0,0.12021048
0.0,3.5442258e-07
0.0,0.0028035485
0.0,1.1057656e-06
0.0,1.3023268e-15
0.0,0.011221394
0.0,0.33175078
0.0,0.033484597
0.0,7.2784394e-05
0.0,1.6150822e-10
0.0,0.044433087
0.0,0.04018017
0.0,7.1900877e-06
0.0,0.0024556103
0.0,0.0026908137
1.0,0.34822553
1.0,1.0
0.0,4.7902166e-08
0.0,8.821081e-09
0.0,0.011777307
1.0,1.0
0.0,5.968808e-10
0.0,0.06285954
1.0,0.096050285
0.0,7.0757956e-08
0.0,0.5510695
0.0,0.028911257
0.0,1.6114214e-07
0.0,0.02428036
0.0,4.049767e-06
1.0,1.0
0.0,4.3733846e-07
0.0,1.0857909e-10
1.0,1.0
0.0,2.0970185e-12
0.0,6.6360116e-12
0.0,0.4988696
0.0,5.5804185e-07
0.0,0.014414899
0.0,4.5894e-06
0.0,5.7134898e-08
0.0,1.0987809e-13
0.0,0.030572964
0.0,0.07367606
0.0,0.0003523596
0.0,3.2791117e-08
0.0,0.011570924
0.0,0.0026019842
0.0,0.0062560462
0.0,2.3439058e-14
0.0,7.2312585e-05
0.0,0.09370283
0.0,0.1864643
0.0,0.01576637
0.0,0.2620328
0.0,0.0051382557
1.0,0.97467166
0.0,0.07916847
0.0,3.6054775e-05
0.0,3.4718974e-07
0.0,9.572878e-06
0.0,2.9440994e-06
0.0,0.010524077
1.0,0.9999997
1.0,0.089962535
0.0,0.010924179
0.0,0.1670233
0.0,2.0145755e-08
0.0,0.0074313967
0.0,0.0052929497
0.0,0.010561239
0.0,3.3922537e-05
0.0,0.015758945
0.0,0.013549383
0.0,4.1960684e-05
0.0,4.481701e-06
0.0,9.38812e-07
0.0,0.0017884775
1.0,1.0
0.0,0.006628888
0.0,0.13931392
0.0,1.2026867e-07
0.0,6.967778e-13
0.0,0.13852917
0.0,2.2844423e-16
0.0,0.0672073
0.0,0.35909563
0.0,5.4051217e-12
0.0,0.0017008448
0.0,3.117859e-05
0.0,0.020730754
0.0,0.002961813
0.0,7.984567e-06
0.0,6.304177e-05
0.0,0.028811563
0.0,0.58368963
1.0,0.99999976
0.0,8.705754e-06
1.0,1.0
0.0,0.5004612
0.0,1.8751084e-10
0.0,1.4112884e-05
0.0,0.084131025
0.0,4.426031e-06
0.0,6.618642e-08
1.0,1.0
0.0,0.1521301
0.0,2.0375916e-16
0.0,4.18156e-05
0.0,3.713355e-05
0.0,0.32810697
0.0,2.8234098e-10
0.0,0.0040419647
0.0,2.664834e-07
0.0,2.3124545e-09
0.0,0.32166374
0.0,5.437199e-11
0.0,3.756394e-06
1.0,1.0
0.0,2.3729992e-08
0.0,5.0555347e-05
0.0,0.0012664889
0.0,0.22326592
0.0,0.0013267794
0.0,0.25863668
0.0,0.0015594453
1.0,1.0
0.0,9.556353e-11
0.0,1.1104719e-13
0.0,3.149002e-05
0.0,2.763275e-08
0.0,0.0033666152
0.0,0.07843992
0.0,0.061006583
0.0,5.7790144e-06
0.0,0.0150387855
0.0,0.08254415
0.0,1.5796597e-05
0.0,1.0598873e-11
0.0,2.7506749e-06
0.0,0.029564524
0.0,0.062368162
0.0,0.19647874
0.0,0.04460087
0.0,5.3353556e-06
1.0,1.0
0.0,1.3325748e-08
0.0,2.0221913e-07
0.0,7.748845e-09
1.0,1.0
0.0,6.5061345e-06
0.0,0.05654351
0.0,0.0022643371
0.0,4.4437536e-05
0.0,1.3926802e-15
0.0,1.983712e-13
0.0,0.10604705
0.0,0.0273053
0.0,6.3996535e-13
0.0,0.02931896
0.0,1.5802609e-05
0.0,0.25325078
0.0,2.8410094e-10
1.0,0.12877694
0.0,2.548693e-12
0.0,6.9824606e-15
0.0,3.5873066e-07
0.0,0.122726604
0.0,8.574785e-07
0.0,7.320735e-08
0.0,0.09344554
0.0,0.062421974
0.0,5.6079356e-05
0.0,1.3909074e-07
1.0,0.9993415
0.0,1.2724235e-14
0.0,5.948432e-13
0.0,0.02421596
0.0,2.7363976e-09
0.0,0.26334292
0.0,8.5097826e-15
0.0,1.0900966e-06
0.0,0.112162724
0.0,0.0050038584
0.0,0.043200392
0.0,1.4213048e-05
0.0,0.00010745774
0.0,1.0814237e-10
0.0,7.054383e-08
0.0,3.677551e-07
0.0,0.035704024
0.0,1.09835135e-13
0.0,1.0896678e-14
0.0,0.0305629
0.0,2.900666e-13
0.0,1.1721787e-09
0.0,0.2406624
0.0,2.8200473e-13
1.0,1.0
0.0,0.0035808608
0.0,1.5715985e-07
0.0,4.7877653e-05
0.0,6.7593364e-06
0.0,4.0043904e-13
0.0,4.89519e-11
0.0,0.062301937
0.0,2.25825e-16
0.0,7.58948e-09
0.0,7.1011346e-15
0.0,1.1843449e-14
0.0,2.2040522e-17
0.0,0.00022861543
0.0,0.00047832602
0.0,0.0016167862
0.0,5.4226766e-12
0.0,0.0551272
0.0,0.045082778
0.0,4.2919076e-08
0.0,0.035532802
0.0,0.0013888736
0.0,0.004018446
0.0,1.1695276e-05
1.0,0.46502697
0.0,5.774849e-18
0.0,0.027236694
0.0,1.4859639e-13
0.0,2.6928892e-06
1.0,0.24111663
0.0,0.4388094
0.0,0.047389593
0.0,0.113546126
0.0,0.003020999
0.0,4.662223e-06
0.0,0.028813511
0.0,0.002875419
0.0,1.2039836e-09
0.0,2.6603764e-05
0.0,0.29576167
0.0,0.0024504843
0.0,2.3836125e-13
0.0,2.6433015e-06
0.0,0.012179402
0.0,8.753286e-16
0.0,0.062048376
0.0,2.7734652e-06
0.0,2.2021459e-06
0.0,1.17500995e-05
0.0,4.4377726e-14
0.0,6.745477e-08
0.0,0.027792204
0.0,0.05581036
0.0,0.0124007715
0.0,0.010911852
0.0,0.040249243
0.0,0.06535277
0.0,0.014256192
0.0,3.721576e-13
0.0,6.7581396e-15
0.0,0.06319909
0.0,6.2167147e-19
0.0,6.9680203e-07
0.0,0.021735398
0.0,0.045897175
0.0,4.3032952e-07
0.0,2.524316e-07
0.0,2.187663e-10
0.0,3.6088826e-05
1.0,1.0
1.0,0.19139224
0.0,0.00012754946
0.0,2.5080464e-08
0.0,4.2310465e-05
0.0,0.0015661997
0.0,3.655086e-08
0.0,1.2088253e-06
0.0,0.008335062
0.0,9.945758e-07
0.0,0.11685395
0.0,3.2747073e-07
0.0,0.15886426
0.0,1.5278615e-13
0.0,0.25741118
0.0,0.048354097
0.0,1.0950029e-06
0.0,4.4004673e-14
0.0,1.1389286e-05
0.0,0.16677326
1.0,0.9904411
0.0,0.014322886
0.0,0.00013544383
0.0,0.00022415056
0.0,0.020945068
0.0,9.883685e-12
0.0,0.108757906
0.0,0.0030363388
0.0,4.524713e-14
0.0,1.0896771e-13
0.0,0.10828242
0.0,0.032735273
0.0,0.023300137
0.0,1.6005084e-05
0.0,1.4234496e-18
0.0,0.111654244
0.0,4.1699906e-07
0.0,2.6622823e-05
0.0,0.020098105
0.0,1.8405785e-09
1.0,1.0
0.0,0.09750221
1.0,0.9892546
0.0,1.2203842e-05
0.0,1.2939304e-08
0.0,8.817428e-13
0.0,1.956268e-07
0.0,0.23604336
0.0,7.8746354e-10
0.0,4.4642813e-16
0.0,0.24895507
0.0,1.0675788e-05
0.0,0.0014844983
0.0,6.031357e-08
0.0,3.0471774e-08
0.0,0.018768169
1.0,1.0
0.0,0.014398535
0.0,0.32795277
0.0,0.00012677029
0.0,2.7383105e-06
0.0,0.027967498
0.0,0.0021816485
0.0,0.023385065
1.0,1.0
0.0,0.10141626
0.0,8.026361e-12
0.0,0.000419375
0.0,2.113544e-06
0.0,1.5170171e-08
0.0,0.22886883
1.0,1.0
0.0,1.9645685e-10
0.0,0.00360268
0.0,8.8245476e-20
0.0,3.1265604e-13
0.0,0.0073271235
0.0,0.06562166
0.0,0.008195702
0.0,0.017032282
1.0,0.9903794
0.0,6.225839e-07
0.0,0.00010314452
0.0,2.6957886e-07
0.0,0.028527742
1.0,0.3595826
1.0,0.5052737
0.0,1.6062427e-12
0.0,2.659066e-07
0.0,1.5623157e-06
0.0,6.445459e-16
0.0,9.0715514e-07
0.0,0.0016689644
0.0,0.0028389823
0.0,0.012995046
0.0,1.7523338e-20
0.0,0.06429752
0.0,3.7995346e-08
0.0,1.5063667e-11
0.0,4.598542e-08
0.0,4.4577964e-10
0.0,0.04534039
0.0,0.03949086
0.0,0.0022210465
1.0,1.0
0.0,8.10981e-06
0.0,0.010599462
0.0,1.740102e-06
1.0,1.0
0.0,0.0001996223
0.0,7.843914e-12
0.0,4.0496647e-07
0.0,0.03209849
0.0,1.0435248e-12
0.0,0.023023542
0.0,0.25153896
0.0,2.0899935e-05
0.0,4.2660463e-15
0.0,3.5576466e-06
0.0,1.0418263e-08
0.0,9.6476226e-17
0.0,5.790555e-10
0.0,0.016639078
1.0,0.9996023
0.0,4.487998e-13
0.0,0.057425544
0.0,0.053136893
0.0,0.012232743
0.0,0.0046894853
0.0,0.088278055
0.0,0.25896737
0.0,1.4755508e-13
0.0,1.572903e-15
0.0,0.33715352
0.0,0.033297144
1.0,0.17662454
1.0,1.0
1.0,1.0
0.0,0.08166398
0.0,0.14585903
0.0,0.41721612
0.0,1.4691451e-05
0.0,2.78706e-07
0.0,0.024330905
0.0,9.1708125e-12
0.0,2.3352525e-18
0.0,0.022510981
0.0,1.9671313e-06
0.0,0.056843176
0.0,4.9480954e-15
0.0,0.01068414
0.0,0.00018539533
0.0,5.8337623e-12
0.0,2.5288336e-06
0.0,0.06010919
0.0,0.014493694
0.0,0.1609477
1.0,1.0
0.0,1.3973627e-12
0.0,0.00031301365
0.0,0.010853329
0.0,0.21135205
0.0,2.7480929e-09
0.0,0.04804778
0.0,3.3688715e-13
0.0,3.313162e-11
0.0,0.06760866
0.0,0.009266437
0.0,2.810221e-13
0.0,0.011106178
0.0,1.1103213e-10
0.0,1.785204e-07
0.0,1.2004078e-18
0.0,5.6175503e-10
0.0,2.4975445e-06
1.0,1.0
0.0,8.8896047e-07
0.0,0.05432907
0.0,8.826623e-15
0.0,0.09780446
0.0,5.7613338e-08
1.0,1.0
0.0,0.20321569
1.0,0.13056873
1.0,1.0
0.0,1.04163e-15
0.0,8.8533676e-07
0.0,2.0981299e-16
0.0,0.0020089163
0.0,0.12710707
0.0,0.07458248
1.0,1.0
0.0,5.037933e-09
0.0,4.896669e-10
0.0,0.00013862083
0.0,0.044563215
0.0,1.3572996e-10
1.0,1.0
0.0,0.015163798
0.0,0.09211726
0.0,0.10592614
0.0,0.06115165
0.0,0.11549175
0.0,4.7589423e-05
1.0,0.025399884
1.0,0.9999052
0.0,1.3033874e-05
0.0,9.609763e-07
0.0,1.8635054e-11
0.0,1.4972111e-19
1.0,1.0
1.0,0.9999659
0.0,0.032431237
0.0,0.018774446
0.0,4.3507816e-16
0.0,1.009339e-13
0.0,2.7563521e-15
0.0,0.0036081243
0.0,0.106437005
0.0,0.40312973
0.0,0.114766896
0.0,0.0050334255
0.0,8.8551015e-12
0.0,5.175539e-08
0.0,9.651187e-06
0.0,1.5475193e-07
1.0,0.15742064
0.0,3.0964307e-09
0.0,7.892559e-10
0.0,1.07403736e-07
1.0,1.0
0.0,9.602099e-08
1.0,0.9985363
0.0,8.660549e-06
0.0,8.411851e-17
1.0,1.0
0.0,3.9070788e-10
0.0,3.573264e-05
0.0,2.7635424e-16
0.0,0.0005944794
0.0,0.06255629
0.0,0.31864852
1.0,1.0
0.0,0.0036691378
0.0,0.2427553
0.0,0.000812143
0.0,2.2086494e-15
0.0,0.0076144147
0.0,6.499057e-13
0.0,0.77795774
0.0,2.7514276e-05
0.0,6.1195904e-05
1.0,1.0
0.0,2.8066336e-12
0.0,3.4882993e-07
0.0,4.9277005e-10
0.0,0.046487745
0.0,0.050358858
0.0,3.734653e-09
0.0,8.239098e-06
0.0,7.631456e-10
0.0,0.028233686
0.0,2.1444657e-05
0.0,0.10389193
0.0,0.12979484
0.0,0.07193174
0.0,4.4965974e-14
0.0,0.1555568
0.0,0.007646423
0.0,0.001286192
1.0,0.9999998
0.0,0.005139279
0.0,2.4985166e-18
0.0,0.14058542
0.0,1.348149e-08
0.0,5.0852404e-12
0.0,2.8196695e-10
0.0,0.14310898
1.0,1.0
0.0,3.2546186e-06
0.0,9.282366e-20
0.0,1.3862323e-05
0.0,5.082688e-07
0.0,1.7912076e-10
0.0,0.0021453288
0.0,7.983165e-06
1.0,0.9999997
1.0,0.99988633
0.0,0.10866159
0.0,7.539837e-12
0.0,7.3744425e-15
0.0,0.22950898
0.0,0.023387494
0.0,2.2560907e-05
0.0,6.5217155e-06
0.0,3.2296217e-07
0.0,0.029242195
0.0,0.026727846
0.0,0.0611918
0.0,0.07268745
0.0,2.1780326e-14
1.0,1.0
0.0,2.4804632e-07
0.0,2.4328326e-09
0.0,8.81403e-06
0.0,2.4676963e-09
0.0,0.00024216127
0.0,5.0662215e-06
0.0,3.7530577e-15
0.0,0.01600748
0.0,7.3725386e-07
0.0,3.7974714e-11
0.0,1.2331183e-09
0.0,0.031800166
1.0,0.046922255
0.0,0.014062365
0.0,1.492299e-12
0.0,0.055892624
0.0,7.180652e-06
1.0,0.31621358
0.0,1.7282616e-13
0.0,3.3499823e-09
0.0,0.0036224427
0.0,3.678931e-14
0.0,0.0034223234
0.0,2.7114277e-06
1.0,1.0
1.0,1.0
0.0,4.1814687e-06
0.0,0.013410792
0.0,0.053736456
0.0,1.3123654e-05
0.0,0.001142413
0.0,0.01440332
0.0,1.2379155e-06
0.0,4.7156144e-07
0.0,4.1423935e-08
0.0,0.15344453
0.0,0.04768857
0.0,4.6632545e-06
1.0,1.0
0.0,0.0001916956
0.0,0.032051414
0.0,1.6458568e-14
0.0,0.20108414
0.0,8.284968e-12
0.0,2.2847824e-16
0.0,0.018680308
0.0,0.0037182572
0.0,0.00626853
0.0,0.08586364
0.0,0.058968887
0.0,1.6510835e-06
0.0,0.08274965
0.0,0.011488474
0.0,4.954248e-10
0.0,4.2699273e-08
0.0,3.9475134e-10
0.0,0.00936146
1.0,1.0
0.0,2.4108842e-05
0.0,0.00032102247
0.0,0.008111686
0.0,1.2291742e-11
0.0,2.7033668e-06
0.0,2.1446154e-05
0.0,0.04174079
0.0,6.35859e-13
0.0,0.025069637
0.0,4.8964772e-05
0.0,0.3071195
0.0,1.6134204e-07
0.0,4.9911555e-12
0.0,0.14246863
0.0,7.9564344e-10
0.0,0.05086012
0.0,3.4780498e-11
0.0,0.028102286
0.0,3.7304698e-11
0.0,0.11830207
0.0,0.018548943
0.0,0.10258973
1.0,0.9994548
0.0,0.07278866
0.0,0.12237923
0.0,0.01839196
0.0,1.4912114e-06
0.0,0.003043297
0.0,0.036649786
0.0,0.31464717
0.0,1.8051123e-13
0.0,4.6259276e-05
0.0,1.463877e-15
0.0,1.7233205e-10
0.0,0.04111849
0.0,0.017289486
0.0,4.0141413e-06
0.0,0.080803156
0.0,0.003259579
0.0,1.5945376e-10
0.0,0.08705419
0.0,6.017083e-05
0.0,0.20588689
0.0,7.258959e-08
0.0,2.567375e-12
1.0,1.0
0.0,0.1718269
0.0,0.0015883417
0.0,0.000107731474
0.0,0.00013423139
0.0,0.033293653
0.0,9.701906e-06
0.0,0.45282176
0.0,2.3464524e-09
0.0,0.049360905
0.0,0.03194393
0.0,0.018294271
0.0,9.4249295e-08
0.0,2.881357e-16
0.0,0.15379938
0.0,0.03149004
0.0,3.2915204e-10
0.0,1.3741379e-06
0.0,1.1742024e-11
0.0,0.05472866
0.0,0.0019873835
0.0,0.4494986
0.0,0.053002615
0.0,0.01667597
0.0,1.141345e-12
0.0,0.008572404
0.0,3.385126e-06
0.0,0.0026886777
0.0,1.8354413e-14
0.0,3.821831e-06
1.0,1.0
0.0,1.5566894e-06
0.0,0.26768383
0.0,2.3268612e-16
0.0,5.6476446e-09
0.0,0.036134884
0.0,1.9003641e-08
0.0,4.335209e-05
0.0,3.455777e-08
0.0,1.3062604e-06
0.0,1.8553202e-15
0.0,4.0766194e-05
0.0,9.2370374e-07
0.0,0.13914178
0.0,2.1400095e-09
0.0,1.1174486e-18
0.0,2.6836391e-10
0.0,0.20807414
0.0,0.010758114
0.0,0.0027212824
0.0,0.00015982258
0.0,2.045446e-08
0.0,0.31486833
0.0,7.746372e-18
0.0,3.0398874e-11
0.0,7.990537e-09
0.0,0.00012080434
1.0,0.13407677
0.0,0.048636988
0.0,9.939225e-07
0.0,2.8219079e-06
0.0,0.048918806
0.0,2.3088472e-11
0.0,0.010118295
0.0,2.5928724e-08
0.0,0.008444555
0.0,4.7173958e-07
0.0,2.7095982e-07
0.0,0.14811969
0.0,0.22519206
0.0,2.4256575e-19
0.0,2.3659284e-14
0.0,3.7362595e-05
0.0,0.06762316
0.0,3.1370427e-11
0.0,6.394345e-14
0.0,2.7958744e-05
0.0,6.0310213e-06
0.0,0.0049360967
0.0,1.2379538e-10
0.0,1.9736901e-11
0.0,1.5154227e-16
0.0,3.4435534e-11
0.0,0.02763932
1.0,0.13636878
1.0,0.31608415
0.0,4.342367e-08
1.0,1.0
0.0,0.042645685
0.0,4.3906414e-14
0.0,2.4047756e-08
0.0,8.697687e-12
0.0,1.1573109e-05
0.0,0.24723427
1.0,1.0
0.0,3.980147e-06
0.0,1.0412062e-05
0.0,1.6059444e-07
0.0,0.21493827
1.0,1.0
1.0,0.10919159
0.0,0.014500076
0.0,0.22909448
0.0,0.044215895
0.0,0.34724212
0.0,3.8073765e-08
0.0,0.011248154
0.0,0.024626737
0.0,2.4334906e-10
0.0,4.4193774e-05
1.0,1.0
0.0,7.6961436e-07
0.0,4.4114364e-05
0.0,0.0010747095
0.0,0.041715924
0.0,4.5466225e-16
0.0,4.660516e-07
0.0,4.5418273e-07
0.0,8.869627e-07
0.0,8.6347674e-05
1.0,0.4685373
1.0,1.0
0.0,0.016482525
0.0,1.6442835e-08
0.0,8.390685e-06
0.0,0.014410245
0.0,9.012286e-07
0.0,0.015573524
0.0,0.004775797
0.0,0.017585173
0.0,1.5778485e-05
0.0,0.12183314
0.0,0.0001477163
0.0,8.804844e-08
0.0,0.3339782
0.0,1.7147577e-09
0.0,8.212612e-05
0.0,0.0734591
0.0,0.00013467342
1.0,1.0
0.0,0.16874743
0.0,0.058013774
1.0,1.0
0.0,0.012072719
0.0,0.00985393
0.0,0.05153895
0.0,3.781957e-09
0.0,4.4050168e-05
0.0,2.402782e-06
0.0,7.469678e-09
0.0,7.885099e-13
0.0,0.011857446
0.0,0.000703292
0.0,0.28131747
0.0,2.2316052e-11
0.0,5.5709593e-06
0.0,0.00012761552
0.0,0.00030426783
0.0,3.6630038e-07
0.0,2.3944851e-06
0.0,8.385126e-07
0.0,0.007703927
0.0,2.2741815e-09
0.0,3.923782e-05
0.0,1.1032091e-06
0.0,1.5885279e-07
0.0,7.331327e-12
0.0,0.030057013
1.0,0.49056408
0.0,0.032775942
0.0,0.002318584
0.0,3.5757255e-06
0.0,0.00037026784
0.0,1.203576e-19
1.0,1.0
0.0,4.799051e-07
0.0,0.16355139
0.0,0.00019131158
0.0,0.028006915
0.0,6.536039e-10
1.0,0.99997455
0.0,0.18859483
0.0,1.7054824e-06
0.0,3.2259028e-05
1.0,1.0
0.0,0.033562142
0.0,5.7101204e-09
1.0,1.0
1.0,1.0
0.0,8.619566e-06
0.0,0.059944928
0.0,2.0060445e-06
0.0,0.19082196
0.0,2.6689843e-06
0.0,4.3791616e-07
0.0,1.7681601e-05
0.0,0.0016689232
0.0,0.003893424
0.0,0.007347107
0.0,0.0019360625
0.0,9.386019e-08
0.0,9.838665e-07
1.0,1.0
0.0,7.313506e-05
0.0,5.7721473e-11
1.0,1.0
0.0,0.011922996
0.0,7.742357e-17
0.0,1.7246747e-18
0.0,1.720877e-13
0.0,1.3713397e-05
0.0,0.12129008
0.0,0.20304574
0.0,0.06322666
1.0,1.0
0.0,0.10007026
0.0,0.2046797
0.0,0.032992993
0.0,0.0046878364
0.0,1.587622e-07
0.0,0.033617433
0.0,0.0811746
1.0,1.0
0.0,8.8263323e-07
0.0,2.9125486e-06
0.0,0.013595584
0.0,4.7133076e-07
1.0,1.0
1.0,0.9999997
0.0,6.105951e-07
0.0,3.205725e-06
0.0,7.848606e-17
0.0,2.3559396e-06
0.0,2.469435e-05
0.0,6.771209e-06
0.0,0.02087621
0.0,1.7410963e-05
0.0,0.00010052482
0.0,4.54371e-16
0.0,0.084349744
0.0,0.032316126
0.0,0.0008726584
0.0,4.2423335e-06
0.0,7.6291485e-08
0.0,0.040921386
0.0,2.3763936e-14
0.0,3.2436788e-15
0.0,1.1378812e-06
0.0,5.1947857e-15
0.0,0.044781018
0.0,0.00023681378
0.0,2.70687e-06
0.0,4.658922e-11
0.0,0.23351239
1.0,0.9999909
0.0,2.8880078e-07
0.0,2.3594492e-13
0.0,0.03990191
0.0,0.051173974
0.0,3.041378e-11
0.0,0.014893856
1.0,1.0
0.0,6.0066964e-06
0.0,6.336525e-12
1.0,0.9999946
0.0,4.6948023e-10
0.0,0.7261168
0.0,5.85955e-10
0.0,0.019803783
0.0,0.47221464
0.0,2.3282783e-07
0.0,0.010889037
0.0,2.8266367e-11
0.0,4.0233513e-06
0.0,6.000249e-06
0.0,0.1008046
0.0,0.014065425
0.0,1.5615204e-15
0.0,1.7211221e-15
0.0,0.18368202
0.0,4.7987675e-07
0.0,0.028324733
0.0,1.462603e-07
0.0,0.07246084
0.0,0.0021286898
0.0,0.01547797
0.0,5.398586e-07
0.0,2.2092344e-08
0.0,0.24148719
0.0,1.728682e-12
0.0,5.348019e-17
0.0,0.009054837
0.0,0.08305687
1.0,1.0
0.0,2.7028244e-11
0.0,0.003701352
0.0,0.019553771
0.0,3.9291816e-11
0.0,0.40348622
0.0,0.14855018
0.0,0.00014804174
0.0,0.06563328
1.0,1.0
0.0,3.8166295e-06
1.0,0.17876126
0.0,0.07586851
0.0,1.1558971e-18
0.0,2.4133046e-06
0.0,0.010571946
0.0,0.060755964
0.0,0.09959192
1.0,1.0
0.0,7.222922e-17
0.0,1.5344431e-06
0.0,4.077254e-08
0.0,6.0606176e-14
0.0,2.135063e-05
0.0,0.11444755
0.0,0.1466574
0.0,0.010884691
0.0,0.0027133701
0.0,7.357886e-16
0.0,0.00044462556
0.0,2.2285738e-05
0.0,0.14713074
0.0,0.010742861
0.0,2.4464698e-11
1.0,0.0708321
0.0,3.1467735e-08
0.0,0.14307497
1.0,0.9999994
0.0,0.15172139
0.0,3.222257e-08
1.0,1.0
0.0,0.1320537
0.0,0.29828653
0.0,0.25216255
0.0,0.00011601479
0.0,0.021399325
0.0,0.0468224
0.0,2.8888387e-06
1.0,1.0
0.0,4.571015e-06
0.0,6.4423375e-06
0.0,1.4876156e-05
0.0,0.21138535
1.0,1.0
0.0,2.334089e-08
0.0,2.5584402e-08
0.0,0.3290724
1.0,0.5535512
1.0,1.0
0.0,0.00018352292
0.0,0.00016295005
0.0,0.007006782
1.0,0.24242671
0.0,3.586095e-14
1.0,1.0
0.0,3.5257713e-08
0.0,0.44720435
0.0,0.01734908
0.0,3.6052138e-06
0.0,3.8843078e-16
0.0,7.67244e-17
0.0,2.3683945e-07
0.0,0.2991549
0.0,0.04403307
0.0,1.0782642e-10
1.0,0.9999999
0.0,0.1739581
0.0,0.0041399384
0.0,0.07960969
0.0,0.0012217158
0.0,0.3409433
0.0,9.652325e-11
0.0,0.004296555
0.0,0.13760217
0.0,0.13165101
0.0,1.5665498e-15
0.0,8.5005945e-07
0.0,1.7241252e-15
0.0,1.522266e-08
0.0,6.4458796e-08
0.0,3.941036e-10
0.0,4.461482e-12
0.0,3.0220623e-05
1.0,0.15296216
0.0,1.1255141e-06
0.0,1.38605225e-08
0.0,1.8742636e-11
0.0,0.0041827364
0.0,7.839158e-12
0.0,0.011126412
0.0,0.31204993
0.0,0.15164591
0.0,2.0589216e-06
0.0,1.7308859e-12
0.0,4.92345e-11
0.0,1.9745909e-05
0.0,0.24341682
0.0,9.0092345e-07
0.0,5.932975e-07
0.0,0.022973444
0.0,0.1046253
0.0,0.065589614
0.0,0.00759261
0.0,0.37387988
1.0,1.0
0.0,0.021154184
0.0,4.149759e-06
0.0,2.8970935e-06
0.0,0.0022602347
0.0,1.2030928e-07
0.0,0.111848734
0.0,4.3542505e-13
0.0,0.010350082
0.0,0.0035320541
0.0,2.783147e-08
0.0,0.25200495
0.0,7.339521e-17
0.0,0.048922904
0.0,1.45480835e-05
0.0,0.09397483
0.0,4.2275657e-05
0.0,0.18830746
0.0,3.6426462e-20
0.0,3.5011203e-07
0.0,0.018725036
0.0,0.016225643
0.0,3.1565983e-07
0.0,1.2920978e-16
0.0,5.533419e-06
0.0,6.0264516e-10
0.0,1.5789888e-09
0.0,1.1779636e-13
0.0,0.00072504766
0.0,0.0011994997
0.0,1.7686376e-06
0.0,1.6543407e-05
0.0,1.306273e-05
1.0,0.30324125
0.0,3.4138877e-05
0.0,3.1066613e-15
0.0,4.9717808e-09
0.0,0.015375748
0.0,0.25579432
0.0,2.4305975e-06
0.0,4.166009e-18
0.0,5.339815e-09
0.0,0.025097461
0.0,1.8450437e-07
0.0,2.7221774e-06
0.0,0.011334007
1.0,0.42319113
0.0,2.736306e-08
1.0,0.28798416
0.0,0.06640126
0.0,3.151749e-07
0.0,8.484735e-06
1.0,1.0
0.0,3.1215976e-09
0.0,2.8047722e-08
0.0,0.011252943
0.0,1.488335e-10
0.0,1.9904071e-11
0.0,2.193481e-08
1.0,1.0
1.0,0.12612809
0.0,0.37513477
0.0,0.000385616
0.0,0.0001691452
0.0,0.07198078
0.0,1.6658336e-06
0.0,3.386377e-07
1.0,1.0
0.0,4.5020146e-10
0.0,5.1251214e-10
0.0,8.104277e-12
0.0,5.3731124e-13
0.0,1.1559958e-15
0.0,3.003087e-05
0.0,7.013392e-17
0.0,2.3124101e-05
0.0,0.15200466
0.0,4.961105e-05
0.0,0.018969752
0.0,0.023147985
0.0,0.01438249
0.0,7.5533603e-06
1.0,1.0
0.0,8.6283064e-05
0.0,3.1052112e-18
0.0,1.0851969e-09
0.0,7.504312e-08
1.0,1.0
1.0,1.0
0.0,0.01159502
0.0,8.497208e-08
0.0,2.4088012e-08
0.0,0.0047566844
0.0,0.0011635108
0.0,8.530839e-09
0.0,4.9624973e-06
0.0,2.1917402e-05
0.0,1.2305214e-06
0.0,6.0669564e-10
0.0,9.861022e-06
0.0,0.014843498
0.0,7.9495535e-16
0.0,0.7929062
0.0,0.22512466
0.0,3.7716083e-14
0.0,0.019089455
0.0,3.1708137e-06
0.0,1.6331244e-06
0.0,0.21278787
0.0,3.3252165e-10
0.0,0.047108516
0.0,0.30368534
0.0,0.13324879
0.0,0.007651429
0.0,1.0605204e-05
0.0,1.4756842e-08
0.0,3.5533305e-06
0.0,7.121606e-14
0.0,4.4236383e-09
0.0,0.3116615
0.0,1.5662891e-08
0.0,0.0046372497
0.0,2.029619e-14
0.0,4.8718417e-17
0.0,0.111367345
0.0,0.00012238247
0.0,1.1367293e-06
0.0,5.3940767e-05
0.0,0.19761828
0.0,0.0013939084
0.0,0.32865262
0.0,0.01707936
0.0,0.010878821
0.0,6.9448506e-06
0.0,1.977069e-08
0.0,2.2530096e-06
0.0,0.0058605657
0.0,7.0776996e-06
0.0,6.123871e-08
0.0,0.017024228
0.0,3.0043067e-05
0.0,3.148205e-13
0.0,7.832784e-17
0.0,0.027950931
0.0,7.959979e-06
0.0,0.00014620305
0.0,0.007192856
0.0,8.314107e-06
0.0,5.6048893e-10
0.0,0.15713403
0.0,0.07629076
0.0,8.6348564e-08
0.0,1.0759149e-12
0.0,0.27926293
0.0,5.038079e-06
0.0,1.2675014e-07
0.0,5.1752314e-13
0.0,0.24495816
0.0,0.00434607
0.0,4.0969844e-06
0.0,1.9695074e-09
0.0,0.018802043
0.0,3.0290126e-05
0.0,0.0036863114
0.0,7.265724e-07
0.0,8.9715596e-11
0.0,5.7354864e-13
0.0,5.394238e-06
0.0,4.8947063e-06
0.0,0.00026920205
1.0,1.0
0.0,2.7890572e-05
0.0,0.0040493887
0.0,5.354119e-06
0.0,0.21394774
1.0,1.0
0.0,0.19110914
0.0,0.0019529052
1.0,1.0
0.0,1.7438243e-13
0.0,0.023715992
0.0,2.331579e-12
0.0,0.0069220895
0.0,0.4135136
0.0,0.00031600427
0.0,0.09824874
0.0,0.0018758455
1.0,0.24225602
0.0,1.3703749e-05
1.0,0.9995987
0.0,0.013578258
0.0,0.019773446
1.0,0.99982053
0.0,3.380959e-07
0.0,2.6458463e-13
0.0,2.9680412e-05
0.0,4.3597268e-20
0.0,0.0075015733
0.0,0.0018376149
0.0,3.491711e-05
0.0,2.1334698e-11
0.0,0.009830268
0.0,0.16955452
0.0,0.17340401
0.0,2.5144692e-08
0.0,9.839026e-14
0.0,0.025490403
0.0,0.027690245
0.0,0.017710164
0.0,0.0057903714
0.0,0.08970388
0.0,3.0038454e-08
0.0,6.8443837e-06
1.0,1.0
0.0,3.718633e-08
0.0,1.2809515e-05
0.0,0.029124165
0.0,0.5933895
0.0,0.0045587034
0.0,2.859158e-06
1.0,0.5397107
0.0,2.2558736e-06
0.0,1.3216558e-14
0.0,0.25160968
0.0,3.5636335e-06
0.0,7.5359055e-13
0.0,1.7036987e-07
0.0,4.2364212e-07
0.0,0.016957007
0.0,0.11428592
0.0,8.059699e-15
1.0,0.48845333
0.0,0.21366732
0.0,0.08221118
0.0,0.026798116
0.0,9.905249e-10
0.0,4.3200964e-11
1.0,1.0
0.0,1.2164736e-10
0.0,1.90849e-08
0.0,9.673551e-06
1.0,0.9999964
0.0,2.0388244e-08
0.0,1.2082776e-18
0.0,0.08771158
0.0,2.8179501e-13
0.0,7.425504e-08
0.0,0.026177153
0.0,4.5607078e-07
0.0,3.0299807e-06
0.0,1.3566427e-07
1.0,1.0
0.0,0.071046785
1.0,1.0
0.0,2.4756447e-13
0.0,0.24598306
0.0,3.65281e-17
0.0,7.763269e-16
0.0,5.078708e-16
0.0,3.3261612e-11
0.0,9.074554e-07
0.0,0.00850238
0.0,0.002224132
0.0,0.010835175
0.0,0.06317167
0.0,0.0025229857
0.0,5.2429544e-07
0.0,0.022890847
0.0,6.9359777e-07
0.0,4.5553155e-05
0.0,0.012979874
1.0,1.0
1.0,0.9992086
0.0,0.49748206
0.0,8.023397e-06
0.0,2.866087e-06
0.0,3.015982e-07
0.0,3.567858e-14
0.0,1.3255383e-06
0.0,9.065767e-16
0.0,0.031195622
0.0,7.802575e-17
0.0,1.4721644e-08
0.0,1.11399466e-07
0.0,0.10006428
0.0,3.0120078e-09
0.0,4.3259156e-06
0.0,2.7254513e-05
0.0,0.2518569
0.0,0.124472655
0.0,0.13272575
0.0,2.8276834e-06
0.0,0.012926482
0.0,3.3688187e-07
0.0,0.08187242
0.0,3.5403516e-06
0.0,0.18314877
0.0,1.1681546e-09
1.0,0.10474845
0.0,0.00015268446
0.0,4.2144936e-08
0.0,2.5155944e-07
0.0,4.7520797e-15
0.0,4.1996236e-06
0.0,1.1940793e-12
0.0,0.03736568
0.0,0.22865611
1.0,0.6882486
0.0,2.1744513e-13
0.0,1.629177e-08
0.0,1.4251825e-05
0.0,0.044013392
0.0,0.009751911
1.0,0.15505214
0.0,3.861775e-13
0.0,2.8767185e-11
0.0,2.8326983e-06
0.0,0.009965835
0.0,2.8081036e-14
0.0,0.050656658
0.0,1.1892838e-07
0.0,9.219252e-16
0.0,0.038045663
0.0,0.00017665766
0.0,0.017876325
0.0,0.00010534205
0.0,9.226903e-06
1.0,1.0
0.0,7.765885e-10
0.0,1.0370341e-13
1.0,0.9992095
0.0,7.7873095e-09
0.0,2.1295743e-12
0.0,0.013399404
0.0,1.0150084e-06
0.0,1.9324058e-05
0.0,0.027532289
0.0,2.0322444e-05
1.0,1.0
0.0,0.015720287
0.0,3.489402e-09
0.0,5.724644e-06
0.0,4.7144206e-20
1.0,0.99995226
0.0,0.004596193
1.0,1.0
0.0,2.0237287e-05
0.0,0.10945089
0.0,0.062491857
0.0,0.0029717782
1.0,1.0
0.0,2.5269728e-07
1.0,1.0
0.0,0.40048242
0.0,0.00957986
0.0,0.18799976
0.0,0.010264797
0.0,1.0252988e-12
0.0,1.6500459e-11
0.0,1.7698779e-06
0.0,5.7618007e-07
0.0,7.121636e-17
1.0,1.0
0.0,3.743289e-13
0.0,0.03775957
0.0,2.0515615e-06
0.0,0.028828792
0.0,1.6704388e-07
0.0,0.046227034
0.0,1.6976233e-07
0.0,1.6295334e-07
0.0,9.645012e-12
0.0,4.617535e-08
0.0,0.005402178
0.0,0.0209928
0.0,7.833675e-11
0.0,0.014609841
0.0,2.3167832e-11
0.0,8.9464585e-05
0.0,1.8760963e-07
1.0,1.0
0.0,3.4519408e-06
0.0,0.025982535
0.0,2.66038e-13
0.0,2.363995e-12
0.0,2.9741379e-15
0.0,0.07713326
0.0,0.06478216
0.0,0.053233128
0.0,1.7386984e-07
1.0,0.29231793
0.0,6.6510214e-13
0.0,0.12248549
0.0,1.6134006e-15
1.0,0.99904346
0.0,0.01872655
0.0,5.5723787e-05
0.0,3.5898668e-07
0.0,0.00034355698
0.0,0.0022787475
0.0,4.5756766e-17
0.0,1.929253e-19
0.0,7.082112e-16
0.0,2.533193e-07
1.0,1.0
0.0,0.013429295
0.0,2.2150105e-06
0.0,0.04184588
0.0,0.0050009
0.0,0.02020305
1.0,0.10130144
0.0,0.03175195
0.0,0.02983145
0.0,1.8927843e-17
0.0,0.047672395
0.0,2.8696165e-11
0.0,0.003920166
0.0,7.680763e-06
0.0,2.8845276e-10
0.0,0.03856254
0.0,1.1195951e-06
0.0,0.02734846
1.0,0.99835163
0.0,0.20405567
0.0,0.001418539
0.0,0.057527196
0.0,0.017911704
0.0,4.7263354e-15
0.0,4.5123747e-06
0.0,0.0023898967
0.0,1.5357676e-13
0.0,3.8510572e-07
0.0,0.039349608
1.0,1.0
0.0,4.9549783e-12
0.0,1.541263e-11
0.0,0.06756642
0.0,4.5078227e-10
0.0,0.023790376
0.0,4.25355e-15
0.0,0.008055897
1.0,1.0
0.0,0.0004814509
0.0,0.013134459
1.0,0.5027884
0.0,0.003968142
0.0,0.0011558218
0.0,1.4382312e-06
0.0,0.002252557
0.0,0.040827636
0.0,0.24630281
0.0,2.1343646e-06
0.0,5.5537885e-06
0.0,9.683672e-18
0.0,2.955709e-11
0.0,0.020799322
0.0,3.8687987e-05
0.0,1.0038133e-10
1.0,1.0
0.0,6.916736e-07
0.0,7.0698253e-10
0.0,6.2757027e-15
0.0,0.0040938724
0.0,0.0055064447
0.0,2.130354e-08
0.0,5.044507e-06
0.0,8.6386455e-05
0.0,4.854539e-15
1.0,0.34366018
0.0,4.025984e-06
0.0,5.937945e-10
0.0,1.055534e-14
0.0,2.0099955e-05
0.0,3.739513e-06
0.0,1.2877068e-11
0.0,1.6866507e-19
0.0,6.663428e-06
0.0,4.1435787e-06
0.0,0.1226515
1.0,1.0
0.0,1.6839996e-11
0.0,0.15982743
0.0,0.09800908
0.0,0.0256777
0.0,0.035366435
0.0,8.20092e-05
0.0,0.07744802
0.0,5.624623e-15
0.0,6.054515e-11
0.0,0.015400832
0.0,0.05697836
0.0,0.25549427
0.0,6.899902e-11
0.0,0.04785136
0.0,0.001306692
0.0,3.818839e-06
0.0,0.088975705
0.0,0.07351959
0.0,0.08241805
0.0,0.054944206
0.0,1.2406332e-15
0.0,6.099779e-11
0.0,0.22696318
0.0,0.009884554
0.0,1.1839614e-10
0.0,8.628423e-06
0.0,2.3895052e-06
0.0,8.7487805e-08
1.0,1.0
0.0,0.3979001
0.0,3.4313267e-05
0.0,0.34495586
0.0,4.1972962e-07
0.0,7.802965e-07
0.0,7.971829e-06
0.0,4.4952286e-09
1.0,0.24819173
0.0,1.3847593e-09
0.0,4.457592e-07
0.0,0.00026567344
0.0,0.073315196
0.0,3.9608864e-07
1.0,0.1243951
0.0,0.056467127
0.0,9.529129e-10
1.0,0.2986328
0.0,9.35732e-14
0.0,0.02829193
0.0,3.3935578e-07
0.0,0.17300434
1.0,1.0
0.0,0.23578167
0.0,1.15722166e-07
0.0,1.3450499e-18
0.0,0.075025305
0.0,0.04268606
0.0,0.15940763
0.0,0.00016304826
1.0,1.0
1.0,1.0
0.0,2.5716448e-08
0.0,0.012565278
0.0,0.017342353
0.0,0.26878238
0.0,6.44546e-09
0.0,2.3352285e-16
0.0,2.2032339e-08
0.0,4.0673895e-05
1.0,1.0
0.0,2.477506e-13
0.0,0.21463898
0.0,0.50806713
0.0,0.04639486
0.0,2.087425e-06
0.0,3.4034249e-09
0.0,1.4296778e-14
0.0,1.3467241e-10
0.0,1.9216714e-13
0.0,6.978088e-16
0.0,0.042105816
0.0,0.0017987931
0.0,2.469152e-05
0.0,4.3487326e-08
0.0,4.648062e-06
0.0,3.0013905e-11
0.0,3.4410639e-19
0.0,0.32432243
0.0,0.012000292
0.0,3.7489186e-05
0.0,1.1904045e-16
0.0,0.114797406
0.0,4.4030858e-06
0.0,1.1286933e-07
0.0,0.01363831
0.0,0.22794594
0.0,0.2369931
0.0,6.286917e-06
1.0,1.0
0.0,1.1340991e-05
0.0,0.0014090501
0.0,2.6613392e-07
0.0,0.041887637
0.0,0.0013593565
0.0,4.4166598e-05
1.0,0.2988318
0.0,7.70595e-06
0.0,0.023616303
0.0,8.0172624e-10
0.0,0.12092939
0.0,0.00041797673
0.0,0.010183615
0.0,0.3136901
0.0,1.2198572e-06
0.0,7.5870213e-16
0.0,4.680403e-16
0.0,0.0038549479
0.0,0.12986495
0.0,7.321524e-10
0.0,2.966768e-18
0.0,2.4647187e-13
0.0,0.013531651
0.0,2.7268761e-05
0.0,0.0028882085
1.0,1.0
0.0,0.0030656466
0.0,0.045558985
0.0,0.27431113
1.0,1.0
0.0,6.527393e-10
0.0,8.1740686e-16
0.0,1.18955e-05
0.0,0.16465464
0.0,0.02946626
0.0,2.3027736e-11
0.0,0.2878326
0.0,3.619289e-07
0.0,0.01294967
0.0,0.12194463
0.0,0.018406844
0.0,3.517423e-06
0.0,4.8474864e-16
0.0,0.002342653
0.0,0.081521146
0.0,6.235756e-14
1.0,0.1370364
0.0,0.0025646773
0.0,1.9634472e-06
0.0,1.6385547e-05
0.0,0.03904657
0.0,7.557589e-06
0.0,5.7501194e-07
0.0,0.0013605878
0.0,1.2926999e-11
0.0,7.4132135e-05
0.0,5.6622895e-07
0.0,3.1770461e-16
0.0,1.2106146e-14
0.0,3.094941e-06
1.0,0.116940536
0.0,0.31962553
0.0,1.7850345e-14
0.0,0.00024737226
0.0,0.0046547116
0.0,0.17144865
0.0,3.2284531e-06
0.0,8.090318e-05
0.0,4.5057735e-07
0.0,7.069989e-06
0.0,1.499567e-06
0.0,5.4257766e-06
0.0,0.20821624
1.0,0.17764582
0.0,2.878017e-12
0.0,0.08267041
0.0,0.18354699
0.0,1.830197e-15
0.0,0.00037449098
0.0,2.455981e-06
0.0,5.2072062e-11
0.0,0.07126355
0.0,0.43670088
0.0,0.10756199
1.0,0.1702124
0.0,0.09309404
0.0,4.9928377e-17
0.0,0.05030753
0.0,5.7421407e-10
0.0,0.42179012
0.0,0.023959259
0.0,0.02445482
0.0,9.733683e-16
0.0,2.7075654e-07
1.0,1.0
0.0,0.22282116
0.0,0.28796118
0.0,4.519952e-18
0.0,0.008038856
0.0,0.0017795613
0.0,0.16472754
0.0,1.2741752e-10
0.0,1.5748057e-05
0.0,1.8351375e-07
1.0,0.09472071
0.0,1.4086133e-06
0.0,0.058421534
0.0,0.0038761792
0.0,2.4163316e-10
0.0,5.506262e-06
0.0,2.5989405e-13
0.0,0.07961292
0.0,0.007936796
0.0,0.00030931583
0.0,0.014007866
0.0,1.0694791e-06
0.0,1.9263258e-08
0.0,1.0629906e-08
0.0,0.010988053
0.0,0.0028375154
1.0,1.0
0.0,0.057093635
0.0,9.8103065e-08
0.0,0.00016940427
0.0,2.0775895e-05
0.0,1.9785013e-13
0.0,7.2060144e-12
0.0,2.4630951e-06
0.0,0.0022417365
0.0,1.8499592e-05
0.0,6.0594288e-05
0.0,0.10099722
0.0,8.439855e-06
0.0,0.27083546
0.0,0.022951122
0.0,7.725943e-08
0.0,0.24319576
0.0,0.006773694
0.0,9.911009e-07
0.0,1.5379108e-07
0.0,2.2073811e-08
0.0,1.6222128e-12
0.0,1.2692546e-08
0.0,7.338011e-05
0.0,0.21143681
1.0,1.0
0.0,3.8659033e-12
0.0,0.06455147
0.0,1.1508378e-10
0.0,2.4097334e-12
0.0,8.508834e-06
0.0,2.7790582e-11
0.0,0.0056882286
0.0,0.024034543
1.0,0.32560986
0.0,0.0064371577
0.0,0.21373725
0.0,3.3246782e-14
0.0,0.000485671
0.0,3.549807e-07
0.0,2.7079503e-09
0.0,1.0739367e-15
0.0,0.0022311655
0.0,0.038402446
0.0,0.17205724
0.0,5.622697e-06
0.0,0.0341661
0.0,1.5899793e-14
0.0,0.009144094
0.0,1.3458233e-13
0.0,7.0742324e-15
0.0,0.043823086
0.0,0.07053406
0.0,3.1969446e-06
0.0,9.554001e-05
0.0,6.530346e-17
0.0,4.709781e-05
1.0,1.0
1.0,1.0
0.0,8.839618e-14
0.0,5.927982e-07
0.0,3.4426764e-06
0.0,1.5446768e-06
0.0,2.7033901e-15
0.0,9.036808e-05
0.0,5.926009e-10
0.0,0.14796288
1.0,1.0
0.0,0.01741925
0.0,1.7028699e-13
0.0,0.22343124
0.0,9.5876224e-08
1.0,1.0
0.0,0.029678138
0.0,0.0005058056
0.0,0.045865566
0.0,3.1369686e-07
0.0,5.584242e-06
1.0,0.16505396
0.0,0.010597366
0.0,0.11375691
0.0,2.3060312e-10
0.0,1.1064846e-09
1.0,1.0
0.0,0.00018710105
0.0,0.2890067
0.0,1.173772e-06
0.0,1.7975777e-06
0.0,0.056190263
0.0,0.017911438
0.0,8.4076834e-16
0.0,3.0705793e-05
0.0,5.8563404e-11
0.0,0.02157886
0.0,1.2853846e-07
0.0,0.24704567
0.0,1.4014492e-05
0.0,3.780126e-12
0.0,0.026607215
0.0,2.0451855e-06
0.0,0.0012794371
0.0,7.912552e-16
0.0,0.035545584
0.0,9.817257e-11
0.0,0.0437951
0.0,0.16123812
1.0,1.0
0.0,4.1195826e-06
0.0,0.00050641777
0.0,0.018469589
0.0,0.014389462
0.0,3.702505e-15
0.0,2.0827758e-19
0.0,1.048174e-05
0.0,0.015574894
0.0,0.004240665
0.0,1.8586205e-08
0.0,2.876392e-17
0.0,1.5226257e-09
0.0,5.303843e-13
0.0,3.627202e-07
0.0,0.022272905
0.0,1.3602189e-08
0.0,0.07306756
0.0,1.1098762e-05
0.0,1.1067169e-16
0.0,0.011536659
0.0,0.012110032
0.0,0.031232132
0.0,0.059183773
0.0,1.1102275e-14
1.0,0.9997146
0.0,0.3226108
0.0,6.176582e-14
0.0,4.6518907e-14
0.0,0.0064407387
0.0,2.6893554e-06
0.0,2.3690188e-16
0.0,0.00063682394
0.0,1.9403972e-20
0.0,2.0231594e-06
0.0,2.743229e-16
0.0,0.061601534
0.0,0.043610122
0.0,0.047323827
0.0,2.329224e-15
0.0,3.781901e-07
1.0,1.0
0.0,0.001139559
0.0,7.315835e-05
0.0,6.806528e-07
0.0,0.0060321754
0.0,0.003998532
0.0,0.002985196
0.0,0.013313077
0.0,0.03522009
0.0,0.034934733
0.0,2.840365e-06
0.0,0.0014620527
0.0,5.5557695e-07
1.0,1.0
1.0,1.0
0.0,0.04511898
0.0,3.2106334e-10
0.0,0.05922272
1.0,1.0
0.0,0.00019911474
0.0,0.01857474
0.0,3.4855152e-10
0.0,0.015852768
0.0,4.3118543e-08
0.0,2.3516986e-07
0.0,0.0066143195
0.0,1.9226138e-05
0.0,0.08211175
0.0,0.03931609
0.0,0.00038965288
0.0,0.016243761
1.0,1.0
0.0,1.5041874e-06
0.0,0.003451753
0.0,0.05032247
0.0,2.5085841e-14
0.0,5.38058e-08
0.0,1.654692e-14
0.0,0.33093038
0.0,2.6477853e-17
0.0,0.0335153
0.0,9.700046e-08
1.0,0.079476975
0.0,0.024083927
0.0,1.8254813e-07
0.0,9.831161e-07
0.0,3.367782e-08
0.0,0.010144382
0.0,2.2516224e-08
0.0,0.16471449
0.0,3.167256e-09
0.0,9.278884e-06
0.0,3.997321e-06
0.0,0.06466638
1.0,0.16985852
0.0,1.5234484e-08
0.0,1.4355857e-10
0.0,1.0185204e-07
0.0,0.25076148
0.0,0.0882734
0.0,5.6144703e-08
0.0,0.17711781
0.0,3.2459518e-11
0.0,0.011013048
0.0,3.0316613e-13
0.0,3.4875366e-10
0.0,0.09777473
0.0,2.1904518e-14
1.0,1.0
0.0,0.21870251
0.0,0.05629093
0.0,1.9087326e-13
0.0,1.5527575e-09
0.0,0.022201624
0.0,0.008779402
0.0,4.315657e-05
1.0,0.10013793
0.0,2.5815328e-07
0.0,8.358702e-10
0.0,7.0590824e-15
0.0,0.26116544
0.0,0.0391369
0.0,3.6152055e-06
0.0,0.0002846845
0.0,0.07832514
0.0,1.6762312e-08
0.0,0.029300366
0.0,0.10840039
0.0,1.8288798e-05
0.0,0.02070491
0.0,0.15506351
0.0,1.2729764e-11
0.0,7.992245e-05
1.0,1.0
0.0,1.9391253e-19
0.0,1.3538925e-12
0.0,0.010182351
0.0,0.10621331
0.0,0.2062673
0.0,0.098800875
0.0,2.4939768e-09
0.0,4.182254e-05
0.0,1.2270327e-06
1.0,0.9966844
0.0,0.011170589
0.0,2.2934444e-06
0.0,9.213028e-06
1.0,1.0
0.0,0.013550486
0.0,1.1656933e-08
0.0,4.081551e-07
0.0,0.11050519
0.0,0.053673815
0.0,1.4861966e-17
0.0,2.0329305e-06
0.0,0.12479024
0.0,9.270487e-10
1.0,0.35059947
1.0,0.10994149
0.0,0.09364805
1.0,0.98746437
0.0,1.0926819e-06
1.0,0.4023017
0.0,1.348832e-10
0.0,0.017809985
0.0,7.237125e-13
0.0,0.0025377795
0.0,6.3515563e-06
0.0,8.862977e-06
0.0,6.215747e-07
0.0,3.1307002e-06
0.0,1.0707974e-07
0.0,0.20881858
0.0,0.056590196
0.0,5.186492e-14
0.0,0.02493746
0.0,2.3629034e-09
0.0,2.8088319e-14
0.0,0.0638041
0.0,0.07827052
0.0,4.1270287e-05
0.0,9.44498e-06
0.0,1.7958578e-16
0.0,0.10073398
0.0,4.476355e-09
0.0,1.9904368e-08
0.0,3.283467e-07
0.0,0.023419654
0.0,1.7736114e-05
0.0,5.1558037e-12
0.0,0.12328084
0.0,1.1784201e-06
0.0,6.407188e-10
0.0,5.3361847e-15
0.0,6.377698e-06
0.0,0.113724396
0.0,6.07494e-06
0.0,0.003116787
0.0,1.505703e-15
1.0,1.0
0.0,0.086768106
0.0,0.00019001357
0.0,0.026089441
0.0,0.028236717
0.0,1.1709133e-06
0.0,1.3470478e-10
0.0,2.5035968e-06
0.0,0.0050792885
0.0,1.5816379e-16
0.0,0.03155125
0.0,1.11596235e-17
0.0,2.161663e-15
1.0,1.0
0.0,0.024723811
0.0,0.017885588
0.0,1.3544939e-09
0.0,0.00012527837
0.0,0.018010467
0.0,9.3579776e-11
0.0,0.1772443
0.0,7.762288e-13
0.0,2.70404e-15
0.0,5.290676e-07
0.0,0.029785447
0.0,0.059993275
1.0,1.0
0.0,0.057077274
0.0,0.0005707187
0.0,5.6346948e-11
0.0,9.6783e-07
0.0,2.631487e-10
0.0,2.507088e-07
0.0,2.5433164e-07
1.0,0.57385254
0.0,0.038747486
0.0,1.1373176e-13
1.0,0.999371
0.0,1.3395709e-06
0.0,1.000149e-14
0.0,0.03335546
0.0,0.015558278
0.0,0.1444194
0.0,0.012711679
0.0,0.30842647
0.0,0.057092223
0.0,1.167589e-13
0.0,0.0023180568
1.0,1.0
0.0,0.030477138
1.0,1.0
0.0,0.045926865
0.0,1.3306815e-10
0.0,1.0028306e-06
0.0,0.14823201
0.0,8.37263e-07
0.0,0.022224406
0.0,6.0419664e-10
0.0,0.009904321
0.0,0.07080696
0.0,1.1029943e-18
0.0,1.4468755e-10
0.0,0.00071552064
0.0,0.017028362
1.0,1.0
0.0,0.028002873
0.0,4.1785884e-07
0.0,6.9863545e-06
0.0,0.012306232
0.0,0.013890513
0.0,5.173542e-05
0.0,4.7461901e-07
0.0,0.02952733
0.0,8.3968835e-08
0.0,1.8714822e-17
0.0,0.10901038
0.0,9.112616e-07
0.0,6.7770675e-13
0.0,2.6890248e-09
0.0,0.021292178
0.0,7.2445584e-07
0.0,0.00011550381
0.0,0.064724416
0.0,1.8591758e-06
0.0,2.7650638e-05
1.0,1.0
0.0,0.010241222
0.0,4.1106573e-20
0.0,1.1590652e-14
0.0,4.3954626e-07
0.0,0.01954136
0.0,0.06409205
0.0,9.0643044e-07
0.0,4.8172055e-10
1.0,0.2167504
0.0,0.041551996
0.0,3.9866745e-11
0.0,0.019253263
0.0,0.031197773
0.0,1.6683816e-05
0.0,9.534142e-11
0.0,4.8756766e-07
0.0,8.7913793e-10
0.0,0.00024076842
0.0,7.93507e-07
0.0,0.119794264
0.0,0.0731484
0.0,0.007853722
0.0,5.1187227e-10
0.0,3.3387027e-05
0.0,1.7495051e-06
0.0,3.180461e-07
0.0,3.3270712e-06
0.0,2.0509814e-09
0.0,0.1026417
0.0,0.08709118
0.0,0.010545471
0.0,0.02795373
0.0,1.2016881e-15
0.0,1.7017923e-07
0.0,0.011468254
1.0,0.11357175
0.0,0.02680109
0.0,9.854299e-07
0.0,0.5916663
0.0,1.183364e-16
0.0,0.024241911
0.0,0.01824294
0.0,0.040190317
0.0,3.313461e-13
0.0,3.8567616e-20
0.0,0.014046016
0.0,5.715086e-18
0.0,5.1933506e-07
0.0,0.0022209503
0.0,0.010665165
0.0,0.23165005
0.0,3.9834656e-08
0.0,0.0038819795
0.0,0.0036512706
0.0,0.00016368882
0.0,3.8732405e-06
0.0,1.2434571e-15
0.0,2.7576597e-09
0.0,1.028184e-14
0.0,0.2664749
0.0,0.008122039
0.0,3.6021552e-06
0.0,3.2736573e-06
0.0,9.222488e-05
0.0,8.400236e-11
0.0,0.083735414
0.0,6.6035836e-06
0.0,1.1431715e-07
0.0,1.8298262e-08
1.0,0.20240559
0.0,1.9789672e-06
0.0,0.010705359
0.0,0.056970213
0.0,0.017152736
0.0,9.008024e-06
0.0,3.8691977e-10
0.0,0.021271048
0.0,1.1501569e-05
0.0,4.5425513e-06
0.0,7.121294e-10
1.0,1.0
0.0,6.889165e-16
1.0,1.0
0.0,1.8705384e-07
0.0,9.193717e-06
0.0,5.6229665e-09
0.0,0.00026190124
0.0,0.0016180244
0.0,2.027729e-08
0.0,6.0048416e-07
0.0,0.09248872
0.0,6.868386e-06
1.0,1.0
0.0,1.9149522e-15
0.0,4.6715786e-06
0.0,1.7311639e-06
0.0,9.824911e-07
0.0,0.0001800338
1.0,0.4361732
0.0,0.056727193
0.0,0.08214185
0.0,4.4850532e-07
0.0,0.0037011607
0.0,2.0914965e-13
0.0,3.1558262e-05
0.0,0.0018055828
0.0,0.14296563
0.0,0.011926752
0.0,0.0014711678
0.0,0.28474957
0.0,0.012399388
0.0,0.0018181729
0.0,0.030054573
0.0,0.3248644
0.0,1.5120322e-14
0.0,0.0066704834
0.0,3.1572608e-14
0.0,2.434171e-08
0.0,0.06979298
0.0,0.14678462
1.0,0.51901174
0.0,5.773046e-09
0.0,0.04835516
0.0,0.0017879372
0.0,4.1207204e-05
0.0,1.0543591e-14
0.0,0.17094344
0.0,4.791766e-07
0.0,2.322842e-05
0.0,0.045119185
0.0,5.914919e-10
1.0,1.0
0.0,0.0011185749
0.0,1.9085841e-16
0.0,0.06167493
0.0,8.062207e-18
0.0,0.020131297
0.0,1.3380525e-13
0.0,4.1285202e-05
0.0,0.012134237
0.0,6.6770454e-08
0.0,0.024169177
0.0,0.07307954
0.0,4.842149e-14
1.0,0.2285205
0.0,2.536807e-05
0.0,0.08179758
0.0,4.029558e-05
1.0,1.0
0.0,3.715493e-06
0.0,3.8030903e-05
0.0,2.8589098e-10
0.0,2.9330948e-05
0.0,0.03949938
0.0,1.3447392e-06
0.0,0.141541
0.0,5.6471738e-08
0.0,1.6845592e-10
0.0,2.5691775e-12
0.0,1.5738938e-10
0.0,5.9632202e-06
1.0,1.0
0.0,1.6699388e-06
0.0,0.03385268
0.0,1.3970499e-05
0.0,0.18063743
0.0,0.17695308
0.0,0.012497869
0.0,1.4625236e-07
0.0,0.15682656
0.0,1.0996105e-06
0.0,9.051359e-12
0.0,1.4373027e-11
1.0,1.0
0.0,5.6837463e-05
0.0,8.7792023e-07
0.0,0.035246454
